gallery_number,gallery_name,department,floor,summary,latitude,longitude,is_closed,lm_id
1,Romanesque Hall ,,1,Gallery 1,40.865016753,-73.931823128,False,11ce9c90237a0cb74d5ae792b4240451
1,Romanesque Hall ,,1,Gallery 1,40.865016753,-73.931823128,False,11ce9c90237a0cb74d5ae792b4240451
1,Romanesque Hall ,,1,Gallery 1,40.865016753,-73.931823128,False,11ce9c90237a0cb74d5ae792b4240451
1,Romanesque Hall ,,1,Gallery 1,40.865016753,-73.931823128,False,11ce9c90237a0cb74d5ae792b4240451
1,Romanesque Hall ,,1,Gallery 1,40.865016753,-73.931823128,False,11ce9c90237a0cb74d5ae792b4240451
1,Romanesque Hall ,,1,Gallery 1,40.865016753,-73.931823128,False,11ce9c90237a0cb74d5ae792b4240451
1,Romanesque Hall ,,1,Gallery 1,40.865016753,-73.931823128,False,11ce9c90237a0cb74d5ae792b4240451
2,Fuentidueña Chapel,,1,Gallery 2,40.865134132,-73.931695125,False,dcc8bc5d66022647050a7107ae36c015
2,Fuentidueña Chapel,,1,Gallery 2,40.865134132,-73.931695125,False,dcc8bc5d66022647050a7107ae36c015
2,Fuentidueña Chapel,,1,Gallery 2,40.865134132,-73.931695125,False,dcc8bc5d66022647050a7107ae36c015
2,Fuentidueña Chapel,,1,Gallery 2,40.865134132,-73.931695125,False,dcc8bc5d66022647050a7107ae36c015
2,Fuentidueña Chapel,,1,Gallery 2,40.865134132,-73.931695125,False,dcc8bc5d66022647050a7107ae36c015
2,Fuentidueña Chapel,,1,Gallery 2,40.865134132,-73.931695125,False,dcc8bc5d66022647050a7107ae36c015
2,Fuentidueña Chapel,,1,Gallery 2,40.865134132,-73.931695125,False,dcc8bc5d66022647050a7107ae36c015
3,Saint-Guilhem Cloister (The Cloisters),,1,Gallery 3,40.865137904,-73.931762367,False,ed87a6201213a2fe8b11ad8dc23a5030
3,Saint-Guilhem Cloister (The Cloisters),,1,Gallery 3,40.865137904,-73.931762367,False,ed87a6201213a2fe8b11ad8dc23a5030
3,Saint-Guilhem Cloister (The Cloisters),,1,Gallery 3,40.865137904,-73.931762367,False,ed87a6201213a2fe8b11ad8dc23a5030
3,Saint-Guilhem Cloister (The Cloisters),,1,Gallery 3,40.865137904,-73.931762367,False,ed87a6201213a2fe8b11ad8dc23a5030
3,Saint-Guilhem Cloister (The Cloisters),,1,Gallery 3,40.865137904,-73.931762367,False,ed87a6201213a2fe8b11ad8dc23a5030
3,Saint-Guilhem Cloister (The Cloisters),,1,Gallery 3,40.865137904,-73.931762367,False,ed87a6201213a2fe8b11ad8dc23a5030
3,Saint-Guilhem Cloister (The Cloisters),,1,Gallery 3,40.865137904,-73.931762367,False,ed87a6201213a2fe8b11ad8dc23a5030
4,Langon Chapel (The Cloisters),,1,Gallery 4,40.865071046,-73.932017361,False,fd0c8830c6c5c50dfd6fdfad9494dbb6
4,Langon Chapel (The Cloisters),,1,Gallery 4,40.865071046,-73.932017361,False,fd0c8830c6c5c50dfd6fdfad9494dbb6
4,Langon Chapel (The Cloisters),,1,Gallery 4,40.865071046,-73.932017361,False,fd0c8830c6c5c50dfd6fdfad9494dbb6
4,Langon Chapel (The Cloisters),,1,Gallery 4,40.865071046,-73.932017361,False,fd0c8830c6c5c50dfd6fdfad9494dbb6
4,Langon Chapel (The Cloisters),,1,Gallery 4,40.865071046,-73.932017361,False,fd0c8830c6c5c50dfd6fdfad9494dbb6
4,Langon Chapel (The Cloisters),,1,Gallery 4,40.865071046,-73.932017361,False,fd0c8830c6c5c50dfd6fdfad9494dbb6
4,Langon Chapel (The Cloisters),,1,Gallery 4,40.865071046,-73.932017361,False,fd0c8830c6c5c50dfd6fdfad9494dbb6
6,Pontaut Chapter House (The Cloisters),,1,Gallery 6,40.864965819,-73.932048409,False,41bb41636ac9806ad303d2c37edf5696
6,Pontaut Chapter House (The Cloisters),,1,Gallery 6,40.864965819,-73.932048409,False,41bb41636ac9806ad303d2c37edf5696
6,Pontaut Chapter House (The Cloisters),,1,Gallery 6,40.864965819,-73.932048409,False,41bb41636ac9806ad303d2c37edf5696
6,Pontaut Chapter House (The Cloisters),,1,Gallery 6,40.864965819,-73.932048409,False,41bb41636ac9806ad303d2c37edf5696
6,Pontaut Chapter House (The Cloisters),,1,Gallery 6,40.864965819,-73.932048409,False,41bb41636ac9806ad303d2c37edf5696
6,Pontaut Chapter House (The Cloisters),,1,Gallery 6,40.864965819,-73.932048409,False,41bb41636ac9806ad303d2c37edf5696
6,Pontaut Chapter House (The Cloisters),,1,Gallery 6,40.864965819,-73.932048409,False,41bb41636ac9806ad303d2c37edf5696
7,Cuxa Cloister (The Cloisters),,1,Gallery 7,40.864857994,-73.932025477,False,a71856a9b80c37fd89a0aa30daaff40f
7,Cuxa Cloister (The Cloisters),,1,Gallery 7,40.864857994,-73.932025477,False,a71856a9b80c37fd89a0aa30daaff40f
7,Cuxa Cloister (The Cloisters),,1,Gallery 7,40.864857994,-73.932025477,False,a71856a9b80c37fd89a0aa30daaff40f
7,Cuxa Cloister (The Cloisters),,1,Gallery 7,40.864857994,-73.932025477,False,a71856a9b80c37fd89a0aa30daaff40f
7,Cuxa Cloister (The Cloisters),,1,Gallery 7,40.864857994,-73.932025477,False,a71856a9b80c37fd89a0aa30daaff40f
7,Cuxa Cloister (The Cloisters),,1,Gallery 7,40.864857994,-73.932025477,False,a71856a9b80c37fd89a0aa30daaff40f
7,Cuxa Cloister (The Cloisters),,1,Gallery 7,40.864857994,-73.932025477,False,a71856a9b80c37fd89a0aa30daaff40f
8,Early Gothic Hall (The Cloisters),,1,Gallery 8,40.864851967,-73.932101909,False,2ecd3b9724732c815d59eb49d0ab798b
8,Early Gothic Hall (The Cloisters),,1,Gallery 8,40.864851967,-73.932101909,False,2ecd3b9724732c815d59eb49d0ab798b
8,Early Gothic Hall (The Cloisters),,1,Gallery 8,40.864851967,-73.932101909,False,2ecd3b9724732c815d59eb49d0ab798b
8,Early Gothic Hall (The Cloisters),,1,Gallery 8,40.864851967,-73.932101909,False,2ecd3b9724732c815d59eb49d0ab798b
8,Early Gothic Hall (The Cloisters),,1,Gallery 8,40.864851967,-73.932101909,False,2ecd3b9724732c815d59eb49d0ab798b
8,Early Gothic Hall (The Cloisters),,1,Gallery 8,40.864851967,-73.932101909,False,2ecd3b9724732c815d59eb49d0ab798b
8,Early Gothic Hall (The Cloisters),,1,Gallery 8,40.864851967,-73.932101909,False,2ecd3b9724732c815d59eb49d0ab798b
9,Gothic Chapel (The Cloisters),,G,Gallery 9,40.864718082,-73.932168068,False,ba5aa1e2aa3aab70b74cc0cb2dd41c0a
9,Gothic Chapel (The Cloisters),,G,Gallery 9,40.864718082,-73.932168068,False,ba5aa1e2aa3aab70b74cc0cb2dd41c0a
9,Gothic Chapel (The Cloisters),,G,Gallery 9,40.864718082,-73.932168068,False,ba5aa1e2aa3aab70b74cc0cb2dd41c0a
9,Gothic Chapel (The Cloisters),,G,Gallery 9,40.864718082,-73.932168068,False,ba5aa1e2aa3aab70b74cc0cb2dd41c0a
9,Gothic Chapel (The Cloisters),,G,Gallery 9,40.864718082,-73.932168068,False,ba5aa1e2aa3aab70b74cc0cb2dd41c0a
9,Gothic Chapel (The Cloisters),,G,Gallery 9,40.864718082,-73.932168068,False,ba5aa1e2aa3aab70b74cc0cb2dd41c0a
9,Gothic Chapel (The Cloisters),,G,Gallery 9,40.864718082,-73.932168068,False,ba5aa1e2aa3aab70b74cc0cb2dd41c0a
10,Glass Gallery (The Cloisters),,G,Gallery 10,40.864710233,-73.931957064,False,db127bf56e9fdc0f312f978b0b206448
10,Glass Gallery (The Cloisters),,G,Gallery 10,40.864710233,-73.931957064,False,db127bf56e9fdc0f312f978b0b206448
10,Glass Gallery (The Cloisters),,G,Gallery 10,40.864710233,-73.931957064,False,db127bf56e9fdc0f312f978b0b206448
10,Glass Gallery (The Cloisters),,G,Gallery 10,40.864710233,-73.931957064,False,db127bf56e9fdc0f312f978b0b206448
10,Glass Gallery (The Cloisters),,G,Gallery 10,40.864710233,-73.931957064,False,db127bf56e9fdc0f312f978b0b206448
10,Glass Gallery (The Cloisters),,G,Gallery 10,40.864710233,-73.931957064,False,db127bf56e9fdc0f312f978b0b206448
10,Glass Gallery (The Cloisters),,G,Gallery 10,40.864710233,-73.931957064,False,db127bf56e9fdc0f312f978b0b206448
11,Gallery 011,,G,Gallery 11,40.86458638,-73.932061597,False,458413f3522d754599cd22605f53a531
11,Gallery 011,,G,Gallery 11,40.86458638,-73.932061597,False,458413f3522d754599cd22605f53a531
11,Gallery 011,,G,Gallery 11,40.86458638,-73.932061597,False,458413f3522d754599cd22605f53a531
11,Gallery 011,,G,Gallery 11,40.86458638,-73.932061597,False,458413f3522d754599cd22605f53a531
11,Gallery 011,,G,Gallery 11,40.86458638,-73.932061597,False,458413f3522d754599cd22605f53a531
11,Gallery 011,,G,Gallery 11,40.86458638,-73.932061597,False,458413f3522d754599cd22605f53a531
11,Gallery 011,,G,Gallery 11,40.86458638,-73.932061597,False,458413f3522d754599cd22605f53a531
12,Trie Cloister (The Cloisters),,G,Gallery 12,40.86454021,-73.931836895,False,afbd467215a725d5f1a3d2cab3b54791
12,Trie Cloister (The Cloisters),,G,Gallery 12,40.86454021,-73.931836895,False,afbd467215a725d5f1a3d2cab3b54791
12,Trie Cloister (The Cloisters),,G,Gallery 12,40.86454021,-73.931836895,False,afbd467215a725d5f1a3d2cab3b54791
12,Trie Cloister (The Cloisters),,G,Gallery 12,40.86454021,-73.931836895,False,afbd467215a725d5f1a3d2cab3b54791
12,Trie Cloister (The Cloisters),,G,Gallery 12,40.86454021,-73.931836895,False,afbd467215a725d5f1a3d2cab3b54791
12,Trie Cloister (The Cloisters),,G,Gallery 12,40.86454021,-73.931836895,False,afbd467215a725d5f1a3d2cab3b54791
12,Trie Cloister (The Cloisters),,G,Gallery 12,40.86454021,-73.931836895,False,afbd467215a725d5f1a3d2cab3b54791
13,Treasury (The Cloisters),,G,Gallery 13,40.864637995,-73.931697916,False,3c5acb4af521ff9e91aaf63f4a584914
13,Treasury (The Cloisters),,G,Gallery 13,40.864637995,-73.931697916,False,3c5acb4af521ff9e91aaf63f4a584914
13,Treasury (The Cloisters),,G,Gallery 13,40.864637995,-73.931697916,False,3c5acb4af521ff9e91aaf63f4a584914
13,Treasury (The Cloisters),,G,Gallery 13,40.864637995,-73.931697916,False,3c5acb4af521ff9e91aaf63f4a584914
13,Treasury (The Cloisters),,G,Gallery 13,40.864637995,-73.931697916,False,3c5acb4af521ff9e91aaf63f4a584914
13,Treasury (The Cloisters),,G,Gallery 13,40.864637995,-73.931697916,False,3c5acb4af521ff9e91aaf63f4a584914
13,Treasury (The Cloisters),,G,Gallery 13,40.864637995,-73.931697916,False,3c5acb4af521ff9e91aaf63f4a584914
14,Treasury (The Cloisters),,G,Gallery 14,40.864720034,-73.931721181,False,e259e2a4197a58a55c39b391224a5f24
14,Treasury (The Cloisters),,G,Gallery 14,40.864720034,-73.931721181,False,e259e2a4197a58a55c39b391224a5f24
14,Treasury (The Cloisters),,G,Gallery 14,40.864720034,-73.931721181,False,e259e2a4197a58a55c39b391224a5f24
14,Treasury (The Cloisters),,G,Gallery 14,40.864720034,-73.931721181,False,e259e2a4197a58a55c39b391224a5f24
14,Treasury (The Cloisters),,G,Gallery 14,40.864720034,-73.931721181,False,e259e2a4197a58a55c39b391224a5f24
14,Treasury (The Cloisters),,G,Gallery 14,40.864720034,-73.931721181,False,e259e2a4197a58a55c39b391224a5f24
14,Treasury (The Cloisters),,G,Gallery 14,40.864720034,-73.931721181,False,e259e2a4197a58a55c39b391224a5f24
16,Boppard Room (The Cloisters),,1,Gallery 16,40.864673582,-73.931780712,False,e2c4b77c27eadbfff02dfd12b71d213e
16,Boppard Room (The Cloisters),,1,Gallery 16,40.864673582,-73.931780712,False,e2c4b77c27eadbfff02dfd12b71d213e
16,Boppard Room (The Cloisters),,1,Gallery 16,40.864673582,-73.931780712,False,e2c4b77c27eadbfff02dfd12b71d213e
16,Boppard Room (The Cloisters),,1,Gallery 16,40.864673582,-73.931780712,False,e2c4b77c27eadbfff02dfd12b71d213e
16,Boppard Room (The Cloisters),,1,Gallery 16,40.864673582,-73.931780712,False,e2c4b77c27eadbfff02dfd12b71d213e
16,Boppard Room (The Cloisters),,1,Gallery 16,40.864673582,-73.931780712,False,e2c4b77c27eadbfff02dfd12b71d213e
16,Boppard Room (The Cloisters),,1,Gallery 16,40.864673582,-73.931780712,False,e2c4b77c27eadbfff02dfd12b71d213e
17,Unicorn Tapestries Room (The Cloisters),,1,Gallery 17,40.864698651,-73.931915524,False,6a0b28a64c3708701d5912b544c78a2a
17,Unicorn Tapestries Room (The Cloisters),,1,Gallery 17,40.864698651,-73.931915524,False,6a0b28a64c3708701d5912b544c78a2a
17,Unicorn Tapestries Room (The Cloisters),,1,Gallery 17,40.864698651,-73.931915524,False,6a0b28a64c3708701d5912b544c78a2a
17,Unicorn Tapestries Room (The Cloisters),,1,Gallery 17,40.864698651,-73.931915524,False,6a0b28a64c3708701d5912b544c78a2a
17,Unicorn Tapestries Room (The Cloisters),,1,Gallery 17,40.864698651,-73.931915524,False,6a0b28a64c3708701d5912b544c78a2a
17,Unicorn Tapestries Room (The Cloisters),,1,Gallery 17,40.864698651,-73.931915524,False,6a0b28a64c3708701d5912b544c78a2a
17,Unicorn Tapestries Room (The Cloisters),,1,Gallery 17,40.864698651,-73.931915524,False,6a0b28a64c3708701d5912b544c78a2a
18,Nine Heroes Tapestries Room (The Cloisters),,1,Gallery 18,40.864737167,-73.932053713,False,09c734ea0cead85bc0c8cc7a7dec4259
18,Nine Heroes Tapestries Room (The Cloisters),,1,Gallery 18,40.864737167,-73.932053713,False,09c734ea0cead85bc0c8cc7a7dec4259
18,Nine Heroes Tapestries Room (The Cloisters),,1,Gallery 18,40.864737167,-73.932053713,False,09c734ea0cead85bc0c8cc7a7dec4259
18,Nine Heroes Tapestries Room (The Cloisters),,1,Gallery 18,40.864737167,-73.932053713,False,09c734ea0cead85bc0c8cc7a7dec4259
18,Nine Heroes Tapestries Room (The Cloisters),,1,Gallery 18,40.864737167,-73.932053713,False,09c734ea0cead85bc0c8cc7a7dec4259
18,Nine Heroes Tapestries Room (The Cloisters),,1,Gallery 18,40.864737167,-73.932053713,False,09c734ea0cead85bc0c8cc7a7dec4259
18,Nine Heroes Tapestries Room (The Cloisters),,1,Gallery 18,40.864737167,-73.932053713,False,09c734ea0cead85bc0c8cc7a7dec4259
19,Merode Room (The Cloisters),,1,Gallery 19,40.864715454,-73.931684697,False,07725c37ed8ba6e1ff2df098946656ec
19,Merode Room (The Cloisters),,1,Gallery 19,40.864715454,-73.931684697,False,07725c37ed8ba6e1ff2df098946656ec
19,Merode Room (The Cloisters),,1,Gallery 19,40.864715454,-73.931684697,False,07725c37ed8ba6e1ff2df098946656ec
19,Merode Room (The Cloisters),,1,Gallery 19,40.864715454,-73.931684697,False,07725c37ed8ba6e1ff2df098946656ec
19,Merode Room (The Cloisters),,1,Gallery 19,40.864715454,-73.931684697,False,07725c37ed8ba6e1ff2df098946656ec
19,Merode Room (The Cloisters),,1,Gallery 19,40.864715454,-73.931684697,False,07725c37ed8ba6e1ff2df098946656ec
19,Merode Room (The Cloisters),,1,Gallery 19,40.864715454,-73.931684697,False,07725c37ed8ba6e1ff2df098946656ec
20,Late Gothic Hall (The Cloisters),,1,Gallery 20,40.86484146,-73.931687993,False,362c0feb065e16dadb6b1f2c58ebb0c1
20,Late Gothic Hall (The Cloisters),,1,Gallery 20,40.86484146,-73.931687993,False,362c0feb065e16dadb6b1f2c58ebb0c1
20,Late Gothic Hall (The Cloisters),,1,Gallery 20,40.86484146,-73.931687993,False,362c0feb065e16dadb6b1f2c58ebb0c1
20,Late Gothic Hall (The Cloisters),,1,Gallery 20,40.86484146,-73.931687993,False,362c0feb065e16dadb6b1f2c58ebb0c1
20,Late Gothic Hall (The Cloisters),,1,Gallery 20,40.86484146,-73.931687993,False,362c0feb065e16dadb6b1f2c58ebb0c1
20,Late Gothic Hall (The Cloisters),,1,Gallery 20,40.86484146,-73.931687993,False,362c0feb065e16dadb6b1f2c58ebb0c1
20,Late Gothic Hall (The Cloisters),,1,Gallery 20,40.86484146,-73.931687993,False,362c0feb065e16dadb6b1f2c58ebb0c1
100,The Entrance to the Art of Ancient Egypt,Lila Acheson Wallace Galleries of Egyptian Art,1,Gallery 100,40.779530879,-73.962610951,False,9d93e8e08010fe2c95ee86b3aa04bee9
100,The Entrance to the Art of Ancient Egypt,Lila Acheson Wallace Galleries of Egyptian Art,1,Gallery 100,40.779530879,-73.962610951,False,9d93e8e08010fe2c95ee86b3aa04bee9
100,The Entrance to the Art of Ancient Egypt,Lila Acheson Wallace Galleries of Egyptian Art,1,Gallery 100,40.779530879,-73.962610951,False,9d93e8e08010fe2c95ee86b3aa04bee9
100,The Entrance to the Art of Ancient Egypt,Lila Acheson Wallace Galleries of Egyptian Art,1,Gallery 100,40.779530879,-73.962610951,False,9d93e8e08010fe2c95ee86b3aa04bee9
100,The Entrance to the Art of Ancient Egypt,Lila Acheson Wallace Galleries of Egyptian Art,1,Gallery 100,40.779530879,-73.962610951,False,9d93e8e08010fe2c95ee86b3aa04bee9
100,The Entrance to the Art of Ancient Egypt,Lila Acheson Wallace Galleries of Egyptian Art,1,Gallery 100,40.779530879,-73.962610951,False,9d93e8e08010fe2c95ee86b3aa04bee9
100,The Entrance to the Art of Ancient Egypt,Lila Acheson Wallace Galleries of Egyptian Art,1,Gallery 100,40.779530879,-73.962610951,False,9d93e8e08010fe2c95ee86b3aa04bee9
101,Predynastic and Early Dynastic Egypt ,Lila Acheson Wallace Galleries of Egyptian Art,1,Gallery 101,40.779444022,-73.962525077,False,a61a0142439ed162e70bb4d1b80cfefc
101,Predynastic and Early Dynastic Egypt ,Lila Acheson Wallace Galleries of Egyptian Art,1,Gallery 101,40.779444022,-73.962525077,False,a61a0142439ed162e70bb4d1b80cfefc
101,Predynastic and Early Dynastic Egypt ,Lila Acheson Wallace Galleries of Egyptian Art,1,Gallery 101,40.779444022,-73.962525077,False,a61a0142439ed162e70bb4d1b80cfefc
101,Predynastic and Early Dynastic Egypt ,Lila Acheson Wallace Galleries of Egyptian Art,1,Gallery 101,40.779444022,-73.962525077,False,a61a0142439ed162e70bb4d1b80cfefc
101,Predynastic and Early Dynastic Egypt ,Lila Acheson Wallace Galleries of Egyptian Art,1,Gallery 101,40.779444022,-73.962525077,False,a61a0142439ed162e70bb4d1b80cfefc
101,Predynastic and Early Dynastic Egypt ,Lila Acheson Wallace Galleries of Egyptian Art,1,Gallery 101,40.779444022,-73.962525077,False,a61a0142439ed162e70bb4d1b80cfefc
101,Predynastic and Early Dynastic Egypt ,Lila Acheson Wallace Galleries of Egyptian Art,1,Gallery 101,40.779444022,-73.962525077,False,a61a0142439ed162e70bb4d1b80cfefc
102,Tomb Chapel (mastaba) of Raemkai ,Lila Acheson Wallace Galleries of Egyptian Art,1,Gallery 102,40.779552838,-73.962535606,False,58e0bf96afe3c74aaa37017e0715f150
102,Tomb Chapel (mastaba) of Raemkai ,Lila Acheson Wallace Galleries of Egyptian Art,1,Gallery 102,40.779552838,-73.962535606,False,58e0bf96afe3c74aaa37017e0715f150
102,Tomb Chapel (mastaba) of Raemkai ,Lila Acheson Wallace Galleries of Egyptian Art,1,Gallery 102,40.779552838,-73.962535606,False,58e0bf96afe3c74aaa37017e0715f150
102,Tomb Chapel (mastaba) of Raemkai ,Lila Acheson Wallace Galleries of Egyptian Art,1,Gallery 102,40.779552838,-73.962535606,False,58e0bf96afe3c74aaa37017e0715f150
102,Tomb Chapel (mastaba) of Raemkai ,Lila Acheson Wallace Galleries of Egyptian Art,1,Gallery 102,40.779552838,-73.962535606,False,58e0bf96afe3c74aaa37017e0715f150
102,Tomb Chapel (mastaba) of Raemkai ,Lila Acheson Wallace Galleries of Egyptian Art,1,Gallery 102,40.779552838,-73.962535606,False,58e0bf96afe3c74aaa37017e0715f150
102,Tomb Chapel (mastaba) of Raemkai ,Lila Acheson Wallace Galleries of Egyptian Art,1,Gallery 102,40.779552838,-73.962535606,False,58e0bf96afe3c74aaa37017e0715f150
103,The Old Kingdom,Lila Acheson Wallace Galleries of Egyptian Art,1,Gallery 103,40.779673018,-73.962358092,False,35de8a16e0cdbffce921f8497c99486a
103,The Old Kingdom,Lila Acheson Wallace Galleries of Egyptian Art,1,Gallery 103,40.779673018,-73.962358092,False,35de8a16e0cdbffce921f8497c99486a
103,The Old Kingdom,Lila Acheson Wallace Galleries of Egyptian Art,1,Gallery 103,40.779673018,-73.962358092,False,35de8a16e0cdbffce921f8497c99486a
103,The Old Kingdom,Lila Acheson Wallace Galleries of Egyptian Art,1,Gallery 103,40.779673018,-73.962358092,False,35de8a16e0cdbffce921f8497c99486a
103,The Old Kingdom,Lila Acheson Wallace Galleries of Egyptian Art,1,Gallery 103,40.779673018,-73.962358092,False,35de8a16e0cdbffce921f8497c99486a
103,The Old Kingdom,Lila Acheson Wallace Galleries of Egyptian Art,1,Gallery 103,40.779673018,-73.962358092,False,35de8a16e0cdbffce921f8497c99486a
103,The Old Kingdom,Lila Acheson Wallace Galleries of Egyptian Art,1,Gallery 103,40.779673018,-73.962358092,False,35de8a16e0cdbffce921f8497c99486a
104,The Beginning of the Middle Kingdom,Lila Acheson Wallace Galleries of Egyptian Art,1,Gallery 104,40.779870921,-73.96221378,False,36be31b9a684f9d2ee5182aec85489a3
104,The Beginning of the Middle Kingdom,Lila Acheson Wallace Galleries of Egyptian Art,1,Gallery 104,40.779870921,-73.96221378,False,36be31b9a684f9d2ee5182aec85489a3
104,The Beginning of the Middle Kingdom,Lila Acheson Wallace Galleries of Egyptian Art,1,Gallery 104,40.779870921,-73.96221378,False,36be31b9a684f9d2ee5182aec85489a3
104,The Beginning of the Middle Kingdom,Lila Acheson Wallace Galleries of Egyptian Art,1,Gallery 104,40.779870921,-73.96221378,False,36be31b9a684f9d2ee5182aec85489a3
104,The Beginning of the Middle Kingdom,Lila Acheson Wallace Galleries of Egyptian Art,1,Gallery 104,40.779870921,-73.96221378,False,36be31b9a684f9d2ee5182aec85489a3
104,The Beginning of the Middle Kingdom,Lila Acheson Wallace Galleries of Egyptian Art,1,Gallery 104,40.779870921,-73.96221378,False,36be31b9a684f9d2ee5182aec85489a3
104,The Beginning of the Middle Kingdom,Lila Acheson Wallace Galleries of Egyptian Art,1,Gallery 104,40.779870921,-73.96221378,False,36be31b9a684f9d2ee5182aec85489a3
105,The Tomb of Meketre,Lila Acheson Wallace Galleries of Egyptian Art,1,Gallery 105,40.779919675,-73.96204547,False,47bcc74e951a2fec6ee23a9113a2d890
105,The Tomb of Meketre,Lila Acheson Wallace Galleries of Egyptian Art,1,Gallery 105,40.779919675,-73.96204547,False,47bcc74e951a2fec6ee23a9113a2d890
105,The Tomb of Meketre,Lila Acheson Wallace Galleries of Egyptian Art,1,Gallery 105,40.779919675,-73.96204547,False,47bcc74e951a2fec6ee23a9113a2d890
105,The Tomb of Meketre,Lila Acheson Wallace Galleries of Egyptian Art,1,Gallery 105,40.779919675,-73.96204547,False,47bcc74e951a2fec6ee23a9113a2d890
105,The Tomb of Meketre,Lila Acheson Wallace Galleries of Egyptian Art,1,Gallery 105,40.779919675,-73.96204547,False,47bcc74e951a2fec6ee23a9113a2d890
105,The Tomb of Meketre,Lila Acheson Wallace Galleries of Egyptian Art,1,Gallery 105,40.779919675,-73.96204547,False,47bcc74e951a2fec6ee23a9113a2d890
105,The Tomb of Meketre,Lila Acheson Wallace Galleries of Egyptian Art,1,Gallery 105,40.779919675,-73.96204547,False,47bcc74e951a2fec6ee23a9113a2d890
106,The Early Middle Kingdom Study Room,Lila Acheson Wallace Galleries of Egyptian Art,1,Gallery 106,40.77981525,-73.962082173,False,053b46bbc1c3c894be746a3fad1dfa4d
106,The Early Middle Kingdom Study Room,Lila Acheson Wallace Galleries of Egyptian Art,1,Gallery 106,40.77981525,-73.962082173,False,053b46bbc1c3c894be746a3fad1dfa4d
106,The Early Middle Kingdom Study Room,Lila Acheson Wallace Galleries of Egyptian Art,1,Gallery 106,40.77981525,-73.962082173,False,053b46bbc1c3c894be746a3fad1dfa4d
106,The Early Middle Kingdom Study Room,Lila Acheson Wallace Galleries of Egyptian Art,1,Gallery 106,40.77981525,-73.962082173,False,053b46bbc1c3c894be746a3fad1dfa4d
106,The Early Middle Kingdom Study Room,Lila Acheson Wallace Galleries of Egyptian Art,1,Gallery 106,40.77981525,-73.962082173,False,053b46bbc1c3c894be746a3fad1dfa4d
106,The Early Middle Kingdom Study Room,Lila Acheson Wallace Galleries of Egyptian Art,1,Gallery 106,40.77981525,-73.962082173,False,053b46bbc1c3c894be746a3fad1dfa4d
106,The Early Middle Kingdom Study Room,Lila Acheson Wallace Galleries of Egyptian Art,1,Gallery 106,40.77981525,-73.962082173,False,053b46bbc1c3c894be746a3fad1dfa4d
107,The Early Middle Kingdom Gallery,Lila Acheson Wallace Galleries of Egyptian Art,1,Gallery 107,40.779962835,-73.962146752,False,31d523b117f9bd605fa6dda9c52d85cb
107,The Early Middle Kingdom Gallery,Lila Acheson Wallace Galleries of Egyptian Art,1,Gallery 107,40.779962835,-73.962146752,False,31d523b117f9bd605fa6dda9c52d85cb
107,The Early Middle Kingdom Gallery,Lila Acheson Wallace Galleries of Egyptian Art,1,Gallery 107,40.779962835,-73.962146752,False,31d523b117f9bd605fa6dda9c52d85cb
107,The Early Middle Kingdom Gallery,Lila Acheson Wallace Galleries of Egyptian Art,1,Gallery 107,40.779962835,-73.962146752,False,31d523b117f9bd605fa6dda9c52d85cb
107,The Early Middle Kingdom Gallery,Lila Acheson Wallace Galleries of Egyptian Art,1,Gallery 107,40.779962835,-73.962146752,False,31d523b117f9bd605fa6dda9c52d85cb
107,The Early Middle Kingdom Gallery,Lila Acheson Wallace Galleries of Egyptian Art,1,Gallery 107,40.779962835,-73.962146752,False,31d523b117f9bd605fa6dda9c52d85cb
107,The Early Middle Kingdom Gallery,Lila Acheson Wallace Galleries of Egyptian Art,1,Gallery 107,40.779962835,-73.962146752,False,31d523b117f9bd605fa6dda9c52d85cb
108,From the Pyramid Complex of King Amenemhat I at Lisht North,Lila Acheson Wallace Galleries of Egyptian Art,1,Gallery 108,40.780024653,-73.962101673,False,0e4e0b93e714a53b9923c959fde01d7b
108,From the Pyramid Complex of King Amenemhat I at Lisht North,Lila Acheson Wallace Galleries of Egyptian Art,1,Gallery 108,40.780024653,-73.962101673,False,0e4e0b93e714a53b9923c959fde01d7b
108,From the Pyramid Complex of King Amenemhat I at Lisht North,Lila Acheson Wallace Galleries of Egyptian Art,1,Gallery 108,40.780024653,-73.962101673,False,0e4e0b93e714a53b9923c959fde01d7b
108,From the Pyramid Complex of King Amenemhat I at Lisht North,Lila Acheson Wallace Galleries of Egyptian Art,1,Gallery 108,40.780024653,-73.962101673,False,0e4e0b93e714a53b9923c959fde01d7b
108,From the Pyramid Complex of King Amenemhat I at Lisht North,Lila Acheson Wallace Galleries of Egyptian Art,1,Gallery 108,40.780024653,-73.962101673,False,0e4e0b93e714a53b9923c959fde01d7b
108,From the Pyramid Complex of King Amenemhat I at Lisht North,Lila Acheson Wallace Galleries of Egyptian Art,1,Gallery 108,40.780024653,-73.962101673,False,0e4e0b93e714a53b9923c959fde01d7b
108,From the Pyramid Complex of King Amenemhat I at Lisht North,Lila Acheson Wallace Galleries of Egyptian Art,1,Gallery 108,40.780024653,-73.962101673,False,0e4e0b93e714a53b9923c959fde01d7b
109,The Middle Kingdom Study Room,Lila Acheson Wallace Galleries of Egyptian Art,1,Gallery 109,40.780110818,-73.962112087,False,2b63f50f67041aa5fa7dc6b577feaa4c
109,The Middle Kingdom Study Room,Lila Acheson Wallace Galleries of Egyptian Art,1,Gallery 109,40.780110818,-73.962112087,False,2b63f50f67041aa5fa7dc6b577feaa4c
109,The Middle Kingdom Study Room,Lila Acheson Wallace Galleries of Egyptian Art,1,Gallery 109,40.780110818,-73.962112087,False,2b63f50f67041aa5fa7dc6b577feaa4c
109,The Middle Kingdom Study Room,Lila Acheson Wallace Galleries of Egyptian Art,1,Gallery 109,40.780110818,-73.962112087,False,2b63f50f67041aa5fa7dc6b577feaa4c
109,The Middle Kingdom Study Room,Lila Acheson Wallace Galleries of Egyptian Art,1,Gallery 109,40.780110818,-73.962112087,False,2b63f50f67041aa5fa7dc6b577feaa4c
109,The Middle Kingdom Study Room,Lila Acheson Wallace Galleries of Egyptian Art,1,Gallery 109,40.780110818,-73.962112087,False,2b63f50f67041aa5fa7dc6b577feaa4c
109,The Middle Kingdom Study Room,Lila Acheson Wallace Galleries of Egyptian Art,1,Gallery 109,40.780110818,-73.962112087,False,2b63f50f67041aa5fa7dc6b577feaa4c
110,From the Pyramid Temple of King Senwosret I at Lisht South,Lila Acheson Wallace Galleries of Egyptian Art,1,Gallery 110,40.779985176,-73.961997707,False,94f8c5093a1e5e5fa364b37726dcca93
110,From the Pyramid Temple of King Senwosret I at Lisht South,Lila Acheson Wallace Galleries of Egyptian Art,1,Gallery 110,40.779985176,-73.961997707,False,94f8c5093a1e5e5fa364b37726dcca93
110,From the Pyramid Temple of King Senwosret I at Lisht South,Lila Acheson Wallace Galleries of Egyptian Art,1,Gallery 110,40.779985176,-73.961997707,False,94f8c5093a1e5e5fa364b37726dcca93
110,From the Pyramid Temple of King Senwosret I at Lisht South,Lila Acheson Wallace Galleries of Egyptian Art,1,Gallery 110,40.779985176,-73.961997707,False,94f8c5093a1e5e5fa364b37726dcca93
110,From the Pyramid Temple of King Senwosret I at Lisht South,Lila Acheson Wallace Galleries of Egyptian Art,1,Gallery 110,40.779985176,-73.961997707,False,94f8c5093a1e5e5fa364b37726dcca93
110,From the Pyramid Temple of King Senwosret I at Lisht South,Lila Acheson Wallace Galleries of Egyptian Art,1,Gallery 110,40.779985176,-73.961997707,False,94f8c5093a1e5e5fa364b37726dcca93
110,From the Pyramid Temple of King Senwosret I at Lisht South,Lila Acheson Wallace Galleries of Egyptian Art,1,Gallery 110,40.779985176,-73.961997707,False,94f8c5093a1e5e5fa364b37726dcca93
111,The Middle Kingdom,Lila Acheson Wallace Galleries of Egyptian Art,1,Gallery 111,40.780093793,-73.9619185,False,15f06b56510b89f4015dea61bb5b1bc2
111,The Middle Kingdom,Lila Acheson Wallace Galleries of Egyptian Art,1,Gallery 111,40.780093793,-73.9619185,False,15f06b56510b89f4015dea61bb5b1bc2
111,The Middle Kingdom,Lila Acheson Wallace Galleries of Egyptian Art,1,Gallery 111,40.780093793,-73.9619185,False,15f06b56510b89f4015dea61bb5b1bc2
111,The Middle Kingdom,Lila Acheson Wallace Galleries of Egyptian Art,1,Gallery 111,40.780093793,-73.9619185,False,15f06b56510b89f4015dea61bb5b1bc2
111,The Middle Kingdom,Lila Acheson Wallace Galleries of Egyptian Art,1,Gallery 111,40.780093793,-73.9619185,False,15f06b56510b89f4015dea61bb5b1bc2
111,The Middle Kingdom,Lila Acheson Wallace Galleries of Egyptian Art,1,Gallery 111,40.780093793,-73.9619185,False,15f06b56510b89f4015dea61bb5b1bc2
111,The Middle Kingdom,Lila Acheson Wallace Galleries of Egyptian Art,1,Gallery 111,40.780093793,-73.9619185,False,15f06b56510b89f4015dea61bb5b1bc2
112,Burials from the Site of Meir,Lila Acheson Wallace Galleries of Egyptian Art,1,Gallery 112,40.780083315,-73.962058895,False,2ba7c339b656d813af353625e1e64937
112,Burials from the Site of Meir,Lila Acheson Wallace Galleries of Egyptian Art,1,Gallery 112,40.780083315,-73.962058895,False,2ba7c339b656d813af353625e1e64937
112,Burials from the Site of Meir,Lila Acheson Wallace Galleries of Egyptian Art,1,Gallery 112,40.780083315,-73.962058895,False,2ba7c339b656d813af353625e1e64937
112,Burials from the Site of Meir,Lila Acheson Wallace Galleries of Egyptian Art,1,Gallery 112,40.780083315,-73.962058895,False,2ba7c339b656d813af353625e1e64937
112,Burials from the Site of Meir,Lila Acheson Wallace Galleries of Egyptian Art,1,Gallery 112,40.780083315,-73.962058895,False,2ba7c339b656d813af353625e1e64937
112,Burials from the Site of Meir,Lila Acheson Wallace Galleries of Egyptian Art,1,Gallery 112,40.780083315,-73.962058895,False,2ba7c339b656d813af353625e1e64937
112,Burials from the Site of Meir,Lila Acheson Wallace Galleries of Egyptian Art,1,Gallery 112,40.780083315,-73.962058895,False,2ba7c339b656d813af353625e1e64937
113,Life and Death in Middle Kingdom Egypt,Lila Acheson Wallace Galleries of Egyptian Art,1,Gallery 113,40.780141014,-73.962016819,True,e3bd4ad11663e8066e0a487b7fa51375
113,Life and Death in Middle Kingdom Egypt,Lila Acheson Wallace Galleries of Egyptian Art,1,Gallery 113,40.780141014,-73.962016819,True,e3bd4ad11663e8066e0a487b7fa51375
113,Life and Death in Middle Kingdom Egypt,Lila Acheson Wallace Galleries of Egyptian Art,1,Gallery 113,40.780141014,-73.962016819,True,e3bd4ad11663e8066e0a487b7fa51375
113,Life and Death in Middle Kingdom Egypt,Lila Acheson Wallace Galleries of Egyptian Art,1,Gallery 113,40.780141014,-73.962016819,True,e3bd4ad11663e8066e0a487b7fa51375
113,Life and Death in Middle Kingdom Egypt,Lila Acheson Wallace Galleries of Egyptian Art,1,Gallery 113,40.780141014,-73.962016819,True,e3bd4ad11663e8066e0a487b7fa51375
113,Life and Death in Middle Kingdom Egypt,Lila Acheson Wallace Galleries of Egyptian Art,1,Gallery 113,40.780141014,-73.962016819,True,e3bd4ad11663e8066e0a487b7fa51375
113,Life and Death in Middle Kingdom Egypt,Lila Acheson Wallace Galleries of Egyptian Art,1,Gallery 113,40.780141014,-73.962016819,True,e3bd4ad11663e8066e0a487b7fa51375
114,Early New Kingdom Tombs from the Asasif,Lila Acheson Wallace Galleries of Egyptian Art,1,Gallery 114,40.780190255,-73.961980911,False,d4d0358beb862fd6cffb1b87b9d24900
114,Early New Kingdom Tombs from the Asasif,Lila Acheson Wallace Galleries of Egyptian Art,1,Gallery 114,40.780190255,-73.961980911,False,d4d0358beb862fd6cffb1b87b9d24900
114,Early New Kingdom Tombs from the Asasif,Lila Acheson Wallace Galleries of Egyptian Art,1,Gallery 114,40.780190255,-73.961980911,False,d4d0358beb862fd6cffb1b87b9d24900
114,Early New Kingdom Tombs from the Asasif,Lila Acheson Wallace Galleries of Egyptian Art,1,Gallery 114,40.780190255,-73.961980911,False,d4d0358beb862fd6cffb1b87b9d24900
114,Early New Kingdom Tombs from the Asasif,Lila Acheson Wallace Galleries of Egyptian Art,1,Gallery 114,40.780190255,-73.961980911,False,d4d0358beb862fd6cffb1b87b9d24900
114,Early New Kingdom Tombs from the Asasif,Lila Acheson Wallace Galleries of Egyptian Art,1,Gallery 114,40.780190255,-73.961980911,False,d4d0358beb862fd6cffb1b87b9d24900
114,Early New Kingdom Tombs from the Asasif,Lila Acheson Wallace Galleries of Egyptian Art,1,Gallery 114,40.780190255,-73.961980911,False,d4d0358beb862fd6cffb1b87b9d24900
115,Statues of the Female King Hatshepsut,Lila Acheson Wallace Galleries of Egyptian Art,1,Gallery 115,40.78022696,-73.961821389,True,d1ffc0c04aa634a960367b74fa13e6ba
115,Statues of the Female King Hatshepsut,Lila Acheson Wallace Galleries of Egyptian Art,1,Gallery 115,40.78022696,-73.961821389,True,d1ffc0c04aa634a960367b74fa13e6ba
115,Statues of the Female King Hatshepsut,Lila Acheson Wallace Galleries of Egyptian Art,1,Gallery 115,40.78022696,-73.961821389,True,d1ffc0c04aa634a960367b74fa13e6ba
115,Statues of the Female King Hatshepsut,Lila Acheson Wallace Galleries of Egyptian Art,1,Gallery 115,40.78022696,-73.961821389,True,d1ffc0c04aa634a960367b74fa13e6ba
115,Statues of the Female King Hatshepsut,Lila Acheson Wallace Galleries of Egyptian Art,1,Gallery 115,40.78022696,-73.961821389,True,d1ffc0c04aa634a960367b74fa13e6ba
115,Statues of the Female King Hatshepsut,Lila Acheson Wallace Galleries of Egyptian Art,1,Gallery 115,40.78022696,-73.961821389,True,d1ffc0c04aa634a960367b74fa13e6ba
115,Statues of the Female King Hatshepsut,Lila Acheson Wallace Galleries of Egyptian Art,1,Gallery 115,40.78022696,-73.961821389,True,d1ffc0c04aa634a960367b74fa13e6ba
116,Private Burials of Early Dynasty 18,Lila Acheson Wallace Galleries of Egyptian Art,1,Gallery 116,40.780290966,-73.961907469,True,cbe0ad80f0c2c30b6be171c3295ff502
116,Private Burials of Early Dynasty 18,Lila Acheson Wallace Galleries of Egyptian Art,1,Gallery 116,40.780290966,-73.961907469,True,cbe0ad80f0c2c30b6be171c3295ff502
116,Private Burials of Early Dynasty 18,Lila Acheson Wallace Galleries of Egyptian Art,1,Gallery 116,40.780290966,-73.961907469,True,cbe0ad80f0c2c30b6be171c3295ff502
116,Private Burials of Early Dynasty 18,Lila Acheson Wallace Galleries of Egyptian Art,1,Gallery 116,40.780290966,-73.961907469,True,cbe0ad80f0c2c30b6be171c3295ff502
116,Private Burials of Early Dynasty 18,Lila Acheson Wallace Galleries of Egyptian Art,1,Gallery 116,40.780290966,-73.961907469,True,cbe0ad80f0c2c30b6be171c3295ff502
116,Private Burials of Early Dynasty 18,Lila Acheson Wallace Galleries of Egyptian Art,1,Gallery 116,40.780290966,-73.961907469,True,cbe0ad80f0c2c30b6be171c3295ff502
116,Private Burials of Early Dynasty 18,Lila Acheson Wallace Galleries of Egyptian Art,1,Gallery 116,40.780290966,-73.961907469,True,cbe0ad80f0c2c30b6be171c3295ff502
117,The Early New Kingdom Study Room,Lila Acheson Wallace Galleries of Egyptian Art,1,Gallery 117,40.780227547,-73.961953716,True,83dc4d0dca54133349904a122ed1a479
117,The Early New Kingdom Study Room,Lila Acheson Wallace Galleries of Egyptian Art,1,Gallery 117,40.780227547,-73.961953716,True,83dc4d0dca54133349904a122ed1a479
117,The Early New Kingdom Study Room,Lila Acheson Wallace Galleries of Egyptian Art,1,Gallery 117,40.780227547,-73.961953716,True,83dc4d0dca54133349904a122ed1a479
117,The Early New Kingdom Study Room,Lila Acheson Wallace Galleries of Egyptian Art,1,Gallery 117,40.780227547,-73.961953716,True,83dc4d0dca54133349904a122ed1a479
117,The Early New Kingdom Study Room,Lila Acheson Wallace Galleries of Egyptian Art,1,Gallery 117,40.780227547,-73.961953716,True,83dc4d0dca54133349904a122ed1a479
117,The Early New Kingdom Study Room,Lila Acheson Wallace Galleries of Egyptian Art,1,Gallery 117,40.780227547,-73.961953716,True,83dc4d0dca54133349904a122ed1a479
117,The Early New Kingdom Study Room,Lila Acheson Wallace Galleries of Egyptian Art,1,Gallery 117,40.780227547,-73.961953716,True,83dc4d0dca54133349904a122ed1a479
118,The Burials of Foreign Wives of Thutmose III,Lila Acheson Wallace Galleries of Egyptian Art,1,Gallery 118,40.780335257,-73.962012575,True,4608db5ba23ca74dfbf96fab5647b696
118,The Burials of Foreign Wives of Thutmose III,Lila Acheson Wallace Galleries of Egyptian Art,1,Gallery 118,40.780335257,-73.962012575,True,4608db5ba23ca74dfbf96fab5647b696
118,The Burials of Foreign Wives of Thutmose III,Lila Acheson Wallace Galleries of Egyptian Art,1,Gallery 118,40.780335257,-73.962012575,True,4608db5ba23ca74dfbf96fab5647b696
118,The Burials of Foreign Wives of Thutmose III,Lila Acheson Wallace Galleries of Egyptian Art,1,Gallery 118,40.780335257,-73.962012575,True,4608db5ba23ca74dfbf96fab5647b696
118,The Burials of Foreign Wives of Thutmose III,Lila Acheson Wallace Galleries of Egyptian Art,1,Gallery 118,40.780335257,-73.962012575,True,4608db5ba23ca74dfbf96fab5647b696
118,The Burials of Foreign Wives of Thutmose III,Lila Acheson Wallace Galleries of Egyptian Art,1,Gallery 118,40.780335257,-73.962012575,True,4608db5ba23ca74dfbf96fab5647b696
118,The Burials of Foreign Wives of Thutmose III,Lila Acheson Wallace Galleries of Egyptian Art,1,Gallery 118,40.780335257,-73.962012575,True,4608db5ba23ca74dfbf96fab5647b696
119,The Time of Amenhotep III,Lila Acheson Wallace Galleries of Egyptian Art,1,Gallery 119,40.780367048,-73.96208803,True,a3d07cc80ed714e1e1564fc5aadc4614
119,The Time of Amenhotep III,Lila Acheson Wallace Galleries of Egyptian Art,1,Gallery 119,40.780367048,-73.96208803,True,a3d07cc80ed714e1e1564fc5aadc4614
119,The Time of Amenhotep III,Lila Acheson Wallace Galleries of Egyptian Art,1,Gallery 119,40.780367048,-73.96208803,True,a3d07cc80ed714e1e1564fc5aadc4614
119,The Time of Amenhotep III,Lila Acheson Wallace Galleries of Egyptian Art,1,Gallery 119,40.780367048,-73.96208803,True,a3d07cc80ed714e1e1564fc5aadc4614
119,The Time of Amenhotep III,Lila Acheson Wallace Galleries of Egyptian Art,1,Gallery 119,40.780367048,-73.96208803,True,a3d07cc80ed714e1e1564fc5aadc4614
119,The Time of Amenhotep III,Lila Acheson Wallace Galleries of Egyptian Art,1,Gallery 119,40.780367048,-73.96208803,True,a3d07cc80ed714e1e1564fc5aadc4614
119,The Time of Amenhotep III,Lila Acheson Wallace Galleries of Egyptian Art,1,Gallery 119,40.780367048,-73.96208803,True,a3d07cc80ed714e1e1564fc5aadc4614
120,"Objects from Malqata, the Festival-City of Amenhotep III",Lila Acheson Wallace Galleries of Egyptian Art,1,Gallery 120,40.780387519,-73.962177669,True,3dc1ef4c75e356648e914cbe1f959d74
120,"Objects from Malqata, the Festival-City of Amenhotep III",Lila Acheson Wallace Galleries of Egyptian Art,1,Gallery 120,40.780387519,-73.962177669,True,3dc1ef4c75e356648e914cbe1f959d74
120,"Objects from Malqata, the Festival-City of Amenhotep III",Lila Acheson Wallace Galleries of Egyptian Art,1,Gallery 120,40.780387519,-73.962177669,True,3dc1ef4c75e356648e914cbe1f959d74
120,"Objects from Malqata, the Festival-City of Amenhotep III",Lila Acheson Wallace Galleries of Egyptian Art,1,Gallery 120,40.780387519,-73.962177669,True,3dc1ef4c75e356648e914cbe1f959d74
120,"Objects from Malqata, the Festival-City of Amenhotep III",Lila Acheson Wallace Galleries of Egyptian Art,1,Gallery 120,40.780387519,-73.962177669,True,3dc1ef4c75e356648e914cbe1f959d74
120,"Objects from Malqata, the Festival-City of Amenhotep III",Lila Acheson Wallace Galleries of Egyptian Art,1,Gallery 120,40.780387519,-73.962177669,True,3dc1ef4c75e356648e914cbe1f959d74
120,"Objects from Malqata, the Festival-City of Amenhotep III",Lila Acheson Wallace Galleries of Egyptian Art,1,Gallery 120,40.780387519,-73.962177669,True,3dc1ef4c75e356648e914cbe1f959d74
121,Akhenaten and the Amarna Period,Lila Acheson Wallace Galleries of Egyptian Art,1,Gallery 121,40.780288043,-73.962145641,False,deef18839308b6d0c6a70fb281e7e975
121,Akhenaten and the Amarna Period,Lila Acheson Wallace Galleries of Egyptian Art,1,Gallery 121,40.780288043,-73.962145641,False,deef18839308b6d0c6a70fb281e7e975
121,Akhenaten and the Amarna Period,Lila Acheson Wallace Galleries of Egyptian Art,1,Gallery 121,40.780288043,-73.962145641,False,deef18839308b6d0c6a70fb281e7e975
121,Akhenaten and the Amarna Period,Lila Acheson Wallace Galleries of Egyptian Art,1,Gallery 121,40.780288043,-73.962145641,False,deef18839308b6d0c6a70fb281e7e975
121,Akhenaten and the Amarna Period,Lila Acheson Wallace Galleries of Egyptian Art,1,Gallery 121,40.780288043,-73.962145641,False,deef18839308b6d0c6a70fb281e7e975
121,Akhenaten and the Amarna Period,Lila Acheson Wallace Galleries of Egyptian Art,1,Gallery 121,40.780288043,-73.962145641,False,deef18839308b6d0c6a70fb281e7e975
121,Akhenaten and the Amarna Period,Lila Acheson Wallace Galleries of Egyptian Art,1,Gallery 121,40.780288043,-73.962145641,False,deef18839308b6d0c6a70fb281e7e975
122,The Late New Kingdom Study Room,Lila Acheson Wallace Galleries of Egyptian Art,1,Gallery 122,40.78025158,-73.962059105,False,9ecaae47edb3a320769872217ba31e3f
122,The Late New Kingdom Study Room,Lila Acheson Wallace Galleries of Egyptian Art,1,Gallery 122,40.78025158,-73.962059105,False,9ecaae47edb3a320769872217ba31e3f
122,The Late New Kingdom Study Room,Lila Acheson Wallace Galleries of Egyptian Art,1,Gallery 122,40.78025158,-73.962059105,False,9ecaae47edb3a320769872217ba31e3f
122,The Late New Kingdom Study Room,Lila Acheson Wallace Galleries of Egyptian Art,1,Gallery 122,40.78025158,-73.962059105,False,9ecaae47edb3a320769872217ba31e3f
122,The Late New Kingdom Study Room,Lila Acheson Wallace Galleries of Egyptian Art,1,Gallery 122,40.78025158,-73.962059105,False,9ecaae47edb3a320769872217ba31e3f
122,The Late New Kingdom Study Room,Lila Acheson Wallace Galleries of Egyptian Art,1,Gallery 122,40.78025158,-73.962059105,False,9ecaae47edb3a320769872217ba31e3f
122,The Late New Kingdom Study Room,Lila Acheson Wallace Galleries of Egyptian Art,1,Gallery 122,40.78025158,-73.962059105,False,9ecaae47edb3a320769872217ba31e3f
123,Monumental and Temple Art from around 1200-600 B.C.,Lila Acheson Wallace Galleries of Egyptian Art,1,Gallery 123,40.780242065,-73.9622511,True,63eb8288af89b7413af2ed07ec45d4aa
123,Monumental and Temple Art from around 1200-600 B.C.,Lila Acheson Wallace Galleries of Egyptian Art,1,Gallery 123,40.780242065,-73.9622511,True,63eb8288af89b7413af2ed07ec45d4aa
123,Monumental and Temple Art from around 1200-600 B.C.,Lila Acheson Wallace Galleries of Egyptian Art,1,Gallery 123,40.780242065,-73.9622511,True,63eb8288af89b7413af2ed07ec45d4aa
123,Monumental and Temple Art from around 1200-600 B.C.,Lila Acheson Wallace Galleries of Egyptian Art,1,Gallery 123,40.780242065,-73.9622511,True,63eb8288af89b7413af2ed07ec45d4aa
123,Monumental and Temple Art from around 1200-600 B.C.,Lila Acheson Wallace Galleries of Egyptian Art,1,Gallery 123,40.780242065,-73.9622511,True,63eb8288af89b7413af2ed07ec45d4aa
123,Monumental and Temple Art from around 1200-600 B.C.,Lila Acheson Wallace Galleries of Egyptian Art,1,Gallery 123,40.780242065,-73.9622511,True,63eb8288af89b7413af2ed07ec45d4aa
123,Monumental and Temple Art from around 1200-600 B.C.,Lila Acheson Wallace Galleries of Egyptian Art,1,Gallery 123,40.780242065,-73.9622511,True,63eb8288af89b7413af2ed07ec45d4aa
124,The Art of the Ramesside Period,Lila Acheson Wallace Galleries of Egyptian Art,1,Gallery 124,40.78021888,-73.962196076,True,bfe79e8bc3217b2a9fcbb9e177b51e7d
124,The Art of the Ramesside Period,Lila Acheson Wallace Galleries of Egyptian Art,1,Gallery 124,40.78021888,-73.962196076,True,bfe79e8bc3217b2a9fcbb9e177b51e7d
124,The Art of the Ramesside Period,Lila Acheson Wallace Galleries of Egyptian Art,1,Gallery 124,40.78021888,-73.962196076,True,bfe79e8bc3217b2a9fcbb9e177b51e7d
124,The Art of the Ramesside Period,Lila Acheson Wallace Galleries of Egyptian Art,1,Gallery 124,40.78021888,-73.962196076,True,bfe79e8bc3217b2a9fcbb9e177b51e7d
124,The Art of the Ramesside Period,Lila Acheson Wallace Galleries of Egyptian Art,1,Gallery 124,40.78021888,-73.962196076,True,bfe79e8bc3217b2a9fcbb9e177b51e7d
124,The Art of the Ramesside Period,Lila Acheson Wallace Galleries of Egyptian Art,1,Gallery 124,40.78021888,-73.962196076,True,bfe79e8bc3217b2a9fcbb9e177b51e7d
124,The Art of the Ramesside Period,Lila Acheson Wallace Galleries of Egyptian Art,1,Gallery 124,40.78021888,-73.962196076,True,bfe79e8bc3217b2a9fcbb9e177b51e7d
125,The Third Intermediate Period and Kushite Art,Lila Acheson Wallace Galleries of Egyptian Art,1,Gallery 125,40.780164459,-73.962235762,True,1e0eadbac2d98d37cc511f5e359a51c5
125,The Third Intermediate Period and Kushite Art,Lila Acheson Wallace Galleries of Egyptian Art,1,Gallery 125,40.780164459,-73.962235762,True,1e0eadbac2d98d37cc511f5e359a51c5
125,The Third Intermediate Period and Kushite Art,Lila Acheson Wallace Galleries of Egyptian Art,1,Gallery 125,40.780164459,-73.962235762,True,1e0eadbac2d98d37cc511f5e359a51c5
125,The Third Intermediate Period and Kushite Art,Lila Acheson Wallace Galleries of Egyptian Art,1,Gallery 125,40.780164459,-73.962235762,True,1e0eadbac2d98d37cc511f5e359a51c5
125,The Third Intermediate Period and Kushite Art,Lila Acheson Wallace Galleries of Egyptian Art,1,Gallery 125,40.780164459,-73.962235762,True,1e0eadbac2d98d37cc511f5e359a51c5
125,The Third Intermediate Period and Kushite Art,Lila Acheson Wallace Galleries of Egyptian Art,1,Gallery 125,40.780164459,-73.962235762,True,1e0eadbac2d98d37cc511f5e359a51c5
125,The Third Intermediate Period and Kushite Art,Lila Acheson Wallace Galleries of Egyptian Art,1,Gallery 125,40.780164459,-73.962235762,True,1e0eadbac2d98d37cc511f5e359a51c5
126,Decorated Coffins from Thebes,Lila Acheson Wallace Galleries of Egyptian Art,1,Gallery 126,40.780140195,-73.962182517,True,bc6b8d0effc61ce17be320bf95dd0ac9
126,Decorated Coffins from Thebes,Lila Acheson Wallace Galleries of Egyptian Art,1,Gallery 126,40.780140195,-73.962182517,True,bc6b8d0effc61ce17be320bf95dd0ac9
126,Decorated Coffins from Thebes,Lila Acheson Wallace Galleries of Egyptian Art,1,Gallery 126,40.780140195,-73.962182517,True,bc6b8d0effc61ce17be320bf95dd0ac9
126,Decorated Coffins from Thebes,Lila Acheson Wallace Galleries of Egyptian Art,1,Gallery 126,40.780140195,-73.962182517,True,bc6b8d0effc61ce17be320bf95dd0ac9
126,Decorated Coffins from Thebes,Lila Acheson Wallace Galleries of Egyptian Art,1,Gallery 126,40.780140195,-73.962182517,True,bc6b8d0effc61ce17be320bf95dd0ac9
126,Decorated Coffins from Thebes,Lila Acheson Wallace Galleries of Egyptian Art,1,Gallery 126,40.780140195,-73.962182517,True,bc6b8d0effc61ce17be320bf95dd0ac9
126,Decorated Coffins from Thebes,Lila Acheson Wallace Galleries of Egyptian Art,1,Gallery 126,40.780140195,-73.962182517,True,bc6b8d0effc61ce17be320bf95dd0ac9
127,The Art of the Late Period,Lila Acheson Wallace Galleries of Egyptian Art,1,Gallery 127,40.780108868,-73.9622763,True,1529633125be43b5848c6218bc37065c
127,The Art of the Late Period,Lila Acheson Wallace Galleries of Egyptian Art,1,Gallery 127,40.780108868,-73.9622763,True,1529633125be43b5848c6218bc37065c
127,The Art of the Late Period,Lila Acheson Wallace Galleries of Egyptian Art,1,Gallery 127,40.780108868,-73.9622763,True,1529633125be43b5848c6218bc37065c
127,The Art of the Late Period,Lila Acheson Wallace Galleries of Egyptian Art,1,Gallery 127,40.780108868,-73.9622763,True,1529633125be43b5848c6218bc37065c
127,The Art of the Late Period,Lila Acheson Wallace Galleries of Egyptian Art,1,Gallery 127,40.780108868,-73.9622763,True,1529633125be43b5848c6218bc37065c
127,The Art of the Late Period,Lila Acheson Wallace Galleries of Egyptian Art,1,Gallery 127,40.780108868,-73.9622763,True,1529633125be43b5848c6218bc37065c
127,The Art of the Late Period,Lila Acheson Wallace Galleries of Egyptian Art,1,Gallery 127,40.780108868,-73.9622763,True,1529633125be43b5848c6218bc37065c
128,The Last Egyptian Pharaohs,,1,Gallery 128,40.780048887,-73.962350974,False,0d5b1ea64637fc9cff5409ad3fb6b4fd
128,The Last Egyptian Pharaohs,,1,Gallery 128,40.780048887,-73.962350974,False,0d5b1ea64637fc9cff5409ad3fb6b4fd
128,The Last Egyptian Pharaohs,,1,Gallery 128,40.780048887,-73.962350974,False,0d5b1ea64637fc9cff5409ad3fb6b4fd
128,The Last Egyptian Pharaohs,,1,Gallery 128,40.780048887,-73.962350974,False,0d5b1ea64637fc9cff5409ad3fb6b4fd
128,The Last Egyptian Pharaohs,,1,Gallery 128,40.780048887,-73.962350974,False,0d5b1ea64637fc9cff5409ad3fb6b4fd
128,The Last Egyptian Pharaohs,,1,Gallery 128,40.780048887,-73.962350974,False,0d5b1ea64637fc9cff5409ad3fb6b4fd
128,The Last Egyptian Pharaohs,,1,Gallery 128,40.780048887,-73.962350974,False,0d5b1ea64637fc9cff5409ad3fb6b4fd
129,Reliefs from a Temple of Ramesses I,Lila Acheson Wallace Galleries of Egyptian Art,1,Gallery 129,40.780120291,-73.962513405,False,76b1070a16a1c498ade3a1c5720e5b8f
129,Reliefs from a Temple of Ramesses I,Lila Acheson Wallace Galleries of Egyptian Art,1,Gallery 129,40.780120291,-73.962513405,False,76b1070a16a1c498ade3a1c5720e5b8f
129,Reliefs from a Temple of Ramesses I,Lila Acheson Wallace Galleries of Egyptian Art,1,Gallery 129,40.780120291,-73.962513405,False,76b1070a16a1c498ade3a1c5720e5b8f
129,Reliefs from a Temple of Ramesses I,Lila Acheson Wallace Galleries of Egyptian Art,1,Gallery 129,40.780120291,-73.962513405,False,76b1070a16a1c498ade3a1c5720e5b8f
129,Reliefs from a Temple of Ramesses I,Lila Acheson Wallace Galleries of Egyptian Art,1,Gallery 129,40.780120291,-73.962513405,False,76b1070a16a1c498ade3a1c5720e5b8f
129,Reliefs from a Temple of Ramesses I,Lila Acheson Wallace Galleries of Egyptian Art,1,Gallery 129,40.780120291,-73.962513405,False,76b1070a16a1c498ade3a1c5720e5b8f
129,Reliefs from a Temple of Ramesses I,Lila Acheson Wallace Galleries of Egyptian Art,1,Gallery 129,40.780120291,-73.962513405,False,76b1070a16a1c498ade3a1c5720e5b8f
130,The First Millennium Study Room,Lila Acheson Wallace Galleries of Egyptian Art,1,Gallery 130,40.780175629,-73.962543772,False,36e788400075df8b37c427f671126ab6
130,The First Millennium Study Room,Lila Acheson Wallace Galleries of Egyptian Art,1,Gallery 130,40.780175629,-73.962543772,False,36e788400075df8b37c427f671126ab6
130,The First Millennium Study Room,Lila Acheson Wallace Galleries of Egyptian Art,1,Gallery 130,40.780175629,-73.962543772,False,36e788400075df8b37c427f671126ab6
130,The First Millennium Study Room,Lila Acheson Wallace Galleries of Egyptian Art,1,Gallery 130,40.780175629,-73.962543772,False,36e788400075df8b37c427f671126ab6
130,The First Millennium Study Room,Lila Acheson Wallace Galleries of Egyptian Art,1,Gallery 130,40.780175629,-73.962543772,False,36e788400075df8b37c427f671126ab6
130,The First Millennium Study Room,Lila Acheson Wallace Galleries of Egyptian Art,1,Gallery 130,40.780175629,-73.962543772,False,36e788400075df8b37c427f671126ab6
130,The First Millennium Study Room,Lila Acheson Wallace Galleries of Egyptian Art,1,Gallery 130,40.780175629,-73.962543772,False,36e788400075df8b37c427f671126ab6
131,The Temple of Dendur,Lila Acheson Wallace Galleries of Egyptian Art,1,Gallery 131,40.780415607,-73.962503158,False,a5d0882ad40744d55990d58da2d511c4
131,The Temple of Dendur,Lila Acheson Wallace Galleries of Egyptian Art,1,Gallery 131,40.780415607,-73.962503158,False,a5d0882ad40744d55990d58da2d511c4
131,The Temple of Dendur,Lila Acheson Wallace Galleries of Egyptian Art,1,Gallery 131,40.780415607,-73.962503158,False,a5d0882ad40744d55990d58da2d511c4
131,The Temple of Dendur,Lila Acheson Wallace Galleries of Egyptian Art,1,Gallery 131,40.780415607,-73.962503158,False,a5d0882ad40744d55990d58da2d511c4
131,The Temple of Dendur,Lila Acheson Wallace Galleries of Egyptian Art,1,Gallery 131,40.780415607,-73.962503158,False,a5d0882ad40744d55990d58da2d511c4
131,The Temple of Dendur,Lila Acheson Wallace Galleries of Egyptian Art,1,Gallery 131,40.780415607,-73.962503158,False,a5d0882ad40744d55990d58da2d511c4
131,The Temple of Dendur,Lila Acheson Wallace Galleries of Egyptian Art,1,Gallery 131,40.780415607,-73.962503158,False,a5d0882ad40744d55990d58da2d511c4
132,Temporary Exhibition Space for Departmental Rotations,Lila Acheson Wallace Galleries of Egyptian Art,1,Gallery 132,40.780009325,-73.962257085,False,a4e6bf9e2c581298e2456781edf176b5
132,Temporary Exhibition Space for Departmental Rotations,Lila Acheson Wallace Galleries of Egyptian Art,1,Gallery 132,40.780009325,-73.962257085,False,a4e6bf9e2c581298e2456781edf176b5
132,Temporary Exhibition Space for Departmental Rotations,Lila Acheson Wallace Galleries of Egyptian Art,1,Gallery 132,40.780009325,-73.962257085,False,a4e6bf9e2c581298e2456781edf176b5
132,Temporary Exhibition Space for Departmental Rotations,Lila Acheson Wallace Galleries of Egyptian Art,1,Gallery 132,40.780009325,-73.962257085,False,a4e6bf9e2c581298e2456781edf176b5
132,Temporary Exhibition Space for Departmental Rotations,Lila Acheson Wallace Galleries of Egyptian Art,1,Gallery 132,40.780009325,-73.962257085,False,a4e6bf9e2c581298e2456781edf176b5
132,Temporary Exhibition Space for Departmental Rotations,Lila Acheson Wallace Galleries of Egyptian Art,1,Gallery 132,40.780009325,-73.962257085,False,a4e6bf9e2c581298e2456781edf176b5
132,Temporary Exhibition Space for Departmental Rotations,Lila Acheson Wallace Galleries of Egyptian Art,1,Gallery 132,40.780009325,-73.962257085,False,a4e6bf9e2c581298e2456781edf176b5
133,Funerary Equipment of the Ptolemaic Period,,1,Gallery 133,40.779975285,-73.962404646,False,a2897587a8990c4a102e46b2e1c1e1d5
133,Funerary Equipment of the Ptolemaic Period,,1,Gallery 133,40.779975285,-73.962404646,False,a2897587a8990c4a102e46b2e1c1e1d5
133,Funerary Equipment of the Ptolemaic Period,,1,Gallery 133,40.779975285,-73.962404646,False,a2897587a8990c4a102e46b2e1c1e1d5
133,Funerary Equipment of the Ptolemaic Period,,1,Gallery 133,40.779975285,-73.962404646,False,a2897587a8990c4a102e46b2e1c1e1d5
133,Funerary Equipment of the Ptolemaic Period,,1,Gallery 133,40.779975285,-73.962404646,False,a2897587a8990c4a102e46b2e1c1e1d5
133,Funerary Equipment of the Ptolemaic Period,,1,Gallery 133,40.779975285,-73.962404646,False,a2897587a8990c4a102e46b2e1c1e1d5
133,Funerary Equipment of the Ptolemaic Period,,1,Gallery 133,40.779975285,-73.962404646,False,a2897587a8990c4a102e46b2e1c1e1d5
134,The Art of Ptolemaic Egypt,Lila Acheson Wallace Galleries of Egyptian Art,1,Gallery 134,40.779893098,-73.962464579,False,05f350be166ba15f3699bfbcb6893d65
134,The Art of Ptolemaic Egypt,Lila Acheson Wallace Galleries of Egyptian Art,1,Gallery 134,40.779893098,-73.962464579,False,05f350be166ba15f3699bfbcb6893d65
134,The Art of Ptolemaic Egypt,Lila Acheson Wallace Galleries of Egyptian Art,1,Gallery 134,40.779893098,-73.962464579,False,05f350be166ba15f3699bfbcb6893d65
134,The Art of Ptolemaic Egypt,Lila Acheson Wallace Galleries of Egyptian Art,1,Gallery 134,40.779893098,-73.962464579,False,05f350be166ba15f3699bfbcb6893d65
134,The Art of Ptolemaic Egypt,Lila Acheson Wallace Galleries of Egyptian Art,1,Gallery 134,40.779893098,-73.962464579,False,05f350be166ba15f3699bfbcb6893d65
134,The Art of Ptolemaic Egypt,Lila Acheson Wallace Galleries of Egyptian Art,1,Gallery 134,40.779893098,-73.962464579,False,05f350be166ba15f3699bfbcb6893d65
134,The Art of Ptolemaic Egypt,Lila Acheson Wallace Galleries of Egyptian Art,1,Gallery 134,40.779893098,-73.962464579,False,05f350be166ba15f3699bfbcb6893d65
135,Facsimiles of Ancient Egyptian Tomb Paintings,Lila Acheson Wallace Galleries of Egyptian Art,1,Gallery 135,40.779757354,-73.962563564,False,9d9ec5fb464488df426a3d0f05baa57a
135,Facsimiles of Ancient Egyptian Tomb Paintings,Lila Acheson Wallace Galleries of Egyptian Art,1,Gallery 135,40.779757354,-73.962563564,False,9d9ec5fb464488df426a3d0f05baa57a
135,Facsimiles of Ancient Egyptian Tomb Paintings,Lila Acheson Wallace Galleries of Egyptian Art,1,Gallery 135,40.779757354,-73.962563564,False,9d9ec5fb464488df426a3d0f05baa57a
135,Facsimiles of Ancient Egyptian Tomb Paintings,Lila Acheson Wallace Galleries of Egyptian Art,1,Gallery 135,40.779757354,-73.962563564,False,9d9ec5fb464488df426a3d0f05baa57a
135,Facsimiles of Ancient Egyptian Tomb Paintings,Lila Acheson Wallace Galleries of Egyptian Art,1,Gallery 135,40.779757354,-73.962563564,False,9d9ec5fb464488df426a3d0f05baa57a
135,Facsimiles of Ancient Egyptian Tomb Paintings,Lila Acheson Wallace Galleries of Egyptian Art,1,Gallery 135,40.779757354,-73.962563564,False,9d9ec5fb464488df426a3d0f05baa57a
135,Facsimiles of Ancient Egyptian Tomb Paintings,Lila Acheson Wallace Galleries of Egyptian Art,1,Gallery 135,40.779757354,-73.962563564,False,9d9ec5fb464488df426a3d0f05baa57a
136,Egyptian Art Special Exhibition Space,Lila Acheson Wallace Galleries of Egyptian Art,1,Gallery 136,40.779712792,-73.962521096,False,892da72a1d749eacf9a5b9e3848dd737
136,Egyptian Art Special Exhibition Space,Lila Acheson Wallace Galleries of Egyptian Art,1,Gallery 136,40.779712792,-73.962521096,False,892da72a1d749eacf9a5b9e3848dd737
136,Egyptian Art Special Exhibition Space,Lila Acheson Wallace Galleries of Egyptian Art,1,Gallery 136,40.779712792,-73.962521096,False,892da72a1d749eacf9a5b9e3848dd737
136,Egyptian Art Special Exhibition Space,Lila Acheson Wallace Galleries of Egyptian Art,1,Gallery 136,40.779712792,-73.962521096,False,892da72a1d749eacf9a5b9e3848dd737
136,Egyptian Art Special Exhibition Space,Lila Acheson Wallace Galleries of Egyptian Art,1,Gallery 136,40.779712792,-73.962521096,False,892da72a1d749eacf9a5b9e3848dd737
136,Egyptian Art Special Exhibition Space,Lila Acheson Wallace Galleries of Egyptian Art,1,Gallery 136,40.779712792,-73.962521096,False,892da72a1d749eacf9a5b9e3848dd737
136,Egyptian Art Special Exhibition Space,Lila Acheson Wallace Galleries of Egyptian Art,1,Gallery 136,40.779712792,-73.962521096,False,892da72a1d749eacf9a5b9e3848dd737
137,Egypt under Roman Rule in the First Century AD,Lila Acheson Wallace Galleries of Egyptian Art,1,Gallery 137,40.779623326,-73.962661299,False,6daf65b5152228d5cab1cab38398df17
137,Egypt under Roman Rule in the First Century AD,Lila Acheson Wallace Galleries of Egyptian Art,1,Gallery 137,40.779623326,-73.962661299,False,6daf65b5152228d5cab1cab38398df17
137,Egypt under Roman Rule in the First Century AD,Lila Acheson Wallace Galleries of Egyptian Art,1,Gallery 137,40.779623326,-73.962661299,False,6daf65b5152228d5cab1cab38398df17
137,Egypt under Roman Rule in the First Century AD,Lila Acheson Wallace Galleries of Egyptian Art,1,Gallery 137,40.779623326,-73.962661299,False,6daf65b5152228d5cab1cab38398df17
137,Egypt under Roman Rule in the First Century AD,Lila Acheson Wallace Galleries of Egyptian Art,1,Gallery 137,40.779623326,-73.962661299,False,6daf65b5152228d5cab1cab38398df17
137,Egypt under Roman Rule in the First Century AD,Lila Acheson Wallace Galleries of Egyptian Art,1,Gallery 137,40.779623326,-73.962661299,False,6daf65b5152228d5cab1cab38398df17
137,Egypt under Roman Rule in the First Century AD,Lila Acheson Wallace Galleries of Egyptian Art,1,Gallery 137,40.779623326,-73.962661299,False,6daf65b5152228d5cab1cab38398df17
138,Egypt under Roman Rule in the Second to Fourth Centuries AD,Lila Acheson Wallace Galleries of Egyptian Art,1,Gallery 138,40.779530486,-73.962728999,False,6466e1c3ca3f61dcd78dcd307094f16f
138,Egypt under Roman Rule in the Second to Fourth Centuries AD,Lila Acheson Wallace Galleries of Egyptian Art,1,Gallery 138,40.779530486,-73.962728999,False,6466e1c3ca3f61dcd78dcd307094f16f
138,Egypt under Roman Rule in the Second to Fourth Centuries AD,Lila Acheson Wallace Galleries of Egyptian Art,1,Gallery 138,40.779530486,-73.962728999,False,6466e1c3ca3f61dcd78dcd307094f16f
138,Egypt under Roman Rule in the Second to Fourth Centuries AD,Lila Acheson Wallace Galleries of Egyptian Art,1,Gallery 138,40.779530486,-73.962728999,False,6466e1c3ca3f61dcd78dcd307094f16f
138,Egypt under Roman Rule in the Second to Fourth Centuries AD,Lila Acheson Wallace Galleries of Egyptian Art,1,Gallery 138,40.779530486,-73.962728999,False,6466e1c3ca3f61dcd78dcd307094f16f
138,Egypt under Roman Rule in the Second to Fourth Centuries AD,Lila Acheson Wallace Galleries of Egyptian Art,1,Gallery 138,40.779530486,-73.962728999,False,6466e1c3ca3f61dcd78dcd307094f16f
138,Egypt under Roman Rule in the Second to Fourth Centuries AD,Lila Acheson Wallace Galleries of Egyptian Art,1,Gallery 138,40.779530486,-73.962728999,False,6466e1c3ca3f61dcd78dcd307094f16f
150,Cycladic Art,,1,Gallery 150,40.778873821,-73.963055299,False,318e394e1341f433918c9e0a8a77962c
150,Cycladic Art,,1,Gallery 150,40.778873821,-73.963055299,False,318e394e1341f433918c9e0a8a77962c
150,Cycladic Art,,1,Gallery 150,40.778873821,-73.963055299,False,318e394e1341f433918c9e0a8a77962c
150,Cycladic Art,,1,Gallery 150,40.778873821,-73.963055299,False,318e394e1341f433918c9e0a8a77962c
150,Cycladic Art,,1,Gallery 150,40.778873821,-73.963055299,False,318e394e1341f433918c9e0a8a77962c
150,Cycladic Art,,1,Gallery 150,40.778873821,-73.963055299,False,318e394e1341f433918c9e0a8a77962c
150,Cycladic Art,,1,Gallery 150,40.778873821,-73.963055299,False,318e394e1341f433918c9e0a8a77962c
151,Cycladic Art,,1,Gallery 151,40.778924584,-73.963175673,False,aaa7375eb8680e2a9697945a176f9c6f
151,Cycladic Art,,1,Gallery 151,40.778924584,-73.963175673,False,aaa7375eb8680e2a9697945a176f9c6f
151,Cycladic Art,,1,Gallery 151,40.778924584,-73.963175673,False,aaa7375eb8680e2a9697945a176f9c6f
151,Cycladic Art,,1,Gallery 151,40.778924584,-73.963175673,False,aaa7375eb8680e2a9697945a176f9c6f
151,Cycladic Art,,1,Gallery 151,40.778924584,-73.963175673,False,aaa7375eb8680e2a9697945a176f9c6f
151,Cycladic Art,,1,Gallery 151,40.778924584,-73.963175673,False,aaa7375eb8680e2a9697945a176f9c6f
151,Cycladic Art,,1,Gallery 151,40.778924584,-73.963175673,False,aaa7375eb8680e2a9697945a176f9c6f
152,Greek Art: Seventh–Sixth Century B.C.,The Robert and Renée Belfer Court,1,Gallery 152,40.778841514,-73.962978521,False,5cd8d8c602575a669a67d93b0e438dcc
152,Greek Art: Seventh–Sixth Century B.C.,The Robert and Renée Belfer Court,1,Gallery 152,40.778841514,-73.962978521,False,5cd8d8c602575a669a67d93b0e438dcc
152,Greek Art: Seventh–Sixth Century B.C.,The Robert and Renée Belfer Court,1,Gallery 152,40.778841514,-73.962978521,False,5cd8d8c602575a669a67d93b0e438dcc
152,Greek Art: Seventh–Sixth Century B.C.,The Robert and Renée Belfer Court,1,Gallery 152,40.778841514,-73.962978521,False,5cd8d8c602575a669a67d93b0e438dcc
152,Greek Art: Seventh–Sixth Century B.C.,The Robert and Renée Belfer Court,1,Gallery 152,40.778841514,-73.962978521,False,5cd8d8c602575a669a67d93b0e438dcc
152,Greek Art: Seventh–Sixth Century B.C.,The Robert and Renée Belfer Court,1,Gallery 152,40.778841514,-73.962978521,False,5cd8d8c602575a669a67d93b0e438dcc
152,Greek Art: Seventh–Sixth Century B.C.,The Robert and Renée Belfer Court,1,Gallery 152,40.778841514,-73.962978521,False,5cd8d8c602575a669a67d93b0e438dcc
153,Greek Art: Sixth–Fourth Century B.C.,Mary and Michael Jaharis Gallery,1,Gallery 153,40.778646382,-73.963220373,False,5c3a23285677c87823c2dd5e0ce2d8d0
153,Greek Art: Sixth–Fourth Century B.C.,Mary and Michael Jaharis Gallery,1,Gallery 153,40.778646382,-73.963220373,False,5c3a23285677c87823c2dd5e0ce2d8d0
153,Greek Art: Sixth–Fourth Century B.C.,Mary and Michael Jaharis Gallery,1,Gallery 153,40.778646382,-73.963220373,False,5c3a23285677c87823c2dd5e0ce2d8d0
153,Greek Art: Sixth–Fourth Century B.C.,Mary and Michael Jaharis Gallery,1,Gallery 153,40.778646382,-73.963220373,False,5c3a23285677c87823c2dd5e0ce2d8d0
153,Greek Art: Sixth–Fourth Century B.C.,Mary and Michael Jaharis Gallery,1,Gallery 153,40.778646382,-73.963220373,False,5c3a23285677c87823c2dd5e0ce2d8d0
153,Greek Art: Sixth–Fourth Century B.C.,Mary and Michael Jaharis Gallery,1,Gallery 153,40.778646382,-73.963220373,False,5c3a23285677c87823c2dd5e0ce2d8d0
153,Greek Art: Sixth–Fourth Century B.C.,Mary and Michael Jaharis Gallery,1,Gallery 153,40.778646382,-73.963220373,False,5c3a23285677c87823c2dd5e0ce2d8d0
154,Greek Art: Sixth Century B.C.,Judy and Michael H. Steinhardt Gallery,1,Gallery 154,40.778732688,-73.963057874,False,5c47580411418c3410d1ef21a8e6023c
154,Greek Art: Sixth Century B.C.,Judy and Michael H. Steinhardt Gallery,1,Gallery 154,40.778732688,-73.963057874,False,5c47580411418c3410d1ef21a8e6023c
154,Greek Art: Sixth Century B.C.,Judy and Michael H. Steinhardt Gallery,1,Gallery 154,40.778732688,-73.963057874,False,5c47580411418c3410d1ef21a8e6023c
154,Greek Art: Sixth Century B.C.,Judy and Michael H. Steinhardt Gallery,1,Gallery 154,40.778732688,-73.963057874,False,5c47580411418c3410d1ef21a8e6023c
154,Greek Art: Sixth Century B.C.,Judy and Michael H. Steinhardt Gallery,1,Gallery 154,40.778732688,-73.963057874,False,5c47580411418c3410d1ef21a8e6023c
154,Greek Art: Sixth Century B.C.,Judy and Michael H. Steinhardt Gallery,1,Gallery 154,40.778732688,-73.963057874,False,5c47580411418c3410d1ef21a8e6023c
154,Greek Art: Sixth Century B.C.,Judy and Michael H. Steinhardt Gallery,1,Gallery 154,40.778732688,-73.963057874,False,5c47580411418c3410d1ef21a8e6023c
155,Greek Art: Sixth Century B.C.,The Bothmer Gallery I,1,Gallery 155,40.77881576,-73.963255024,True,b6c439c0be1ba115092b65e76924d181
155,Greek Art: Sixth Century B.C.,The Bothmer Gallery I,1,Gallery 155,40.77881576,-73.963255024,True,b6c439c0be1ba115092b65e76924d181
155,Greek Art: Sixth Century B.C.,The Bothmer Gallery I,1,Gallery 155,40.77881576,-73.963255024,True,b6c439c0be1ba115092b65e76924d181
155,Greek Art: Sixth Century B.C.,The Bothmer Gallery I,1,Gallery 155,40.77881576,-73.963255024,True,b6c439c0be1ba115092b65e76924d181
155,Greek Art: Sixth Century B.C.,The Bothmer Gallery I,1,Gallery 155,40.77881576,-73.963255024,True,b6c439c0be1ba115092b65e76924d181
155,Greek Art: Sixth Century B.C.,The Bothmer Gallery I,1,Gallery 155,40.77881576,-73.963255024,True,b6c439c0be1ba115092b65e76924d181
155,Greek Art: Sixth Century B.C.,The Bothmer Gallery I,1,Gallery 155,40.77881576,-73.963255024,True,b6c439c0be1ba115092b65e76924d181
156,Greek Art: Fifth Century B.C.,"The Carolyn, Kate, Elizabeth, Thomas, and Jonathan Wiener Gallery",1,Gallery 156,40.778615203,-73.963143543,False,b6efdfbe2e336ff4dc820b6f17b0eba9
156,Greek Art: Fifth Century B.C.,"The Carolyn, Kate, Elizabeth, Thomas, and Jonathan Wiener Gallery",1,Gallery 156,40.778615203,-73.963143543,False,b6efdfbe2e336ff4dc820b6f17b0eba9
156,Greek Art: Fifth Century B.C.,"The Carolyn, Kate, Elizabeth, Thomas, and Jonathan Wiener Gallery",1,Gallery 156,40.778615203,-73.963143543,False,b6efdfbe2e336ff4dc820b6f17b0eba9
156,Greek Art: Fifth Century B.C.,"The Carolyn, Kate, Elizabeth, Thomas, and Jonathan Wiener Gallery",1,Gallery 156,40.778615203,-73.963143543,False,b6efdfbe2e336ff4dc820b6f17b0eba9
156,Greek Art: Fifth Century B.C.,"The Carolyn, Kate, Elizabeth, Thomas, and Jonathan Wiener Gallery",1,Gallery 156,40.778615203,-73.963143543,False,b6efdfbe2e336ff4dc820b6f17b0eba9
156,Greek Art: Fifth Century B.C.,"The Carolyn, Kate, Elizabeth, Thomas, and Jonathan Wiener Gallery",1,Gallery 156,40.778615203,-73.963143543,False,b6efdfbe2e336ff4dc820b6f17b0eba9
156,Greek Art: Fifth Century B.C.,"The Carolyn, Kate, Elizabeth, Thomas, and Jonathan Wiener Gallery",1,Gallery 156,40.778615203,-73.963143543,False,b6efdfbe2e336ff4dc820b6f17b0eba9
157,Greek Art: Fifth Century B.C.,The Bothmer Gallery II,1,Gallery 157,40.778698275,-73.963340695,True,38d500925a9d45bca0e80b1d0f33e0b0
157,Greek Art: Fifth Century B.C.,The Bothmer Gallery II,1,Gallery 157,40.778698275,-73.963340695,True,38d500925a9d45bca0e80b1d0f33e0b0
157,Greek Art: Fifth Century B.C.,The Bothmer Gallery II,1,Gallery 157,40.778698275,-73.963340695,True,38d500925a9d45bca0e80b1d0f33e0b0
157,Greek Art: Fifth Century B.C.,The Bothmer Gallery II,1,Gallery 157,40.778698275,-73.963340695,True,38d500925a9d45bca0e80b1d0f33e0b0
157,Greek Art: Fifth Century B.C.,The Bothmer Gallery II,1,Gallery 157,40.778698275,-73.963340695,True,38d500925a9d45bca0e80b1d0f33e0b0
157,Greek Art: Fifth Century B.C.,The Bothmer Gallery II,1,Gallery 157,40.778698275,-73.963340695,True,38d500925a9d45bca0e80b1d0f33e0b0
157,Greek Art: Fifth Century B.C.,The Bothmer Gallery II,1,Gallery 157,40.778698275,-73.963340695,True,38d500925a9d45bca0e80b1d0f33e0b0
158,Greek Art: Fourth Century B.C.,Spyros and Eurydice Costopoulos Gallery,1,Gallery 158,40.778496841,-73.963229851,False,1949212d52e178ac40d5ed9ef488cf5c
158,Greek Art: Fourth Century B.C.,Spyros and Eurydice Costopoulos Gallery,1,Gallery 158,40.778496841,-73.963229851,False,1949212d52e178ac40d5ed9ef488cf5c
158,Greek Art: Fourth Century B.C.,Spyros and Eurydice Costopoulos Gallery,1,Gallery 158,40.778496841,-73.963229851,False,1949212d52e178ac40d5ed9ef488cf5c
158,Greek Art: Fourth Century B.C.,Spyros and Eurydice Costopoulos Gallery,1,Gallery 158,40.778496841,-73.963229851,False,1949212d52e178ac40d5ed9ef488cf5c
158,Greek Art: Fourth Century B.C.,Spyros and Eurydice Costopoulos Gallery,1,Gallery 158,40.778496841,-73.963229851,False,1949212d52e178ac40d5ed9ef488cf5c
158,Greek Art: Fourth Century B.C.,Spyros and Eurydice Costopoulos Gallery,1,Gallery 158,40.778496841,-73.963229851,False,1949212d52e178ac40d5ed9ef488cf5c
158,Greek Art: Fourth Century B.C.,Spyros and Eurydice Costopoulos Gallery,1,Gallery 158,40.778496841,-73.963229851,False,1949212d52e178ac40d5ed9ef488cf5c
159,Greek Art: Fifth–Early Fourth Century B.C.,Stavros and Danaë Costopoulos Gallery,1,Gallery 159,40.778579913,-73.963427003,True,44994e0e9e9c406cc7474a63f53bd9b2
159,Greek Art: Fifth–Early Fourth Century B.C.,Stavros and Danaë Costopoulos Gallery,1,Gallery 159,40.778579913,-73.963427003,True,44994e0e9e9c406cc7474a63f53bd9b2
159,Greek Art: Fifth–Early Fourth Century B.C.,Stavros and Danaë Costopoulos Gallery,1,Gallery 159,40.778579913,-73.963427003,True,44994e0e9e9c406cc7474a63f53bd9b2
159,Greek Art: Fifth–Early Fourth Century B.C.,Stavros and Danaë Costopoulos Gallery,1,Gallery 159,40.778579913,-73.963427003,True,44994e0e9e9c406cc7474a63f53bd9b2
159,Greek Art: Fifth–Early Fourth Century B.C.,Stavros and Danaë Costopoulos Gallery,1,Gallery 159,40.778579913,-73.963427003,True,44994e0e9e9c406cc7474a63f53bd9b2
159,Greek Art: Fifth–Early Fourth Century B.C.,Stavros and Danaë Costopoulos Gallery,1,Gallery 159,40.778579913,-73.963427003,True,44994e0e9e9c406cc7474a63f53bd9b2
159,Greek Art: Fifth–Early Fourth Century B.C.,Stavros and Danaë Costopoulos Gallery,1,Gallery 159,40.778579913,-73.963427003,True,44994e0e9e9c406cc7474a63f53bd9b2
160,Hellenistic Sculpture and Architecture: Third–First Century B.C.,Leon Levy and Shelby White Court and Galleries,1,Gallery 160,40.778396943,-73.963285349,False,ac6d4b068121bf72fa701b439eaecda5
160,Hellenistic Sculpture and Architecture: Third–First Century B.C.,Leon Levy and Shelby White Court and Galleries,1,Gallery 160,40.778396943,-73.963285349,False,ac6d4b068121bf72fa701b439eaecda5
160,Hellenistic Sculpture and Architecture: Third–First Century B.C.,Leon Levy and Shelby White Court and Galleries,1,Gallery 160,40.778396943,-73.963285349,False,ac6d4b068121bf72fa701b439eaecda5
160,Hellenistic Sculpture and Architecture: Third–First Century B.C.,Leon Levy and Shelby White Court and Galleries,1,Gallery 160,40.778396943,-73.963285349,False,ac6d4b068121bf72fa701b439eaecda5
160,Hellenistic Sculpture and Architecture: Third–First Century B.C.,Leon Levy and Shelby White Court and Galleries,1,Gallery 160,40.778396943,-73.963285349,False,ac6d4b068121bf72fa701b439eaecda5
160,Hellenistic Sculpture and Architecture: Third–First Century B.C.,Leon Levy and Shelby White Court and Galleries,1,Gallery 160,40.778396943,-73.963285349,False,ac6d4b068121bf72fa701b439eaecda5
160,Hellenistic Sculpture and Architecture: Third–First Century B.C.,Leon Levy and Shelby White Court and Galleries,1,Gallery 160,40.778396943,-73.963285349,False,ac6d4b068121bf72fa701b439eaecda5
161,South Italian Art: Fourth–First Century B.C.,The Lamont Wing,1,Gallery 161,40.778502998,-73.963483088,False,286406ab875f39fa893c731734768313
161,South Italian Art: Fourth–First Century B.C.,The Lamont Wing,1,Gallery 161,40.778502998,-73.963483088,False,286406ab875f39fa893c731734768313
161,South Italian Art: Fourth–First Century B.C.,The Lamont Wing,1,Gallery 161,40.778502998,-73.963483088,False,286406ab875f39fa893c731734768313
161,South Italian Art: Fourth–First Century B.C.,The Lamont Wing,1,Gallery 161,40.778502998,-73.963483088,False,286406ab875f39fa893c731734768313
161,South Italian Art: Fourth–First Century B.C.,The Lamont Wing,1,Gallery 161,40.778502998,-73.963483088,False,286406ab875f39fa893c731734768313
161,South Italian Art: Fourth–First Century B.C.,The Lamont Wing,1,Gallery 161,40.778502998,-73.963483088,False,286406ab875f39fa893c731734768313
161,South Italian Art: Fourth–First Century B.C.,The Lamont Wing,1,Gallery 161,40.778502998,-73.963483088,False,286406ab875f39fa893c731734768313
162,Leon Levy and Shelby White Court,Leon Levy and Shelby White Court and Galleries,1,Gallery 162,40.778288825,-73.963639258,False,3c2ff00920a13d1ef79398953d759b81
162,Leon Levy and Shelby White Court,Leon Levy and Shelby White Court and Galleries,1,Gallery 162,40.778288825,-73.963639258,False,3c2ff00920a13d1ef79398953d759b81
162,Leon Levy and Shelby White Court,Leon Levy and Shelby White Court and Galleries,1,Gallery 162,40.778288825,-73.963639258,False,3c2ff00920a13d1ef79398953d759b81
162,Leon Levy and Shelby White Court,Leon Levy and Shelby White Court and Galleries,1,Gallery 162,40.778288825,-73.963639258,False,3c2ff00920a13d1ef79398953d759b81
162,Leon Levy and Shelby White Court,Leon Levy and Shelby White Court and Galleries,1,Gallery 162,40.778288825,-73.963639258,False,3c2ff00920a13d1ef79398953d759b81
162,Leon Levy and Shelby White Court,Leon Levy and Shelby White Court and Galleries,1,Gallery 162,40.778288825,-73.963639258,False,3c2ff00920a13d1ef79398953d759b81
162,Leon Levy and Shelby White Court,Leon Levy and Shelby White Court and Galleries,1,Gallery 162,40.778288825,-73.963639258,False,3c2ff00920a13d1ef79398953d759b81
163,Hellenistic Treasury: Third–First Century B.C.,The Lamont Wing,1,Gallery 163,40.778346132,-73.963164757,True,4fd91212105ec850a302fdf1825604a6
163,Hellenistic Treasury: Third–First Century B.C.,The Lamont Wing,1,Gallery 163,40.778346132,-73.963164757,True,4fd91212105ec850a302fdf1825604a6
163,Hellenistic Treasury: Third–First Century B.C.,The Lamont Wing,1,Gallery 163,40.778346132,-73.963164757,True,4fd91212105ec850a302fdf1825604a6
163,Hellenistic Treasury: Third–First Century B.C.,The Lamont Wing,1,Gallery 163,40.778346132,-73.963164757,True,4fd91212105ec850a302fdf1825604a6
163,Hellenistic Treasury: Third–First Century B.C.,The Lamont Wing,1,Gallery 163,40.778346132,-73.963164757,True,4fd91212105ec850a302fdf1825604a6
163,Hellenistic Treasury: Third–First Century B.C.,The Lamont Wing,1,Gallery 163,40.778346132,-73.963164757,True,4fd91212105ec850a302fdf1825604a6
163,Hellenistic Treasury: Third–First Century B.C.,The Lamont Wing,1,Gallery 163,40.778346132,-73.963164757,True,4fd91212105ec850a302fdf1825604a6
164,Hellenistic Art: Third Century B.C.–First Century A.D.,Tarsi and John Georgas Family Gallery,1,Gallery 164,40.778235637,-73.963269533,True,ecd249dd07fae16a15fbf474e8669331
164,Hellenistic Art: Third Century B.C.–First Century A.D.,Tarsi and John Georgas Family Gallery,1,Gallery 164,40.778235637,-73.963269533,True,ecd249dd07fae16a15fbf474e8669331
164,Hellenistic Art: Third Century B.C.–First Century A.D.,Tarsi and John Georgas Family Gallery,1,Gallery 164,40.778235637,-73.963269533,True,ecd249dd07fae16a15fbf474e8669331
164,Hellenistic Art: Third Century B.C.–First Century A.D.,Tarsi and John Georgas Family Gallery,1,Gallery 164,40.778235637,-73.963269533,True,ecd249dd07fae16a15fbf474e8669331
164,Hellenistic Art: Third Century B.C.–First Century A.D.,Tarsi and John Georgas Family Gallery,1,Gallery 164,40.778235637,-73.963269533,True,ecd249dd07fae16a15fbf474e8669331
164,Hellenistic Art: Third Century B.C.–First Century A.D.,Tarsi and John Georgas Family Gallery,1,Gallery 164,40.778235637,-73.963269533,True,ecd249dd07fae16a15fbf474e8669331
164,Hellenistic Art: Third Century B.C.–First Century A.D.,Tarsi and John Georgas Family Gallery,1,Gallery 164,40.778235637,-73.963269533,True,ecd249dd07fae16a15fbf474e8669331
165,The Cubiculum Nocturnum,The Lamont Wing,1,Gallery 165,40.77815611,-73.963324614,False,6cdc4f2ed400e12bc3955f2e13c99161
165,The Cubiculum Nocturnum,The Lamont Wing,1,Gallery 165,40.77815611,-73.963324614,False,6cdc4f2ed400e12bc3955f2e13c99161
165,The Cubiculum Nocturnum,The Lamont Wing,1,Gallery 165,40.77815611,-73.963324614,False,6cdc4f2ed400e12bc3955f2e13c99161
165,The Cubiculum Nocturnum,The Lamont Wing,1,Gallery 165,40.77815611,-73.963324614,False,6cdc4f2ed400e12bc3955f2e13c99161
165,The Cubiculum Nocturnum,The Lamont Wing,1,Gallery 165,40.77815611,-73.963324614,False,6cdc4f2ed400e12bc3955f2e13c99161
165,The Cubiculum Nocturnum,The Lamont Wing,1,Gallery 165,40.77815611,-73.963324614,False,6cdc4f2ed400e12bc3955f2e13c99161
165,The Cubiculum Nocturnum,The Lamont Wing,1,Gallery 165,40.77815611,-73.963324614,False,6cdc4f2ed400e12bc3955f2e13c99161
166,Art of Augustan Rome: Late First Century B.C.–First Century A.D.,Sylvia Josephs Berger and Joyce Berger Cowin Gallery,1,Gallery 166,40.778094974,-73.963372105,True,18ef2ba392ce0177fa287c9da4a321c7
166,Art of Augustan Rome: Late First Century B.C.–First Century A.D.,Sylvia Josephs Berger and Joyce Berger Cowin Gallery,1,Gallery 166,40.778094974,-73.963372105,True,18ef2ba392ce0177fa287c9da4a321c7
166,Art of Augustan Rome: Late First Century B.C.–First Century A.D.,Sylvia Josephs Berger and Joyce Berger Cowin Gallery,1,Gallery 166,40.778094974,-73.963372105,True,18ef2ba392ce0177fa287c9da4a321c7
166,Art of Augustan Rome: Late First Century B.C.–First Century A.D.,Sylvia Josephs Berger and Joyce Berger Cowin Gallery,1,Gallery 166,40.778094974,-73.963372105,True,18ef2ba392ce0177fa287c9da4a321c7
166,Art of Augustan Rome: Late First Century B.C.–First Century A.D.,Sylvia Josephs Berger and Joyce Berger Cowin Gallery,1,Gallery 166,40.778094974,-73.963372105,True,18ef2ba392ce0177fa287c9da4a321c7
166,Art of Augustan Rome: Late First Century B.C.–First Century A.D.,Sylvia Josephs Berger and Joyce Berger Cowin Gallery,1,Gallery 166,40.778094974,-73.963372105,True,18ef2ba392ce0177fa287c9da4a321c7
166,Art of Augustan Rome: Late First Century B.C.–First Century A.D.,Sylvia Josephs Berger and Joyce Berger Cowin Gallery,1,Gallery 166,40.778094974,-73.963372105,True,18ef2ba392ce0177fa287c9da4a321c7
167,The Black Room: Late First Century B.C.,The Lamont Wing,1,Gallery 167,40.778032346,-73.963416057,False,a5d2691d76b8027c7cb7fa0c2f59aa27
167,The Black Room: Late First Century B.C.,The Lamont Wing,1,Gallery 167,40.778032346,-73.963416057,False,a5d2691d76b8027c7cb7fa0c2f59aa27
167,The Black Room: Late First Century B.C.,The Lamont Wing,1,Gallery 167,40.778032346,-73.963416057,False,a5d2691d76b8027c7cb7fa0c2f59aa27
167,The Black Room: Late First Century B.C.,The Lamont Wing,1,Gallery 167,40.778032346,-73.963416057,False,a5d2691d76b8027c7cb7fa0c2f59aa27
167,The Black Room: Late First Century B.C.,The Lamont Wing,1,Gallery 167,40.778032346,-73.963416057,False,a5d2691d76b8027c7cb7fa0c2f59aa27
167,The Black Room: Late First Century B.C.,The Lamont Wing,1,Gallery 167,40.778032346,-73.963416057,False,a5d2691d76b8027c7cb7fa0c2f59aa27
167,The Black Room: Late First Century B.C.,The Lamont Wing,1,Gallery 167,40.778032346,-73.963416057,False,a5d2691d76b8027c7cb7fa0c2f59aa27
168,Art of Imperial Rome: Second Century A.D.,The Lamont Wing,1,Gallery 168,40.777956206,-73.963473291,True,8fb76d28c2bf45879d1a2537b9e347ef
168,Art of Imperial Rome: Second Century A.D.,The Lamont Wing,1,Gallery 168,40.777956206,-73.963473291,True,8fb76d28c2bf45879d1a2537b9e347ef
168,Art of Imperial Rome: Second Century A.D.,The Lamont Wing,1,Gallery 168,40.777956206,-73.963473291,True,8fb76d28c2bf45879d1a2537b9e347ef
168,Art of Imperial Rome: Second Century A.D.,The Lamont Wing,1,Gallery 168,40.777956206,-73.963473291,True,8fb76d28c2bf45879d1a2537b9e347ef
168,Art of Imperial Rome: Second Century A.D.,The Lamont Wing,1,Gallery 168,40.777956206,-73.963473291,True,8fb76d28c2bf45879d1a2537b9e347ef
168,Art of Imperial Rome: Second Century A.D.,The Lamont Wing,1,Gallery 168,40.777956206,-73.963473291,True,8fb76d28c2bf45879d1a2537b9e347ef
168,Art of Imperial Rome: Second Century A.D.,The Lamont Wing,1,Gallery 168,40.777956206,-73.963473291,True,8fb76d28c2bf45879d1a2537b9e347ef
169,Art of the Later Roman Empire: Third Century A.D.,John A. and Carole O. Moran Gallery,1,Gallery 169,40.778046331,-73.963687182,False,a45ad8feed9dbf07cd4b87827da7981c
169,Art of the Later Roman Empire: Third Century A.D.,John A. and Carole O. Moran Gallery,1,Gallery 169,40.778046331,-73.963687182,False,a45ad8feed9dbf07cd4b87827da7981c
169,Art of the Later Roman Empire: Third Century A.D.,John A. and Carole O. Moran Gallery,1,Gallery 169,40.778046331,-73.963687182,False,a45ad8feed9dbf07cd4b87827da7981c
169,Art of the Later Roman Empire: Third Century A.D.,John A. and Carole O. Moran Gallery,1,Gallery 169,40.778046331,-73.963687182,False,a45ad8feed9dbf07cd4b87827da7981c
169,Art of the Later Roman Empire: Third Century A.D.,John A. and Carole O. Moran Gallery,1,Gallery 169,40.778046331,-73.963687182,False,a45ad8feed9dbf07cd4b87827da7981c
169,Art of the Later Roman Empire: Third Century A.D.,John A. and Carole O. Moran Gallery,1,Gallery 169,40.778046331,-73.963687182,False,a45ad8feed9dbf07cd4b87827da7981c
169,Art of the Later Roman Empire: Third Century A.D.,John A. and Carole O. Moran Gallery,1,Gallery 169,40.778046331,-73.963687182,False,a45ad8feed9dbf07cd4b87827da7981c
170,Etruscan Art: Ninth–Second Century B.C.,Leon Levy and Shelby White Court and Galleries,1M,Gallery 170,40.778052725,-73.963697006,False,59d9a756f5310d5f74a57711d7733144
170,Etruscan Art: Ninth–Second Century B.C.,Leon Levy and Shelby White Court and Galleries,1M,Gallery 170,40.778052725,-73.963697006,False,59d9a756f5310d5f74a57711d7733144
170,Etruscan Art: Ninth–Second Century B.C.,Leon Levy and Shelby White Court and Galleries,1M,Gallery 170,40.778052725,-73.963697006,False,59d9a756f5310d5f74a57711d7733144
170,Etruscan Art: Ninth–Second Century B.C.,Leon Levy and Shelby White Court and Galleries,1M,Gallery 170,40.778052725,-73.963697006,False,59d9a756f5310d5f74a57711d7733144
170,Etruscan Art: Ninth–Second Century B.C.,Leon Levy and Shelby White Court and Galleries,1M,Gallery 170,40.778052725,-73.963697006,False,59d9a756f5310d5f74a57711d7733144
170,Etruscan Art: Ninth–Second Century B.C.,Leon Levy and Shelby White Court and Galleries,1M,Gallery 170,40.778052725,-73.963697006,False,59d9a756f5310d5f74a57711d7733144
170,Etruscan Art: Ninth–Second Century B.C.,Leon Levy and Shelby White Court and Galleries,1M,Gallery 170,40.778052725,-73.963697006,False,59d9a756f5310d5f74a57711d7733144
171,Cycladic Art,,1M,Gallery 171,40.778005674,-73.963440983,False,a06f2eb5cb51a7e32b5bb54d959f2fa0
171,Cycladic Art,,1M,Gallery 171,40.778005674,-73.963440983,False,a06f2eb5cb51a7e32b5bb54d959f2fa0
171,Cycladic Art,,1M,Gallery 171,40.778005674,-73.963440983,False,a06f2eb5cb51a7e32b5bb54d959f2fa0
171,Cycladic Art,,1M,Gallery 171,40.778005674,-73.963440983,False,a06f2eb5cb51a7e32b5bb54d959f2fa0
171,Cycladic Art,,1M,Gallery 171,40.778005674,-73.963440983,False,a06f2eb5cb51a7e32b5bb54d959f2fa0
171,Cycladic Art,,1M,Gallery 171,40.778005674,-73.963440983,False,a06f2eb5cb51a7e32b5bb54d959f2fa0
171,Cycladic Art,,1M,Gallery 171,40.778005674,-73.963440983,False,a06f2eb5cb51a7e32b5bb54d959f2fa0
172,Special Exhibitions,,1M,Gallery 172,40.778346132,-73.963164757,False,6fe3959156f3c0e755eb2152d88b953f
172,Special Exhibitions,,1M,Gallery 172,40.778346132,-73.963164757,False,6fe3959156f3c0e755eb2152d88b953f
172,Special Exhibitions,,1M,Gallery 172,40.778346132,-73.963164757,False,6fe3959156f3c0e755eb2152d88b953f
172,Special Exhibitions,,1M,Gallery 172,40.778346132,-73.963164757,False,6fe3959156f3c0e755eb2152d88b953f
172,Special Exhibitions,,1M,Gallery 172,40.778346132,-73.963164757,False,6fe3959156f3c0e755eb2152d88b953f
172,Special Exhibitions,,1M,Gallery 172,40.778346132,-73.963164757,False,6fe3959156f3c0e755eb2152d88b953f
172,Special Exhibitions,,1M,Gallery 172,40.778346132,-73.963164757,False,6fe3959156f3c0e755eb2152d88b953f
173,Prehistoric Art from Cyprus: Seventh Millennium–ca. 1000 B.C.,The Norbert Schimmel Gallery,2,Gallery 173,40.778734998,-73.963348624,True,919411b10a2e411b8ec416e262983c4b
173,Prehistoric Art from Cyprus: Seventh Millennium–ca. 1000 B.C.,The Norbert Schimmel Gallery,2,Gallery 173,40.778734998,-73.963348624,True,919411b10a2e411b8ec416e262983c4b
173,Prehistoric Art from Cyprus: Seventh Millennium–ca. 1000 B.C.,The Norbert Schimmel Gallery,2,Gallery 173,40.778734998,-73.963348624,True,919411b10a2e411b8ec416e262983c4b
173,Prehistoric Art from Cyprus: Seventh Millennium–ca. 1000 B.C.,The Norbert Schimmel Gallery,2,Gallery 173,40.778734998,-73.963348624,True,919411b10a2e411b8ec416e262983c4b
173,Prehistoric Art from Cyprus: Seventh Millennium–ca. 1000 B.C.,The Norbert Schimmel Gallery,2,Gallery 173,40.778734998,-73.963348624,True,919411b10a2e411b8ec416e262983c4b
173,Prehistoric Art from Cyprus: Seventh Millennium–ca. 1000 B.C.,The Norbert Schimmel Gallery,2,Gallery 173,40.778734998,-73.963348624,True,919411b10a2e411b8ec416e262983c4b
173,Prehistoric Art from Cyprus: Seventh Millennium–ca. 1000 B.C.,The Norbert Schimmel Gallery,2,Gallery 173,40.778734998,-73.963348624,True,919411b10a2e411b8ec416e262983c4b
174,Archaic Art from Cyprus: ca. 1000–ca. 480 B.C.,,2,Gallery 174,40.778618927,-73.963433261,True,21ee71cb44bd7378482a5758d48e6417
174,Archaic Art from Cyprus: ca. 1000–ca. 480 B.C.,,2,Gallery 174,40.778618927,-73.963433261,True,21ee71cb44bd7378482a5758d48e6417
174,Archaic Art from Cyprus: ca. 1000–ca. 480 B.C.,,2,Gallery 174,40.778618927,-73.963433261,True,21ee71cb44bd7378482a5758d48e6417
174,Archaic Art from Cyprus: ca. 1000–ca. 480 B.C.,,2,Gallery 174,40.778618927,-73.963433261,True,21ee71cb44bd7378482a5758d48e6417
174,Archaic Art from Cyprus: ca. 1000–ca. 480 B.C.,,2,Gallery 174,40.778618927,-73.963433261,True,21ee71cb44bd7378482a5758d48e6417
174,Archaic Art from Cyprus: ca. 1000–ca. 480 B.C.,,2,Gallery 174,40.778618927,-73.963433261,True,21ee71cb44bd7378482a5758d48e6417
174,Archaic Art from Cyprus: ca. 1000–ca. 480 B.C.,,2,Gallery 174,40.778618927,-73.963433261,True,21ee71cb44bd7378482a5758d48e6417
175,Classical Art from Cyprus: ca. 480–ca. 310 B.C.,A.G. Leventis Foundation Gallery,2,Gallery 175,40.778487844,-73.963492945,True,d882f69edd00b81a026c3d8a29280217
175,Classical Art from Cyprus: ca. 480–ca. 310 B.C.,A.G. Leventis Foundation Gallery,2,Gallery 175,40.778487844,-73.963492945,True,d882f69edd00b81a026c3d8a29280217
175,Classical Art from Cyprus: ca. 480–ca. 310 B.C.,A.G. Leventis Foundation Gallery,2,Gallery 175,40.778487844,-73.963492945,True,d882f69edd00b81a026c3d8a29280217
175,Classical Art from Cyprus: ca. 480–ca. 310 B.C.,A.G. Leventis Foundation Gallery,2,Gallery 175,40.778487844,-73.963492945,True,d882f69edd00b81a026c3d8a29280217
175,Classical Art from Cyprus: ca. 480–ca. 310 B.C.,A.G. Leventis Foundation Gallery,2,Gallery 175,40.778487844,-73.963492945,True,d882f69edd00b81a026c3d8a29280217
175,Classical Art from Cyprus: ca. 480–ca. 310 B.C.,A.G. Leventis Foundation Gallery,2,Gallery 175,40.778487844,-73.963492945,True,d882f69edd00b81a026c3d8a29280217
175,Classical Art from Cyprus: ca. 480–ca. 310 B.C.,A.G. Leventis Foundation Gallery,2,Gallery 175,40.778487844,-73.963492945,True,d882f69edd00b81a026c3d8a29280217
176,The Jake and Nancy Hamon Gallery,Jake and Nancy Hamon Gallery,2,Gallery 176,40.778444972,-73.963390806,True,4b5f34c5eda646b5c3c2fc68e2ea3942
176,The Jake and Nancy Hamon Gallery,Jake and Nancy Hamon Gallery,2,Gallery 176,40.778444972,-73.963390806,True,4b5f34c5eda646b5c3c2fc68e2ea3942
176,The Jake and Nancy Hamon Gallery,Jake and Nancy Hamon Gallery,2,Gallery 176,40.778444972,-73.963390806,True,4b5f34c5eda646b5c3c2fc68e2ea3942
176,The Jake and Nancy Hamon Gallery,Jake and Nancy Hamon Gallery,2,Gallery 176,40.778444972,-73.963390806,True,4b5f34c5eda646b5c3c2fc68e2ea3942
176,The Jake and Nancy Hamon Gallery,Jake and Nancy Hamon Gallery,2,Gallery 176,40.778444972,-73.963390806,True,4b5f34c5eda646b5c3c2fc68e2ea3942
176,The Jake and Nancy Hamon Gallery,Jake and Nancy Hamon Gallery,2,Gallery 176,40.778444972,-73.963390806,True,4b5f34c5eda646b5c3c2fc68e2ea3942
176,The Jake and Nancy Hamon Gallery,Jake and Nancy Hamon Gallery,2,Gallery 176,40.778444972,-73.963390806,True,4b5f34c5eda646b5c3c2fc68e2ea3942
200,Chinese Ceramics & More!,,2,Gallery 200,40.779262161,-73.963184305,False,d5c9c21e29ed920b038825d12490225d
200,Chinese Ceramics & More!,,2,Gallery 200,40.779262161,-73.963184305,False,d5c9c21e29ed920b038825d12490225d
200,Chinese Ceramics & More!,,2,Gallery 200,40.779262161,-73.963184305,False,d5c9c21e29ed920b038825d12490225d
200,Chinese Ceramics & More!,,2,Gallery 200,40.779262161,-73.963184305,False,d5c9c21e29ed920b038825d12490225d
200,Chinese Ceramics & More!,,2,Gallery 200,40.779262161,-73.963184305,False,d5c9c21e29ed920b038825d12490225d
200,Chinese Ceramics & More!,,2,Gallery 200,40.779262161,-73.963184305,False,d5c9c21e29ed920b038825d12490225d
200,Chinese Ceramics & More!,,2,Gallery 200,40.779262161,-73.963184305,False,d5c9c21e29ed920b038825d12490225d
201,Chinese Ceramics,,2,Gallery 201,40.779359281,-73.963113485,False,4052f20521fff4b865ccfb674fe5f6b3
201,Chinese Ceramics,,2,Gallery 201,40.779359281,-73.963113485,False,4052f20521fff4b865ccfb674fe5f6b3
201,Chinese Ceramics,,2,Gallery 201,40.779359281,-73.963113485,False,4052f20521fff4b865ccfb674fe5f6b3
201,Chinese Ceramics,,2,Gallery 201,40.779359281,-73.963113485,False,4052f20521fff4b865ccfb674fe5f6b3
201,Chinese Ceramics,,2,Gallery 201,40.779359281,-73.963113485,False,4052f20521fff4b865ccfb674fe5f6b3
201,Chinese Ceramics,,2,Gallery 201,40.779359281,-73.963113485,False,4052f20521fff4b865ccfb674fe5f6b3
201,Chinese Ceramics,,2,Gallery 201,40.779359281,-73.963113485,False,4052f20521fff4b865ccfb674fe5f6b3
202,Gallery 202,,2,Gallery 202,40.779239302,-73.962979541,False,2a82a1274ed544ed5f536e70b5d5dbf5
202,Gallery 202,,2,Gallery 202,40.779239302,-73.962979541,False,2a82a1274ed544ed5f536e70b5d5dbf5
202,Gallery 202,,2,Gallery 202,40.779239302,-73.962979541,False,2a82a1274ed544ed5f536e70b5d5dbf5
202,Gallery 202,,2,Gallery 202,40.779239302,-73.962979541,False,2a82a1274ed544ed5f536e70b5d5dbf5
202,Gallery 202,,2,Gallery 202,40.779239302,-73.962979541,False,2a82a1274ed544ed5f536e70b5d5dbf5
202,Gallery 202,,2,Gallery 202,40.779239302,-73.962979541,False,2a82a1274ed544ed5f536e70b5d5dbf5
202,Gallery 202,,2,Gallery 202,40.779239302,-73.962979541,False,2a82a1274ed544ed5f536e70b5d5dbf5
203,Chinese Ceramics,,2,Gallery 203,40.778960267,-73.963021496,False,c3af1c35681ce9ad8fde087a464dfd10
203,Chinese Ceramics,,2,Gallery 203,40.778960267,-73.963021496,False,c3af1c35681ce9ad8fde087a464dfd10
203,Chinese Ceramics,,2,Gallery 203,40.778960267,-73.963021496,False,c3af1c35681ce9ad8fde087a464dfd10
203,Chinese Ceramics,,2,Gallery 203,40.778960267,-73.963021496,False,c3af1c35681ce9ad8fde087a464dfd10
203,Chinese Ceramics,,2,Gallery 203,40.778960267,-73.963021496,False,c3af1c35681ce9ad8fde087a464dfd10
203,Chinese Ceramics,,2,Gallery 203,40.778960267,-73.963021496,False,c3af1c35681ce9ad8fde087a464dfd10
203,Chinese Ceramics,,2,Gallery 203,40.778960267,-73.963021496,False,c3af1c35681ce9ad8fde087a464dfd10
204,Chinese Ceramics,,2,Gallery 204,40.779134944,-73.962731959,False,92dc4f7c4a2f9614f58ecedd8f89bf5b
204,Chinese Ceramics,,2,Gallery 204,40.779134944,-73.962731959,False,92dc4f7c4a2f9614f58ecedd8f89bf5b
204,Chinese Ceramics,,2,Gallery 204,40.779134944,-73.962731959,False,92dc4f7c4a2f9614f58ecedd8f89bf5b
204,Chinese Ceramics,,2,Gallery 204,40.779134944,-73.962731959,False,92dc4f7c4a2f9614f58ecedd8f89bf5b
204,Chinese Ceramics,,2,Gallery 204,40.779134944,-73.962731959,False,92dc4f7c4a2f9614f58ecedd8f89bf5b
204,Chinese Ceramics,,2,Gallery 204,40.779134944,-73.962731959,False,92dc4f7c4a2f9614f58ecedd8f89bf5b
204,Chinese Ceramics,,2,Gallery 204,40.779134944,-73.962731959,False,92dc4f7c4a2f9614f58ecedd8f89bf5b
205,Chinese Ceramics,Adele and Stanley Herzman Collection,2,Gallery 205,40.779414186,-73.962690439,False,c86d6d201424fbbc8c94a14418224f56
205,Chinese Ceramics,Adele and Stanley Herzman Collection,2,Gallery 205,40.779414186,-73.962690439,False,c86d6d201424fbbc8c94a14418224f56
205,Chinese Ceramics,Adele and Stanley Herzman Collection,2,Gallery 205,40.779414186,-73.962690439,False,c86d6d201424fbbc8c94a14418224f56
205,Chinese Ceramics,Adele and Stanley Herzman Collection,2,Gallery 205,40.779414186,-73.962690439,False,c86d6d201424fbbc8c94a14418224f56
205,Chinese Ceramics,Adele and Stanley Herzman Collection,2,Gallery 205,40.779414186,-73.962690439,False,c86d6d201424fbbc8c94a14418224f56
205,Chinese Ceramics,Adele and Stanley Herzman Collection,2,Gallery 205,40.779414186,-73.962690439,False,c86d6d201424fbbc8c94a14418224f56
205,Chinese Ceramics,Adele and Stanley Herzman Collection,2,Gallery 205,40.779414186,-73.962690439,False,c86d6d201424fbbc8c94a14418224f56
206,Chinese Buddhist Art ,The Arthur M. Sackler Gallery,2,Gallery 206,40.779504915,-73.962624073,False,c99b1369034ee54fce5e29136ecceb7c
206,Chinese Buddhist Art ,The Arthur M. Sackler Gallery,2,Gallery 206,40.779504915,-73.962624073,False,c99b1369034ee54fce5e29136ecceb7c
206,Chinese Buddhist Art ,The Arthur M. Sackler Gallery,2,Gallery 206,40.779504915,-73.962624073,False,c99b1369034ee54fce5e29136ecceb7c
206,Chinese Buddhist Art ,The Arthur M. Sackler Gallery,2,Gallery 206,40.779504915,-73.962624073,False,c99b1369034ee54fce5e29136ecceb7c
206,Chinese Buddhist Art ,The Arthur M. Sackler Gallery,2,Gallery 206,40.779504915,-73.962624073,False,c99b1369034ee54fce5e29136ecceb7c
206,Chinese Buddhist Art ,The Arthur M. Sackler Gallery,2,Gallery 206,40.779504915,-73.962624073,False,c99b1369034ee54fce5e29136ecceb7c
206,Chinese Buddhist Art ,The Arthur M. Sackler Gallery,2,Gallery 206,40.779504915,-73.962624073,False,c99b1369034ee54fce5e29136ecceb7c
207,Celebrating the Year of the Horse,,2,Gallery 207,40.779808578,-73.962536865,False,2a62ca6323b611deb13316a39293fb02
207,Celebrating the Year of the Horse,,2,Gallery 207,40.779808578,-73.962536865,False,2a62ca6323b611deb13316a39293fb02
207,Celebrating the Year of the Horse,,2,Gallery 207,40.779808578,-73.962536865,False,2a62ca6323b611deb13316a39293fb02
207,Celebrating the Year of the Horse,,2,Gallery 207,40.779808578,-73.962536865,False,2a62ca6323b611deb13316a39293fb02
207,Celebrating the Year of the Horse,,2,Gallery 207,40.779808578,-73.962536865,False,2a62ca6323b611deb13316a39293fb02
207,Celebrating the Year of the Horse,,2,Gallery 207,40.779808578,-73.962536865,False,2a62ca6323b611deb13316a39293fb02
207,Celebrating the Year of the Horse,,2,Gallery 207,40.779808578,-73.962536865,False,2a62ca6323b611deb13316a39293fb02
208,Chinese Buddhist Art ,Charlotte C. Weber Galleries,2,Gallery 208,40.779721287,-73.962478484,False,df3204cbbffb83e51b304b68d415dec8
208,Chinese Buddhist Art ,Charlotte C. Weber Galleries,2,Gallery 208,40.779721287,-73.962478484,False,df3204cbbffb83e51b304b68d415dec8
208,Chinese Buddhist Art ,Charlotte C. Weber Galleries,2,Gallery 208,40.779721287,-73.962478484,False,df3204cbbffb83e51b304b68d415dec8
208,Chinese Buddhist Art ,Charlotte C. Weber Galleries,2,Gallery 208,40.779721287,-73.962478484,False,df3204cbbffb83e51b304b68d415dec8
208,Chinese Buddhist Art ,Charlotte C. Weber Galleries,2,Gallery 208,40.779721287,-73.962478484,False,df3204cbbffb83e51b304b68d415dec8
208,Chinese Buddhist Art ,Charlotte C. Weber Galleries,2,Gallery 208,40.779721287,-73.962478484,False,df3204cbbffb83e51b304b68d415dec8
208,Chinese Buddhist Art ,Charlotte C. Weber Galleries,2,Gallery 208,40.779721287,-73.962478484,False,df3204cbbffb83e51b304b68d415dec8
209,The Astor Forecourt,Florence and Herbert Irving Asian Wing,2,Gallery 209,40.780008923,-73.962256135,False,8e49fe7d55152cc4581d0275ddc768dd
209,The Astor Forecourt,Florence and Herbert Irving Asian Wing,2,Gallery 209,40.780008923,-73.962256135,False,8e49fe7d55152cc4581d0275ddc768dd
209,The Astor Forecourt,Florence and Herbert Irving Asian Wing,2,Gallery 209,40.780008923,-73.962256135,False,8e49fe7d55152cc4581d0275ddc768dd
209,The Astor Forecourt,Florence and Herbert Irving Asian Wing,2,Gallery 209,40.780008923,-73.962256135,False,8e49fe7d55152cc4581d0275ddc768dd
209,The Astor Forecourt,Florence and Herbert Irving Asian Wing,2,Gallery 209,40.780008923,-73.962256135,False,8e49fe7d55152cc4581d0275ddc768dd
209,The Astor Forecourt,Florence and Herbert Irving Asian Wing,2,Gallery 209,40.780008923,-73.962256135,False,8e49fe7d55152cc4581d0275ddc768dd
209,The Astor Forecourt,Florence and Herbert Irving Asian Wing,2,Gallery 209,40.780008923,-73.962256135,False,8e49fe7d55152cc4581d0275ddc768dd
210,Chinese Painting and Calligraphy,Douglas Dillon Galleries,2,Gallery 210,40.780212407,-73.962252558,False,cc40269d37c8080642bd412e80e15204
210,Chinese Painting and Calligraphy,Douglas Dillon Galleries,2,Gallery 210,40.780212407,-73.962252558,False,cc40269d37c8080642bd412e80e15204
210,Chinese Painting and Calligraphy,Douglas Dillon Galleries,2,Gallery 210,40.780212407,-73.962252558,False,cc40269d37c8080642bd412e80e15204
210,Chinese Painting and Calligraphy,Douglas Dillon Galleries,2,Gallery 210,40.780212407,-73.962252558,False,cc40269d37c8080642bd412e80e15204
210,Chinese Painting and Calligraphy,Douglas Dillon Galleries,2,Gallery 210,40.780212407,-73.962252558,False,cc40269d37c8080642bd412e80e15204
210,Chinese Painting and Calligraphy,Douglas Dillon Galleries,2,Gallery 210,40.780212407,-73.962252558,False,cc40269d37c8080642bd412e80e15204
210,Chinese Painting and Calligraphy,Douglas Dillon Galleries,2,Gallery 210,40.780212407,-73.962252558,False,cc40269d37c8080642bd412e80e15204
211,C.C. Wang Family Gallery for Chinese Painting and Calligraphy,C.C. Wang Family Gallery,2,Gallery 211,40.780377928,-73.962113841,False,2fb49a77643aca18539e5a5ccca39e3f
211,C.C. Wang Family Gallery for Chinese Painting and Calligraphy,C.C. Wang Family Gallery,2,Gallery 211,40.780377928,-73.962113841,False,2fb49a77643aca18539e5a5ccca39e3f
211,C.C. Wang Family Gallery for Chinese Painting and Calligraphy,C.C. Wang Family Gallery,2,Gallery 211,40.780377928,-73.962113841,False,2fb49a77643aca18539e5a5ccca39e3f
211,C.C. Wang Family Gallery for Chinese Painting and Calligraphy,C.C. Wang Family Gallery,2,Gallery 211,40.780377928,-73.962113841,False,2fb49a77643aca18539e5a5ccca39e3f
211,C.C. Wang Family Gallery for Chinese Painting and Calligraphy,C.C. Wang Family Gallery,2,Gallery 211,40.780377928,-73.962113841,False,2fb49a77643aca18539e5a5ccca39e3f
211,C.C. Wang Family Gallery for Chinese Painting and Calligraphy,C.C. Wang Family Gallery,2,Gallery 211,40.780377928,-73.962113841,False,2fb49a77643aca18539e5a5ccca39e3f
211,C.C. Wang Family Gallery for Chinese Painting and Calligraphy,C.C. Wang Family Gallery,2,Gallery 211,40.780377928,-73.962113841,False,2fb49a77643aca18539e5a5ccca39e3f
212,C.C. Wang Family Gallery for Chinese Painting and Calligraphy,C.C. Wang Family Gallery,2,Gallery 212,40.780420988,-73.962150176,False,15da0b9a6d75af45f018e55085262da4
212,C.C. Wang Family Gallery for Chinese Painting and Calligraphy,C.C. Wang Family Gallery,2,Gallery 212,40.780420988,-73.962150176,False,15da0b9a6d75af45f018e55085262da4
212,C.C. Wang Family Gallery for Chinese Painting and Calligraphy,C.C. Wang Family Gallery,2,Gallery 212,40.780420988,-73.962150176,False,15da0b9a6d75af45f018e55085262da4
212,C.C. Wang Family Gallery for Chinese Painting and Calligraphy,C.C. Wang Family Gallery,2,Gallery 212,40.780420988,-73.962150176,False,15da0b9a6d75af45f018e55085262da4
212,C.C. Wang Family Gallery for Chinese Painting and Calligraphy,C.C. Wang Family Gallery,2,Gallery 212,40.780420988,-73.962150176,False,15da0b9a6d75af45f018e55085262da4
212,C.C. Wang Family Gallery for Chinese Painting and Calligraphy,C.C. Wang Family Gallery,2,Gallery 212,40.780420988,-73.962150176,False,15da0b9a6d75af45f018e55085262da4
212,C.C. Wang Family Gallery for Chinese Painting and Calligraphy,C.C. Wang Family Gallery,2,Gallery 212,40.780420988,-73.962150176,False,15da0b9a6d75af45f018e55085262da4
213,Chinese Painting and Calligraphy,Frances Young Tang Gallery,2,Gallery 213,40.780328762,-73.961997168,False,92fb71651ab42ad9b25e6d7f0b9923f1
213,Chinese Painting and Calligraphy,Frances Young Tang Gallery,2,Gallery 213,40.780328762,-73.961997168,False,92fb71651ab42ad9b25e6d7f0b9923f1
213,Chinese Painting and Calligraphy,Frances Young Tang Gallery,2,Gallery 213,40.780328762,-73.961997168,False,92fb71651ab42ad9b25e6d7f0b9923f1
213,Chinese Painting and Calligraphy,Frances Young Tang Gallery,2,Gallery 213,40.780328762,-73.961997168,False,92fb71651ab42ad9b25e6d7f0b9923f1
213,Chinese Painting and Calligraphy,Frances Young Tang Gallery,2,Gallery 213,40.780328762,-73.961997168,False,92fb71651ab42ad9b25e6d7f0b9923f1
213,Chinese Painting and Calligraphy,Frances Young Tang Gallery,2,Gallery 213,40.780328762,-73.961997168,False,92fb71651ab42ad9b25e6d7f0b9923f1
213,Chinese Painting and Calligraphy,Frances Young Tang Gallery,2,Gallery 213,40.780328762,-73.961997168,False,92fb71651ab42ad9b25e6d7f0b9923f1
214,Chinese Painting and Calligraphy,Douglas Dillon Galleries,2,Gallery 214,40.78021068,-73.961966017,False,2e59eba94593ed17533c9217a503cf16
214,Chinese Painting and Calligraphy,Douglas Dillon Galleries,2,Gallery 214,40.78021068,-73.961966017,False,2e59eba94593ed17533c9217a503cf16
214,Chinese Painting and Calligraphy,Douglas Dillon Galleries,2,Gallery 214,40.78021068,-73.961966017,False,2e59eba94593ed17533c9217a503cf16
214,Chinese Painting and Calligraphy,Douglas Dillon Galleries,2,Gallery 214,40.78021068,-73.961966017,False,2e59eba94593ed17533c9217a503cf16
214,Chinese Painting and Calligraphy,Douglas Dillon Galleries,2,Gallery 214,40.78021068,-73.961966017,False,2e59eba94593ed17533c9217a503cf16
214,Chinese Painting and Calligraphy,Douglas Dillon Galleries,2,Gallery 214,40.78021068,-73.961966017,False,2e59eba94593ed17533c9217a503cf16
214,Chinese Painting and Calligraphy,Douglas Dillon Galleries,2,Gallery 214,40.78021068,-73.961966017,False,2e59eba94593ed17533c9217a503cf16
215,Chinese Painting and Calligraphy,Douglas Dillon Galleries,2,Gallery 215,40.780148237,-73.962011552,False,91af51c706974262fdfb9fcf3377fcfc
215,Chinese Painting and Calligraphy,Douglas Dillon Galleries,2,Gallery 215,40.780148237,-73.962011552,False,91af51c706974262fdfb9fcf3377fcfc
215,Chinese Painting and Calligraphy,Douglas Dillon Galleries,2,Gallery 215,40.780148237,-73.962011552,False,91af51c706974262fdfb9fcf3377fcfc
215,Chinese Painting and Calligraphy,Douglas Dillon Galleries,2,Gallery 215,40.780148237,-73.962011552,False,91af51c706974262fdfb9fcf3377fcfc
215,Chinese Painting and Calligraphy,Douglas Dillon Galleries,2,Gallery 215,40.780148237,-73.962011552,False,91af51c706974262fdfb9fcf3377fcfc
215,Chinese Painting and Calligraphy,Douglas Dillon Galleries,2,Gallery 215,40.780148237,-73.962011552,False,91af51c706974262fdfb9fcf3377fcfc
215,Chinese Painting and Calligraphy,Douglas Dillon Galleries,2,Gallery 215,40.780148237,-73.962011552,False,91af51c706974262fdfb9fcf3377fcfc
216,Chinese Painting and Calligraphy,Douglas Dillon Galleries,2,Gallery 216,40.780057202,-73.962077937,True,d89308841ecd29c3a0f9251c46271426
216,Chinese Painting and Calligraphy,Douglas Dillon Galleries,2,Gallery 216,40.780057202,-73.962077937,True,d89308841ecd29c3a0f9251c46271426
216,Chinese Painting and Calligraphy,Douglas Dillon Galleries,2,Gallery 216,40.780057202,-73.962077937,True,d89308841ecd29c3a0f9251c46271426
216,Chinese Painting and Calligraphy,Douglas Dillon Galleries,2,Gallery 216,40.780057202,-73.962077937,True,d89308841ecd29c3a0f9251c46271426
216,Chinese Painting and Calligraphy,Douglas Dillon Galleries,2,Gallery 216,40.780057202,-73.962077937,True,d89308841ecd29c3a0f9251c46271426
216,Chinese Painting and Calligraphy,Douglas Dillon Galleries,2,Gallery 216,40.780057202,-73.962077937,True,d89308841ecd29c3a0f9251c46271426
216,Chinese Painting and Calligraphy,Douglas Dillon Galleries,2,Gallery 216,40.780057202,-73.962077937,True,d89308841ecd29c3a0f9251c46271426
217,Chinese Courtyard in the Style of the Ming Dynasty,The Astor Court,2,Gallery 217,40.780140228,-73.962198618,False,638389ebf8907fe6cd0c08cc93801541
217,Chinese Courtyard in the Style of the Ming Dynasty,The Astor Court,2,Gallery 217,40.780140228,-73.962198618,False,638389ebf8907fe6cd0c08cc93801541
217,Chinese Courtyard in the Style of the Ming Dynasty,The Astor Court,2,Gallery 217,40.780140228,-73.962198618,False,638389ebf8907fe6cd0c08cc93801541
217,Chinese Courtyard in the Style of the Ming Dynasty,The Astor Court,2,Gallery 217,40.780140228,-73.962198618,False,638389ebf8907fe6cd0c08cc93801541
217,Chinese Courtyard in the Style of the Ming Dynasty,The Astor Court,2,Gallery 217,40.780140228,-73.962198618,False,638389ebf8907fe6cd0c08cc93801541
217,Chinese Courtyard in the Style of the Ming Dynasty,The Astor Court,2,Gallery 217,40.780140228,-73.962198618,False,638389ebf8907fe6cd0c08cc93801541
217,Chinese Courtyard in the Style of the Ming Dynasty,The Astor Court,2,Gallery 217,40.780140228,-73.962198618,False,638389ebf8907fe6cd0c08cc93801541
218,Chinese Courtyard in the Style of the Ming Dynasty,Florence and Herbert Irving Asian Wing,2,Gallery 218,40.780257355,-73.962076788,False,1195ffabadc12bc35940259dc82d09f2
218,Chinese Courtyard in the Style of the Ming Dynasty,Florence and Herbert Irving Asian Wing,2,Gallery 218,40.780257355,-73.962076788,False,1195ffabadc12bc35940259dc82d09f2
218,Chinese Courtyard in the Style of the Ming Dynasty,Florence and Herbert Irving Asian Wing,2,Gallery 218,40.780257355,-73.962076788,False,1195ffabadc12bc35940259dc82d09f2
218,Chinese Courtyard in the Style of the Ming Dynasty,Florence and Herbert Irving Asian Wing,2,Gallery 218,40.780257355,-73.962076788,False,1195ffabadc12bc35940259dc82d09f2
218,Chinese Courtyard in the Style of the Ming Dynasty,Florence and Herbert Irving Asian Wing,2,Gallery 218,40.780257355,-73.962076788,False,1195ffabadc12bc35940259dc82d09f2
218,Chinese Courtyard in the Style of the Ming Dynasty,Florence and Herbert Irving Asian Wing,2,Gallery 218,40.780257355,-73.962076788,False,1195ffabadc12bc35940259dc82d09f2
218,Chinese Courtyard in the Style of the Ming Dynasty,Florence and Herbert Irving Asian Wing,2,Gallery 218,40.780257355,-73.962076788,False,1195ffabadc12bc35940259dc82d09f2
219,Chinese Treasury,Florence and Herbert Irving Galleries for Chinese Decorative Arts,3,Gallery 219,40.780418254,-73.962143764,True,909afb5b21c6acc664f01ecc77c839aa
219,Chinese Treasury,Florence and Herbert Irving Galleries for Chinese Decorative Arts,3,Gallery 219,40.780418254,-73.962143764,True,909afb5b21c6acc664f01ecc77c839aa
219,Chinese Treasury,Florence and Herbert Irving Galleries for Chinese Decorative Arts,3,Gallery 219,40.780418254,-73.962143764,True,909afb5b21c6acc664f01ecc77c839aa
219,Chinese Treasury,Florence and Herbert Irving Galleries for Chinese Decorative Arts,3,Gallery 219,40.780418254,-73.962143764,True,909afb5b21c6acc664f01ecc77c839aa
219,Chinese Treasury,Florence and Herbert Irving Galleries for Chinese Decorative Arts,3,Gallery 219,40.780418254,-73.962143764,True,909afb5b21c6acc664f01ecc77c839aa
219,Chinese Treasury,Florence and Herbert Irving Galleries for Chinese Decorative Arts,3,Gallery 219,40.780418254,-73.962143764,True,909afb5b21c6acc664f01ecc77c839aa
219,Chinese Treasury,Florence and Herbert Irving Galleries for Chinese Decorative Arts,3,Gallery 219,40.780418254,-73.962143764,True,909afb5b21c6acc664f01ecc77c839aa
220,"Embracing Color: Enamel in Chinese Decorative Arts, 1300–1900",,3,Gallery 220,40.780369319,-73.96209342,True,0bb2539545bd6e7ede1e430455e27f3b
220,"Embracing Color: Enamel in Chinese Decorative Arts, 1300–1900",,3,Gallery 220,40.780369319,-73.96209342,True,0bb2539545bd6e7ede1e430455e27f3b
220,"Embracing Color: Enamel in Chinese Decorative Arts, 1300–1900",,3,Gallery 220,40.780369319,-73.96209342,True,0bb2539545bd6e7ede1e430455e27f3b
220,"Embracing Color: Enamel in Chinese Decorative Arts, 1300–1900",,3,Gallery 220,40.780369319,-73.96209342,True,0bb2539545bd6e7ede1e430455e27f3b
220,"Embracing Color: Enamel in Chinese Decorative Arts, 1300–1900",,3,Gallery 220,40.780369319,-73.96209342,True,0bb2539545bd6e7ede1e430455e27f3b
220,"Embracing Color: Enamel in Chinese Decorative Arts, 1300–1900",,3,Gallery 220,40.780369319,-73.96209342,True,0bb2539545bd6e7ede1e430455e27f3b
220,"Embracing Color: Enamel in Chinese Decorative Arts, 1300–1900",,3,Gallery 220,40.780369319,-73.96209342,True,0bb2539545bd6e7ede1e430455e27f3b
221,"Embracing Color: Enamel in Chinese Decorative Arts, 1300–1900",,3,Gallery 221,40.780331245,-73.96200306,True,4ab914dfd1f7d345f971c72a97fd1bff
221,"Embracing Color: Enamel in Chinese Decorative Arts, 1300–1900",,3,Gallery 221,40.780331245,-73.96200306,True,4ab914dfd1f7d345f971c72a97fd1bff
221,"Embracing Color: Enamel in Chinese Decorative Arts, 1300–1900",,3,Gallery 221,40.780331245,-73.96200306,True,4ab914dfd1f7d345f971c72a97fd1bff
221,"Embracing Color: Enamel in Chinese Decorative Arts, 1300–1900",,3,Gallery 221,40.780331245,-73.96200306,True,4ab914dfd1f7d345f971c72a97fd1bff
221,"Embracing Color: Enamel in Chinese Decorative Arts, 1300–1900",,3,Gallery 221,40.780331245,-73.96200306,True,4ab914dfd1f7d345f971c72a97fd1bff
221,"Embracing Color: Enamel in Chinese Decorative Arts, 1300–1900",,3,Gallery 221,40.780331245,-73.96200306,True,4ab914dfd1f7d345f971c72a97fd1bff
221,"Embracing Color: Enamel in Chinese Decorative Arts, 1300–1900",,3,Gallery 221,40.780331245,-73.96200306,True,4ab914dfd1f7d345f971c72a97fd1bff
222,A Passion for Jade: The Bishop Collection,,3,Gallery 222,40.780296757,-73.961921215,True,1af1e9aa03f4f0c45b2e4eeffed930a8
222,A Passion for Jade: The Bishop Collection,,3,Gallery 222,40.780296757,-73.961921215,True,1af1e9aa03f4f0c45b2e4eeffed930a8
222,A Passion for Jade: The Bishop Collection,,3,Gallery 222,40.780296757,-73.961921215,True,1af1e9aa03f4f0c45b2e4eeffed930a8
222,A Passion for Jade: The Bishop Collection,,3,Gallery 222,40.780296757,-73.961921215,True,1af1e9aa03f4f0c45b2e4eeffed930a8
222,A Passion for Jade: The Bishop Collection,,3,Gallery 222,40.780296757,-73.961921215,True,1af1e9aa03f4f0c45b2e4eeffed930a8
222,A Passion for Jade: The Bishop Collection,,3,Gallery 222,40.780296757,-73.961921215,True,1af1e9aa03f4f0c45b2e4eeffed930a8
222,A Passion for Jade: The Bishop Collection,,3,Gallery 222,40.780296757,-73.961921215,True,1af1e9aa03f4f0c45b2e4eeffed930a8
223,The Infinite Artistry of Japanese Ceramics,,2,Gallery 223,40.780106867,-73.962499034,False,9b12e74658a251d5218b04eeee017041
223,The Infinite Artistry of Japanese Ceramics,,2,Gallery 223,40.780106867,-73.962499034,False,9b12e74658a251d5218b04eeee017041
223,The Infinite Artistry of Japanese Ceramics,,2,Gallery 223,40.780106867,-73.962499034,False,9b12e74658a251d5218b04eeee017041
223,The Infinite Artistry of Japanese Ceramics,,2,Gallery 223,40.780106867,-73.962499034,False,9b12e74658a251d5218b04eeee017041
223,The Infinite Artistry of Japanese Ceramics,,2,Gallery 223,40.780106867,-73.962499034,False,9b12e74658a251d5218b04eeee017041
223,The Infinite Artistry of Japanese Ceramics,,2,Gallery 223,40.780106867,-73.962499034,False,9b12e74658a251d5218b04eeee017041
223,The Infinite Artistry of Japanese Ceramics,,2,Gallery 223,40.780106867,-73.962499034,False,9b12e74658a251d5218b04eeee017041
224,The Infinite Artistry of Japanese Ceramics,,2,Gallery 224,40.780153923,-73.962598275,False,5be1513d9b2f4bc7c97d2bf6c81c2c9b
224,The Infinite Artistry of Japanese Ceramics,,2,Gallery 224,40.780153923,-73.962598275,False,5be1513d9b2f4bc7c97d2bf6c81c2c9b
224,The Infinite Artistry of Japanese Ceramics,,2,Gallery 224,40.780153923,-73.962598275,False,5be1513d9b2f4bc7c97d2bf6c81c2c9b
224,The Infinite Artistry of Japanese Ceramics,,2,Gallery 224,40.780153923,-73.962598275,False,5be1513d9b2f4bc7c97d2bf6c81c2c9b
224,The Infinite Artistry of Japanese Ceramics,,2,Gallery 224,40.780153923,-73.962598275,False,5be1513d9b2f4bc7c97d2bf6c81c2c9b
224,The Infinite Artistry of Japanese Ceramics,,2,Gallery 224,40.780153923,-73.962598275,False,5be1513d9b2f4bc7c97d2bf6c81c2c9b
224,The Infinite Artistry of Japanese Ceramics,,2,Gallery 224,40.780153923,-73.962598275,False,5be1513d9b2f4bc7c97d2bf6c81c2c9b
225,The Infinite Artistry of Japanese Ceramics,,2,Gallery 225,40.780222019,-73.962713964,False,0c67ba145794b33870cdde29a503951a
225,The Infinite Artistry of Japanese Ceramics,,2,Gallery 225,40.780222019,-73.962713964,False,0c67ba145794b33870cdde29a503951a
225,The Infinite Artistry of Japanese Ceramics,,2,Gallery 225,40.780222019,-73.962713964,False,0c67ba145794b33870cdde29a503951a
225,The Infinite Artistry of Japanese Ceramics,,2,Gallery 225,40.780222019,-73.962713964,False,0c67ba145794b33870cdde29a503951a
225,The Infinite Artistry of Japanese Ceramics,,2,Gallery 225,40.780222019,-73.962713964,False,0c67ba145794b33870cdde29a503951a
225,The Infinite Artistry of Japanese Ceramics,,2,Gallery 225,40.780222019,-73.962713964,False,0c67ba145794b33870cdde29a503951a
225,The Infinite Artistry of Japanese Ceramics,,2,Gallery 225,40.780222019,-73.962713964,False,0c67ba145794b33870cdde29a503951a
226,The Infinite Artistry of Japanese Ceramics,,2,Gallery 226,40.780275745,-73.962848501,False,01995d01ca1dbe66c812d33be72d21a4
226,The Infinite Artistry of Japanese Ceramics,,2,Gallery 226,40.780275745,-73.962848501,False,01995d01ca1dbe66c812d33be72d21a4
226,The Infinite Artistry of Japanese Ceramics,,2,Gallery 226,40.780275745,-73.962848501,False,01995d01ca1dbe66c812d33be72d21a4
226,The Infinite Artistry of Japanese Ceramics,,2,Gallery 226,40.780275745,-73.962848501,False,01995d01ca1dbe66c812d33be72d21a4
226,The Infinite Artistry of Japanese Ceramics,,2,Gallery 226,40.780275745,-73.962848501,False,01995d01ca1dbe66c812d33be72d21a4
226,The Infinite Artistry of Japanese Ceramics,,2,Gallery 226,40.780275745,-73.962848501,False,01995d01ca1dbe66c812d33be72d21a4
226,The Infinite Artistry of Japanese Ceramics,,2,Gallery 226,40.780275745,-73.962848501,False,01995d01ca1dbe66c812d33be72d21a4
227,The Infinite Artistry of Japanese Ceramics,,2,Gallery 227,40.7803892,-73.962980721,False,bc4a59bfd69fce1d47076984d0c4321e
227,The Infinite Artistry of Japanese Ceramics,,2,Gallery 227,40.7803892,-73.962980721,False,bc4a59bfd69fce1d47076984d0c4321e
227,The Infinite Artistry of Japanese Ceramics,,2,Gallery 227,40.7803892,-73.962980721,False,bc4a59bfd69fce1d47076984d0c4321e
227,The Infinite Artistry of Japanese Ceramics,,2,Gallery 227,40.7803892,-73.962980721,False,bc4a59bfd69fce1d47076984d0c4321e
227,The Infinite Artistry of Japanese Ceramics,,2,Gallery 227,40.7803892,-73.962980721,False,bc4a59bfd69fce1d47076984d0c4321e
227,The Infinite Artistry of Japanese Ceramics,,2,Gallery 227,40.7803892,-73.962980721,False,bc4a59bfd69fce1d47076984d0c4321e
227,The Infinite Artistry of Japanese Ceramics,,2,Gallery 227,40.7803892,-73.962980721,False,bc4a59bfd69fce1d47076984d0c4321e
228,The Infinite Artistry of Japanese Ceramics,,2,Gallery 228,40.780346413,-73.962895462,False,a9476db6fe49df05431e057082944cc3
228,The Infinite Artistry of Japanese Ceramics,,2,Gallery 228,40.780346413,-73.962895462,False,a9476db6fe49df05431e057082944cc3
228,The Infinite Artistry of Japanese Ceramics,,2,Gallery 228,40.780346413,-73.962895462,False,a9476db6fe49df05431e057082944cc3
228,The Infinite Artistry of Japanese Ceramics,,2,Gallery 228,40.780346413,-73.962895462,False,a9476db6fe49df05431e057082944cc3
228,The Infinite Artistry of Japanese Ceramics,,2,Gallery 228,40.780346413,-73.962895462,False,a9476db6fe49df05431e057082944cc3
228,The Infinite Artistry of Japanese Ceramics,,2,Gallery 228,40.780346413,-73.962895462,False,a9476db6fe49df05431e057082944cc3
228,The Infinite Artistry of Japanese Ceramics,,2,Gallery 228,40.780346413,-73.962895462,False,a9476db6fe49df05431e057082944cc3
229,The Infinite Artistry of Japanese Ceramics,,2,Gallery 229,40.780318875,-73.962765805,False,cd234217d914c5dcb0d74cc1243688a1
229,The Infinite Artistry of Japanese Ceramics,,2,Gallery 229,40.780318875,-73.962765805,False,cd234217d914c5dcb0d74cc1243688a1
229,The Infinite Artistry of Japanese Ceramics,,2,Gallery 229,40.780318875,-73.962765805,False,cd234217d914c5dcb0d74cc1243688a1
229,The Infinite Artistry of Japanese Ceramics,,2,Gallery 229,40.780318875,-73.962765805,False,cd234217d914c5dcb0d74cc1243688a1
229,The Infinite Artistry of Japanese Ceramics,,2,Gallery 229,40.780318875,-73.962765805,False,cd234217d914c5dcb0d74cc1243688a1
229,The Infinite Artistry of Japanese Ceramics,,2,Gallery 229,40.780318875,-73.962765805,False,cd234217d914c5dcb0d74cc1243688a1
229,The Infinite Artistry of Japanese Ceramics,,2,Gallery 229,40.780318875,-73.962765805,False,cd234217d914c5dcb0d74cc1243688a1
230,The Infinite Artistry of Japanese Ceramics,,2,Gallery 230,40.780285554,-73.962667633,False,6f0ca676e4a44b5b5b335ceb02a2cc37
230,The Infinite Artistry of Japanese Ceramics,,2,Gallery 230,40.780285554,-73.962667633,False,6f0ca676e4a44b5b5b335ceb02a2cc37
230,The Infinite Artistry of Japanese Ceramics,,2,Gallery 230,40.780285554,-73.962667633,False,6f0ca676e4a44b5b5b335ceb02a2cc37
230,The Infinite Artistry of Japanese Ceramics,,2,Gallery 230,40.780285554,-73.962667633,False,6f0ca676e4a44b5b5b335ceb02a2cc37
230,The Infinite Artistry of Japanese Ceramics,,2,Gallery 230,40.780285554,-73.962667633,False,6f0ca676e4a44b5b5b335ceb02a2cc37
230,The Infinite Artistry of Japanese Ceramics,,2,Gallery 230,40.780285554,-73.962667633,False,6f0ca676e4a44b5b5b335ceb02a2cc37
230,The Infinite Artistry of Japanese Ceramics,,2,Gallery 230,40.780285554,-73.962667633,False,6f0ca676e4a44b5b5b335ceb02a2cc37
231,The Infinite Artistry of Japanese Ceramics,,2,Gallery 231,40.780222751,-73.962535596,False,6dacedd19227fe781d296df84680a711
231,The Infinite Artistry of Japanese Ceramics,,2,Gallery 231,40.780222751,-73.962535596,False,6dacedd19227fe781d296df84680a711
231,The Infinite Artistry of Japanese Ceramics,,2,Gallery 231,40.780222751,-73.962535596,False,6dacedd19227fe781d296df84680a711
231,The Infinite Artistry of Japanese Ceramics,,2,Gallery 231,40.780222751,-73.962535596,False,6dacedd19227fe781d296df84680a711
231,The Infinite Artistry of Japanese Ceramics,,2,Gallery 231,40.780222751,-73.962535596,False,6dacedd19227fe781d296df84680a711
231,The Infinite Artistry of Japanese Ceramics,,2,Gallery 231,40.780222751,-73.962535596,False,6dacedd19227fe781d296df84680a711
231,The Infinite Artistry of Japanese Ceramics,,2,Gallery 231,40.780222751,-73.962535596,False,6dacedd19227fe781d296df84680a711
232,The Infinite Artistry of Japanese Ceramics,,2,Gallery 232,40.780169066,-73.962431458,False,eef4818ee4423f66928a7be6bf20a7a6
232,The Infinite Artistry of Japanese Ceramics,,2,Gallery 232,40.780169066,-73.962431458,False,eef4818ee4423f66928a7be6bf20a7a6
232,The Infinite Artistry of Japanese Ceramics,,2,Gallery 232,40.780169066,-73.962431458,False,eef4818ee4423f66928a7be6bf20a7a6
232,The Infinite Artistry of Japanese Ceramics,,2,Gallery 232,40.780169066,-73.962431458,False,eef4818ee4423f66928a7be6bf20a7a6
232,The Infinite Artistry of Japanese Ceramics,,2,Gallery 232,40.780169066,-73.962431458,False,eef4818ee4423f66928a7be6bf20a7a6
232,The Infinite Artistry of Japanese Ceramics,,2,Gallery 232,40.780169066,-73.962431458,False,eef4818ee4423f66928a7be6bf20a7a6
232,The Infinite Artistry of Japanese Ceramics,,2,Gallery 232,40.780169066,-73.962431458,False,eef4818ee4423f66928a7be6bf20a7a6
233,Flip Sides: Seeing Korean Art Anew,,2,Gallery 233,40.779601942,-73.962554258,False,b70d60f5b8620dbf42e13b6b5aa84f3d
233,Flip Sides: Seeing Korean Art Anew,,2,Gallery 233,40.779601942,-73.962554258,False,b70d60f5b8620dbf42e13b6b5aa84f3d
233,Flip Sides: Seeing Korean Art Anew,,2,Gallery 233,40.779601942,-73.962554258,False,b70d60f5b8620dbf42e13b6b5aa84f3d
233,Flip Sides: Seeing Korean Art Anew,,2,Gallery 233,40.779601942,-73.962554258,False,b70d60f5b8620dbf42e13b6b5aa84f3d
233,Flip Sides: Seeing Korean Art Anew,,2,Gallery 233,40.779601942,-73.962554258,False,b70d60f5b8620dbf42e13b6b5aa84f3d
233,Flip Sides: Seeing Korean Art Anew,,2,Gallery 233,40.779601942,-73.962554258,False,b70d60f5b8620dbf42e13b6b5aa84f3d
233,Flip Sides: Seeing Korean Art Anew,,2,Gallery 233,40.779601942,-73.962554258,False,b70d60f5b8620dbf42e13b6b5aa84f3d
234,South Asian Hindu-Buddhist and Jain Sculpture,Florence and Herbert Irving Galleries,2,Gallery 234,40.77953248,-73.962460574,False,d298443ec59e0e09d365f8349e1fa049
234,South Asian Hindu-Buddhist and Jain Sculpture,Florence and Herbert Irving Galleries,2,Gallery 234,40.77953248,-73.962460574,False,d298443ec59e0e09d365f8349e1fa049
234,South Asian Hindu-Buddhist and Jain Sculpture,Florence and Herbert Irving Galleries,2,Gallery 234,40.77953248,-73.962460574,False,d298443ec59e0e09d365f8349e1fa049
234,South Asian Hindu-Buddhist and Jain Sculpture,Florence and Herbert Irving Galleries,2,Gallery 234,40.77953248,-73.962460574,False,d298443ec59e0e09d365f8349e1fa049
234,South Asian Hindu-Buddhist and Jain Sculpture,Florence and Herbert Irving Galleries,2,Gallery 234,40.77953248,-73.962460574,False,d298443ec59e0e09d365f8349e1fa049
234,South Asian Hindu-Buddhist and Jain Sculpture,Florence and Herbert Irving Galleries,2,Gallery 234,40.77953248,-73.962460574,False,d298443ec59e0e09d365f8349e1fa049
234,South Asian Hindu-Buddhist and Jain Sculpture,Florence and Herbert Irving Galleries,2,Gallery 234,40.77953248,-73.962460574,False,d298443ec59e0e09d365f8349e1fa049
235,South Asian Hindu-Buddhist and Jain Sculpture,Florence and Herbert Irving Galleries,2,Gallery 235,40.779605905,-73.962407032,False,4cd9446a52406738953daf0d11178a74
235,South Asian Hindu-Buddhist and Jain Sculpture,Florence and Herbert Irving Galleries,2,Gallery 235,40.779605905,-73.962407032,False,4cd9446a52406738953daf0d11178a74
235,South Asian Hindu-Buddhist and Jain Sculpture,Florence and Herbert Irving Galleries,2,Gallery 235,40.779605905,-73.962407032,False,4cd9446a52406738953daf0d11178a74
235,South Asian Hindu-Buddhist and Jain Sculpture,Florence and Herbert Irving Galleries,2,Gallery 235,40.779605905,-73.962407032,False,4cd9446a52406738953daf0d11178a74
235,South Asian Hindu-Buddhist and Jain Sculpture,Florence and Herbert Irving Galleries,2,Gallery 235,40.779605905,-73.962407032,False,4cd9446a52406738953daf0d11178a74
235,South Asian Hindu-Buddhist and Jain Sculpture,Florence and Herbert Irving Galleries,2,Gallery 235,40.779605905,-73.962407032,False,4cd9446a52406738953daf0d11178a74
235,South Asian Hindu-Buddhist and Jain Sculpture,Florence and Herbert Irving Galleries,2,Gallery 235,40.779605905,-73.962407032,False,4cd9446a52406738953daf0d11178a74
236,South Asian Hindu-Buddhist and Jain Sculpture,Florence and Herbert Irving Galleries,2,Gallery 236,40.779690488,-73.962345353,False,54e87ea0467a5aea3f0733831699ad81
236,South Asian Hindu-Buddhist and Jain Sculpture,Florence and Herbert Irving Galleries,2,Gallery 236,40.779690488,-73.962345353,False,54e87ea0467a5aea3f0733831699ad81
236,South Asian Hindu-Buddhist and Jain Sculpture,Florence and Herbert Irving Galleries,2,Gallery 236,40.779690488,-73.962345353,False,54e87ea0467a5aea3f0733831699ad81
236,South Asian Hindu-Buddhist and Jain Sculpture,Florence and Herbert Irving Galleries,2,Gallery 236,40.779690488,-73.962345353,False,54e87ea0467a5aea3f0733831699ad81
236,South Asian Hindu-Buddhist and Jain Sculpture,Florence and Herbert Irving Galleries,2,Gallery 236,40.779690488,-73.962345353,False,54e87ea0467a5aea3f0733831699ad81
236,South Asian Hindu-Buddhist and Jain Sculpture,Florence and Herbert Irving Galleries,2,Gallery 236,40.779690488,-73.962345353,False,54e87ea0467a5aea3f0733831699ad81
236,South Asian Hindu-Buddhist and Jain Sculpture,Florence and Herbert Irving Galleries,2,Gallery 236,40.779690488,-73.962345353,False,54e87ea0467a5aea3f0733831699ad81
237,South Asian Hindu-Buddhist and Jain Sculpture,Florence and Herbert Irving Galleries,2,Gallery 237,40.779760304,-73.962294441,True,07abde110ed9c15eef770fccc03b73a2
237,South Asian Hindu-Buddhist and Jain Sculpture,Florence and Herbert Irving Galleries,2,Gallery 237,40.779760304,-73.962294441,True,07abde110ed9c15eef770fccc03b73a2
237,South Asian Hindu-Buddhist and Jain Sculpture,Florence and Herbert Irving Galleries,2,Gallery 237,40.779760304,-73.962294441,True,07abde110ed9c15eef770fccc03b73a2
237,South Asian Hindu-Buddhist and Jain Sculpture,Florence and Herbert Irving Galleries,2,Gallery 237,40.779760304,-73.962294441,True,07abde110ed9c15eef770fccc03b73a2
237,South Asian Hindu-Buddhist and Jain Sculpture,Florence and Herbert Irving Galleries,2,Gallery 237,40.779760304,-73.962294441,True,07abde110ed9c15eef770fccc03b73a2
237,South Asian Hindu-Buddhist and Jain Sculpture,Florence and Herbert Irving Galleries,2,Gallery 237,40.779760304,-73.962294441,True,07abde110ed9c15eef770fccc03b73a2
237,South Asian Hindu-Buddhist and Jain Sculpture,Florence and Herbert Irving Galleries,2,Gallery 237,40.779760304,-73.962294441,True,07abde110ed9c15eef770fccc03b73a2
238,South Asian Hindu-Buddhist and Jain Sculpture,Florence and Herbert Irving Galleries,2,Gallery 238,40.779813175,-73.962255887,True,97f8a3b43e9dbb25c364ed692fa2418f
238,South Asian Hindu-Buddhist and Jain Sculpture,Florence and Herbert Irving Galleries,2,Gallery 238,40.779813175,-73.962255887,True,97f8a3b43e9dbb25c364ed692fa2418f
238,South Asian Hindu-Buddhist and Jain Sculpture,Florence and Herbert Irving Galleries,2,Gallery 238,40.779813175,-73.962255887,True,97f8a3b43e9dbb25c364ed692fa2418f
238,South Asian Hindu-Buddhist and Jain Sculpture,Florence and Herbert Irving Galleries,2,Gallery 238,40.779813175,-73.962255887,True,97f8a3b43e9dbb25c364ed692fa2418f
238,South Asian Hindu-Buddhist and Jain Sculpture,Florence and Herbert Irving Galleries,2,Gallery 238,40.779813175,-73.962255887,True,97f8a3b43e9dbb25c364ed692fa2418f
238,South Asian Hindu-Buddhist and Jain Sculpture,Florence and Herbert Irving Galleries,2,Gallery 238,40.779813175,-73.962255887,True,97f8a3b43e9dbb25c364ed692fa2418f
238,South Asian Hindu-Buddhist and Jain Sculpture,Florence and Herbert Irving Galleries,2,Gallery 238,40.779813175,-73.962255887,True,97f8a3b43e9dbb25c364ed692fa2418f
239,South Asian Hindu-Buddhist and Jain Sculpture,Florence and Herbert Irving Galleries,2,Gallery 239,40.779898381,-73.962193753,True,331162acf5fad0a96edb8cbe528309f1
239,South Asian Hindu-Buddhist and Jain Sculpture,Florence and Herbert Irving Galleries,2,Gallery 239,40.779898381,-73.962193753,True,331162acf5fad0a96edb8cbe528309f1
239,South Asian Hindu-Buddhist and Jain Sculpture,Florence and Herbert Irving Galleries,2,Gallery 239,40.779898381,-73.962193753,True,331162acf5fad0a96edb8cbe528309f1
239,South Asian Hindu-Buddhist and Jain Sculpture,Florence and Herbert Irving Galleries,2,Gallery 239,40.779898381,-73.962193753,True,331162acf5fad0a96edb8cbe528309f1
239,South Asian Hindu-Buddhist and Jain Sculpture,Florence and Herbert Irving Galleries,2,Gallery 239,40.779898381,-73.962193753,True,331162acf5fad0a96edb8cbe528309f1
239,South Asian Hindu-Buddhist and Jain Sculpture,Florence and Herbert Irving Galleries,2,Gallery 239,40.779898381,-73.962193753,True,331162acf5fad0a96edb8cbe528309f1
239,South Asian Hindu-Buddhist and Jain Sculpture,Florence and Herbert Irving Galleries,2,Gallery 239,40.779898381,-73.962193753,True,331162acf5fad0a96edb8cbe528309f1
240,South Asian Hindu-Buddhist and Jain Sculpture,Florence and Herbert Irving Galleries,2,Gallery 240,40.779836971,-73.962105781,True,2f9218c19aebcae34d11029bbabb7a3a
240,South Asian Hindu-Buddhist and Jain Sculpture,Florence and Herbert Irving Galleries,2,Gallery 240,40.779836971,-73.962105781,True,2f9218c19aebcae34d11029bbabb7a3a
240,South Asian Hindu-Buddhist and Jain Sculpture,Florence and Herbert Irving Galleries,2,Gallery 240,40.779836971,-73.962105781,True,2f9218c19aebcae34d11029bbabb7a3a
240,South Asian Hindu-Buddhist and Jain Sculpture,Florence and Herbert Irving Galleries,2,Gallery 240,40.779836971,-73.962105781,True,2f9218c19aebcae34d11029bbabb7a3a
240,South Asian Hindu-Buddhist and Jain Sculpture,Florence and Herbert Irving Galleries,2,Gallery 240,40.779836971,-73.962105781,True,2f9218c19aebcae34d11029bbabb7a3a
240,South Asian Hindu-Buddhist and Jain Sculpture,Florence and Herbert Irving Galleries,2,Gallery 240,40.779836971,-73.962105781,True,2f9218c19aebcae34d11029bbabb7a3a
240,South Asian Hindu-Buddhist and Jain Sculpture,Florence and Herbert Irving Galleries,2,Gallery 240,40.779836971,-73.962105781,True,2f9218c19aebcae34d11029bbabb7a3a
241,Indian Medieval Sculpture Gallery,Florence and Herbert Irving Galleries,2,Gallery 241,40.779923533,-73.962067714,False,08eae33a972b3198c657b101a09c355e
241,Indian Medieval Sculpture Gallery,Florence and Herbert Irving Galleries,2,Gallery 241,40.779923533,-73.962067714,False,08eae33a972b3198c657b101a09c355e
241,Indian Medieval Sculpture Gallery,Florence and Herbert Irving Galleries,2,Gallery 241,40.779923533,-73.962067714,False,08eae33a972b3198c657b101a09c355e
241,Indian Medieval Sculpture Gallery,Florence and Herbert Irving Galleries,2,Gallery 241,40.779923533,-73.962067714,False,08eae33a972b3198c657b101a09c355e
241,Indian Medieval Sculpture Gallery,Florence and Herbert Irving Galleries,2,Gallery 241,40.779923533,-73.962067714,False,08eae33a972b3198c657b101a09c355e
241,Indian Medieval Sculpture Gallery,Florence and Herbert Irving Galleries,2,Gallery 241,40.779923533,-73.962067714,False,08eae33a972b3198c657b101a09c355e
241,Indian Medieval Sculpture Gallery,Florence and Herbert Irving Galleries,2,Gallery 241,40.779923533,-73.962067714,False,08eae33a972b3198c657b101a09c355e
242,South Asian Hindu-Buddhist and Jain Sculpture,Florence and Herbert Irving Galleries,2,Gallery 242,40.779867294,-73.962029001,False,a2bd993af1a1d4df511e3cea9a639a53
242,South Asian Hindu-Buddhist and Jain Sculpture,Florence and Herbert Irving Galleries,2,Gallery 242,40.779867294,-73.962029001,False,a2bd993af1a1d4df511e3cea9a639a53
242,South Asian Hindu-Buddhist and Jain Sculpture,Florence and Herbert Irving Galleries,2,Gallery 242,40.779867294,-73.962029001,False,a2bd993af1a1d4df511e3cea9a639a53
242,South Asian Hindu-Buddhist and Jain Sculpture,Florence and Herbert Irving Galleries,2,Gallery 242,40.779867294,-73.962029001,False,a2bd993af1a1d4df511e3cea9a639a53
242,South Asian Hindu-Buddhist and Jain Sculpture,Florence and Herbert Irving Galleries,2,Gallery 242,40.779867294,-73.962029001,False,a2bd993af1a1d4df511e3cea9a639a53
242,South Asian Hindu-Buddhist and Jain Sculpture,Florence and Herbert Irving Galleries,2,Gallery 242,40.779867294,-73.962029001,False,a2bd993af1a1d4df511e3cea9a639a53
242,South Asian Hindu-Buddhist and Jain Sculpture,Florence and Herbert Irving Galleries,2,Gallery 242,40.779867294,-73.962029001,False,a2bd993af1a1d4df511e3cea9a639a53
243,South Asian Hindu-Buddhist and Jain Sculpture,Florence and Herbert Irving Galleries,2,Gallery 243,40.779913706,-73.961995156,False,b6f2c73e289ec1dec04206e47a16601d
243,South Asian Hindu-Buddhist and Jain Sculpture,Florence and Herbert Irving Galleries,2,Gallery 243,40.779913706,-73.961995156,False,b6f2c73e289ec1dec04206e47a16601d
243,South Asian Hindu-Buddhist and Jain Sculpture,Florence and Herbert Irving Galleries,2,Gallery 243,40.779913706,-73.961995156,False,b6f2c73e289ec1dec04206e47a16601d
243,South Asian Hindu-Buddhist and Jain Sculpture,Florence and Herbert Irving Galleries,2,Gallery 243,40.779913706,-73.961995156,False,b6f2c73e289ec1dec04206e47a16601d
243,South Asian Hindu-Buddhist and Jain Sculpture,Florence and Herbert Irving Galleries,2,Gallery 243,40.779913706,-73.961995156,False,b6f2c73e289ec1dec04206e47a16601d
243,South Asian Hindu-Buddhist and Jain Sculpture,Florence and Herbert Irving Galleries,2,Gallery 243,40.779913706,-73.961995156,False,b6f2c73e289ec1dec04206e47a16601d
243,South Asian Hindu-Buddhist and Jain Sculpture,Florence and Herbert Irving Galleries,2,Gallery 243,40.779913706,-73.961995156,False,b6f2c73e289ec1dec04206e47a16601d
244,Southeast Asian Art,Florence and Herbert Irving Galleries,2,Gallery 244,40.779996135,-73.962027516,True,1dfccc28b567962c2efdd333cb91f4f0
244,Southeast Asian Art,Florence and Herbert Irving Galleries,2,Gallery 244,40.779996135,-73.962027516,True,1dfccc28b567962c2efdd333cb91f4f0
244,Southeast Asian Art,Florence and Herbert Irving Galleries,2,Gallery 244,40.779996135,-73.962027516,True,1dfccc28b567962c2efdd333cb91f4f0
244,Southeast Asian Art,Florence and Herbert Irving Galleries,2,Gallery 244,40.779996135,-73.962027516,True,1dfccc28b567962c2efdd333cb91f4f0
244,Southeast Asian Art,Florence and Herbert Irving Galleries,2,Gallery 244,40.779996135,-73.962027516,True,1dfccc28b567962c2efdd333cb91f4f0
244,Southeast Asian Art,Florence and Herbert Irving Galleries,2,Gallery 244,40.779996135,-73.962027516,True,1dfccc28b567962c2efdd333cb91f4f0
244,Southeast Asian Art,Florence and Herbert Irving Galleries,2,Gallery 244,40.779996135,-73.962027516,True,1dfccc28b567962c2efdd333cb91f4f0
245,Southeast Asian Art,Florence and Herbert Irving Galleries,2,Gallery 245,40.780049147,-73.961988858,True,0fd210319ca9409cb9d997bffc6c2ba6
245,Southeast Asian Art,Florence and Herbert Irving Galleries,2,Gallery 245,40.780049147,-73.961988858,True,0fd210319ca9409cb9d997bffc6c2ba6
245,Southeast Asian Art,Florence and Herbert Irving Galleries,2,Gallery 245,40.780049147,-73.961988858,True,0fd210319ca9409cb9d997bffc6c2ba6
245,Southeast Asian Art,Florence and Herbert Irving Galleries,2,Gallery 245,40.780049147,-73.961988858,True,0fd210319ca9409cb9d997bffc6c2ba6
245,Southeast Asian Art,Florence and Herbert Irving Galleries,2,Gallery 245,40.780049147,-73.961988858,True,0fd210319ca9409cb9d997bffc6c2ba6
245,Southeast Asian Art,Florence and Herbert Irving Galleries,2,Gallery 245,40.780049147,-73.961988858,True,0fd210319ca9409cb9d997bffc6c2ba6
245,Southeast Asian Art,Florence and Herbert Irving Galleries,2,Gallery 245,40.780049147,-73.961988858,True,0fd210319ca9409cb9d997bffc6c2ba6
246,Southeast Asian Art,Florence and Herbert Irving Galleries,2,Gallery 246,40.780109477,-73.961944863,True,27ca106e18464952d234445053465cb6
246,Southeast Asian Art,Florence and Herbert Irving Galleries,2,Gallery 246,40.780109477,-73.961944863,True,27ca106e18464952d234445053465cb6
246,Southeast Asian Art,Florence and Herbert Irving Galleries,2,Gallery 246,40.780109477,-73.961944863,True,27ca106e18464952d234445053465cb6
246,Southeast Asian Art,Florence and Herbert Irving Galleries,2,Gallery 246,40.780109477,-73.961944863,True,27ca106e18464952d234445053465cb6
246,Southeast Asian Art,Florence and Herbert Irving Galleries,2,Gallery 246,40.780109477,-73.961944863,True,27ca106e18464952d234445053465cb6
246,Southeast Asian Art,Florence and Herbert Irving Galleries,2,Gallery 246,40.780109477,-73.961944863,True,27ca106e18464952d234445053465cb6
246,Southeast Asian Art,Florence and Herbert Irving Galleries,2,Gallery 246,40.780109477,-73.961944863,True,27ca106e18464952d234445053465cb6
247,Southeast Asian Art,Florence and Herbert Irving Galleries,2,Gallery 247,40.78003077,-73.961922535,True,130c0601f37db9f749146d3e18cd20aa
247,Southeast Asian Art,Florence and Herbert Irving Galleries,2,Gallery 247,40.78003077,-73.961922535,True,130c0601f37db9f749146d3e18cd20aa
247,Southeast Asian Art,Florence and Herbert Irving Galleries,2,Gallery 247,40.78003077,-73.961922535,True,130c0601f37db9f749146d3e18cd20aa
247,Southeast Asian Art,Florence and Herbert Irving Galleries,2,Gallery 247,40.78003077,-73.961922535,True,130c0601f37db9f749146d3e18cd20aa
247,Southeast Asian Art,Florence and Herbert Irving Galleries,2,Gallery 247,40.78003077,-73.961922535,True,130c0601f37db9f749146d3e18cd20aa
247,Southeast Asian Art,Florence and Herbert Irving Galleries,2,Gallery 247,40.78003077,-73.961922535,True,130c0601f37db9f749146d3e18cd20aa
247,Southeast Asian Art,Florence and Herbert Irving Galleries,2,Gallery 247,40.78003077,-73.961922535,True,130c0601f37db9f749146d3e18cd20aa
248,Southeast Asian Art,Florence and Herbert Irving Galleries,2,Gallery 248,40.780137591,-73.96188656,True,1e7dbcc9311c9ddb3121410147d6750e
248,Southeast Asian Art,Florence and Herbert Irving Galleries,2,Gallery 248,40.780137591,-73.96188656,True,1e7dbcc9311c9ddb3121410147d6750e
248,Southeast Asian Art,Florence and Herbert Irving Galleries,2,Gallery 248,40.780137591,-73.96188656,True,1e7dbcc9311c9ddb3121410147d6750e
248,Southeast Asian Art,Florence and Herbert Irving Galleries,2,Gallery 248,40.780137591,-73.96188656,True,1e7dbcc9311c9ddb3121410147d6750e
248,Southeast Asian Art,Florence and Herbert Irving Galleries,2,Gallery 248,40.780137591,-73.96188656,True,1e7dbcc9311c9ddb3121410147d6750e
248,Southeast Asian Art,Florence and Herbert Irving Galleries,2,Gallery 248,40.780137591,-73.96188656,True,1e7dbcc9311c9ddb3121410147d6750e
248,Southeast Asian Art,Florence and Herbert Irving Galleries,2,Gallery 248,40.780137591,-73.96188656,True,1e7dbcc9311c9ddb3121410147d6750e
249,Southeast Asian Art,Florence and Herbert Irving Galleries,2,Gallery 249,40.780199747,-73.961833947,True,b0ee32c0eff4ab466e0e29f845dba2b7
249,Southeast Asian Art,Florence and Herbert Irving Galleries,2,Gallery 249,40.780199747,-73.961833947,True,b0ee32c0eff4ab466e0e29f845dba2b7
249,Southeast Asian Art,Florence and Herbert Irving Galleries,2,Gallery 249,40.780199747,-73.961833947,True,b0ee32c0eff4ab466e0e29f845dba2b7
249,Southeast Asian Art,Florence and Herbert Irving Galleries,2,Gallery 249,40.780199747,-73.961833947,True,b0ee32c0eff4ab466e0e29f845dba2b7
249,Southeast Asian Art,Florence and Herbert Irving Galleries,2,Gallery 249,40.780199747,-73.961833947,True,b0ee32c0eff4ab466e0e29f845dba2b7
249,Southeast Asian Art,Florence and Herbert Irving Galleries,2,Gallery 249,40.780199747,-73.961833947,True,b0ee32c0eff4ab466e0e29f845dba2b7
249,Southeast Asian Art,Florence and Herbert Irving Galleries,2,Gallery 249,40.780199747,-73.961833947,True,b0ee32c0eff4ab466e0e29f845dba2b7
250,Southeast Asian Art,Florence and Herbert Irving Galleries,2,Gallery 250,40.78027289,-73.961787896,True,b9f6654dc77c4756d1f62922febe38b7
250,Southeast Asian Art,Florence and Herbert Irving Galleries,2,Gallery 250,40.78027289,-73.961787896,True,b9f6654dc77c4756d1f62922febe38b7
250,Southeast Asian Art,Florence and Herbert Irving Galleries,2,Gallery 250,40.78027289,-73.961787896,True,b9f6654dc77c4756d1f62922febe38b7
250,Southeast Asian Art,Florence and Herbert Irving Galleries,2,Gallery 250,40.78027289,-73.961787896,True,b9f6654dc77c4756d1f62922febe38b7
250,Southeast Asian Art,Florence and Herbert Irving Galleries,2,Gallery 250,40.78027289,-73.961787896,True,b9f6654dc77c4756d1f62922febe38b7
250,Southeast Asian Art,Florence and Herbert Irving Galleries,2,Gallery 250,40.78027289,-73.961787896,True,b9f6654dc77c4756d1f62922febe38b7
250,Southeast Asian Art,Florence and Herbert Irving Galleries,2,Gallery 250,40.78027289,-73.961787896,True,b9f6654dc77c4756d1f62922febe38b7
251,"Household Gods: Hindu Devotional Prints, 1860–1930",,3,Gallery 251,40.779985176,-73.961997707,False,2a940f7a6177b4027c476d1d3c64e886
251,"Household Gods: Hindu Devotional Prints, 1860–1930",,3,Gallery 251,40.779985176,-73.961997707,False,2a940f7a6177b4027c476d1d3c64e886
251,"Household Gods: Hindu Devotional Prints, 1860–1930",,3,Gallery 251,40.779985176,-73.961997707,False,2a940f7a6177b4027c476d1d3c64e886
251,"Household Gods: Hindu Devotional Prints, 1860–1930",,3,Gallery 251,40.779985176,-73.961997707,False,2a940f7a6177b4027c476d1d3c64e886
251,"Household Gods: Hindu Devotional Prints, 1860–1930",,3,Gallery 251,40.779985176,-73.961997707,False,2a940f7a6177b4027c476d1d3c64e886
251,"Household Gods: Hindu Devotional Prints, 1860–1930",,3,Gallery 251,40.779985176,-73.961997707,False,2a940f7a6177b4027c476d1d3c64e886
251,"Household Gods: Hindu Devotional Prints, 1860–1930",,3,Gallery 251,40.779985176,-73.961997707,False,2a940f7a6177b4027c476d1d3c64e886
252,Arts of Tibet and Nepal,Florence and Herbert Irving Galleries,3,Gallery 252,40.780052854,-73.96190643,False,1574c6f5df6bec6536e0ee4ba7b65df1
252,Arts of Tibet and Nepal,Florence and Herbert Irving Galleries,3,Gallery 252,40.780052854,-73.96190643,False,1574c6f5df6bec6536e0ee4ba7b65df1
252,Arts of Tibet and Nepal,Florence and Herbert Irving Galleries,3,Gallery 252,40.780052854,-73.96190643,False,1574c6f5df6bec6536e0ee4ba7b65df1
252,Arts of Tibet and Nepal,Florence and Herbert Irving Galleries,3,Gallery 252,40.780052854,-73.96190643,False,1574c6f5df6bec6536e0ee4ba7b65df1
252,Arts of Tibet and Nepal,Florence and Herbert Irving Galleries,3,Gallery 252,40.780052854,-73.96190643,False,1574c6f5df6bec6536e0ee4ba7b65df1
252,Arts of Tibet and Nepal,Florence and Herbert Irving Galleries,3,Gallery 252,40.780052854,-73.96190643,False,1574c6f5df6bec6536e0ee4ba7b65df1
252,Arts of Tibet and Nepal,Florence and Herbert Irving Galleries,3,Gallery 252,40.780052854,-73.96190643,False,1574c6f5df6bec6536e0ee4ba7b65df1
253,Arts of Tibet and Nepal,Florence and Herbert Irving Galleries,3,Gallery 253,40.780064764,-73.961979045,False,789d6032f48e915dfd60f0eec6aea190
253,Arts of Tibet and Nepal,Florence and Herbert Irving Galleries,3,Gallery 253,40.780064764,-73.961979045,False,789d6032f48e915dfd60f0eec6aea190
253,Arts of Tibet and Nepal,Florence and Herbert Irving Galleries,3,Gallery 253,40.780064764,-73.961979045,False,789d6032f48e915dfd60f0eec6aea190
253,Arts of Tibet and Nepal,Florence and Herbert Irving Galleries,3,Gallery 253,40.780064764,-73.961979045,False,789d6032f48e915dfd60f0eec6aea190
253,Arts of Tibet and Nepal,Florence and Herbert Irving Galleries,3,Gallery 253,40.780064764,-73.961979045,False,789d6032f48e915dfd60f0eec6aea190
253,Arts of Tibet and Nepal,Florence and Herbert Irving Galleries,3,Gallery 253,40.780064764,-73.961979045,False,789d6032f48e915dfd60f0eec6aea190
253,Arts of Tibet and Nepal,Florence and Herbert Irving Galleries,3,Gallery 253,40.780064764,-73.961979045,False,789d6032f48e915dfd60f0eec6aea190
300,Byzantium (South Gallery),Mary and Michael Jaharis Galleries,1,Gallery 300,40.779280064,-73.963226794,False,df4813621948bce4265228e82f022e21
300,Byzantium (South Gallery),Mary and Michael Jaharis Galleries,1,Gallery 300,40.779280064,-73.963226794,False,df4813621948bce4265228e82f022e21
300,Byzantium (South Gallery),Mary and Michael Jaharis Galleries,1,Gallery 300,40.779280064,-73.963226794,False,df4813621948bce4265228e82f022e21
300,Byzantium (South Gallery),Mary and Michael Jaharis Galleries,1,Gallery 300,40.779280064,-73.963226794,False,df4813621948bce4265228e82f022e21
300,Byzantium (South Gallery),Mary and Michael Jaharis Galleries,1,Gallery 300,40.779280064,-73.963226794,False,df4813621948bce4265228e82f022e21
300,Byzantium (South Gallery),Mary and Michael Jaharis Galleries,1,Gallery 300,40.779280064,-73.963226794,False,df4813621948bce4265228e82f022e21
300,Byzantium (South Gallery),Mary and Michael Jaharis Galleries,1,Gallery 300,40.779280064,-73.963226794,False,df4813621948bce4265228e82f022e21
301,Late Roman and Early Byzantine Secular Objects (North Gallery),Mary and Michael Jaharis Galleries,1,Gallery 301,40.779376002,-73.96315317,False,dbc6f5b5dcb2ceb5683108c6e4532824
301,Late Roman and Early Byzantine Secular Objects (North Gallery),Mary and Michael Jaharis Galleries,1,Gallery 301,40.779376002,-73.96315317,False,dbc6f5b5dcb2ceb5683108c6e4532824
301,Late Roman and Early Byzantine Secular Objects (North Gallery),Mary and Michael Jaharis Galleries,1,Gallery 301,40.779376002,-73.96315317,False,dbc6f5b5dcb2ceb5683108c6e4532824
301,Late Roman and Early Byzantine Secular Objects (North Gallery),Mary and Michael Jaharis Galleries,1,Gallery 301,40.779376002,-73.96315317,False,dbc6f5b5dcb2ceb5683108c6e4532824
301,Late Roman and Early Byzantine Secular Objects (North Gallery),Mary and Michael Jaharis Galleries,1,Gallery 301,40.779376002,-73.96315317,False,dbc6f5b5dcb2ceb5683108c6e4532824
301,Late Roman and Early Byzantine Secular Objects (North Gallery),Mary and Michael Jaharis Galleries,1,Gallery 301,40.779376002,-73.96315317,False,dbc6f5b5dcb2ceb5683108c6e4532824
301,Late Roman and Early Byzantine Secular Objects (North Gallery),Mary and Michael Jaharis Galleries,1,Gallery 301,40.779376002,-73.96315317,False,dbc6f5b5dcb2ceb5683108c6e4532824
302,Afterlives: Contemporary Art in the Byzantine Crypt,,1,Gallery 302,40.779334878,-73.963206222,False,b7365e68805c1c570260b50eca6d4f40
302,Afterlives: Contemporary Art in the Byzantine Crypt,,1,Gallery 302,40.779334878,-73.963206222,False,b7365e68805c1c570260b50eca6d4f40
302,Afterlives: Contemporary Art in the Byzantine Crypt,,1,Gallery 302,40.779334878,-73.963206222,False,b7365e68805c1c570260b50eca6d4f40
302,Afterlives: Contemporary Art in the Byzantine Crypt,,1,Gallery 302,40.779334878,-73.963206222,False,b7365e68805c1c570260b50eca6d4f40
302,Afterlives: Contemporary Art in the Byzantine Crypt,,1,Gallery 302,40.779334878,-73.963206222,False,b7365e68805c1c570260b50eca6d4f40
302,Afterlives: Contemporary Art in the Byzantine Crypt,,1,Gallery 302,40.779334878,-73.963206222,False,b7365e68805c1c570260b50eca6d4f40
302,Afterlives: Contemporary Art in the Byzantine Crypt,,1,Gallery 302,40.779334878,-73.963206222,False,b7365e68805c1c570260b50eca6d4f40
303,Middle and Late Byzantine Objects (Apse Gallery),Mary and Michael Jaharis Galleries,1,Gallery 303,40.779373624,-73.963298186,False,027ef488b9d3031ff07b1255694c5769
303,Middle and Late Byzantine Objects (Apse Gallery),Mary and Michael Jaharis Galleries,1,Gallery 303,40.779373624,-73.963298186,False,027ef488b9d3031ff07b1255694c5769
303,Middle and Late Byzantine Objects (Apse Gallery),Mary and Michael Jaharis Galleries,1,Gallery 303,40.779373624,-73.963298186,False,027ef488b9d3031ff07b1255694c5769
303,Middle and Late Byzantine Objects (Apse Gallery),Mary and Michael Jaharis Galleries,1,Gallery 303,40.779373624,-73.963298186,False,027ef488b9d3031ff07b1255694c5769
303,Middle and Late Byzantine Objects (Apse Gallery),Mary and Michael Jaharis Galleries,1,Gallery 303,40.779373624,-73.963298186,False,027ef488b9d3031ff07b1255694c5769
303,Middle and Late Byzantine Objects (Apse Gallery),Mary and Michael Jaharis Galleries,1,Gallery 303,40.779373624,-73.963298186,False,027ef488b9d3031ff07b1255694c5769
303,Middle and Late Byzantine Objects (Apse Gallery),Mary and Michael Jaharis Galleries,1,Gallery 303,40.779373624,-73.963298186,False,027ef488b9d3031ff07b1255694c5769
304,Medieval Europe Gallery,,1,Gallery 304,40.779419619,-73.963407344,False,b63e7a7a3559b659bfcb0e41025daa1b
304,Medieval Europe Gallery,,1,Gallery 304,40.779419619,-73.963407344,False,b63e7a7a3559b659bfcb0e41025daa1b
304,Medieval Europe Gallery,,1,Gallery 304,40.779419619,-73.963407344,False,b63e7a7a3559b659bfcb0e41025daa1b
304,Medieval Europe Gallery,,1,Gallery 304,40.779419619,-73.963407344,False,b63e7a7a3559b659bfcb0e41025daa1b
304,Medieval Europe Gallery,,1,Gallery 304,40.779419619,-73.963407344,False,b63e7a7a3559b659bfcb0e41025daa1b
304,Medieval Europe Gallery,,1,Gallery 304,40.779419619,-73.963407344,False,b63e7a7a3559b659bfcb0e41025daa1b
304,Medieval Europe Gallery,,1,Gallery 304,40.779419619,-73.963407344,False,b63e7a7a3559b659bfcb0e41025daa1b
305,Medieval Sculpture Hall,,1,Gallery 305,40.779571117,-73.963661323,False,b074a3495bb4f99b84b9a34cd065f850
305,Medieval Sculpture Hall,,1,Gallery 305,40.779571117,-73.963661323,False,b074a3495bb4f99b84b9a34cd065f850
305,Medieval Sculpture Hall,,1,Gallery 305,40.779571117,-73.963661323,False,b074a3495bb4f99b84b9a34cd065f850
305,Medieval Sculpture Hall,,1,Gallery 305,40.779571117,-73.963661323,False,b074a3495bb4f99b84b9a34cd065f850
305,Medieval Sculpture Hall,,1,Gallery 305,40.779571117,-73.963661323,False,b074a3495bb4f99b84b9a34cd065f850
305,Medieval Sculpture Hall,,1,Gallery 305,40.779571117,-73.963661323,False,b074a3495bb4f99b84b9a34cd065f850
305,Medieval Sculpture Hall,,1,Gallery 305,40.779571117,-73.963661323,False,b074a3495bb4f99b84b9a34cd065f850
306,Medieval Treasury,,1,Gallery 306,40.77978833,-73.963562985,False,bdd3357591fc4b596560404de2852d54
306,Medieval Treasury,,1,Gallery 306,40.77978833,-73.963562985,False,bdd3357591fc4b596560404de2852d54
306,Medieval Treasury,,1,Gallery 306,40.77978833,-73.963562985,False,bdd3357591fc4b596560404de2852d54
306,Medieval Treasury,,1,Gallery 306,40.77978833,-73.963562985,False,bdd3357591fc4b596560404de2852d54
306,Medieval Treasury,,1,Gallery 306,40.77978833,-73.963562985,False,bdd3357591fc4b596560404de2852d54
306,Medieval Treasury,,1,Gallery 306,40.77978833,-73.963562985,False,bdd3357591fc4b596560404de2852d54
306,Medieval Treasury,,1,Gallery 306,40.77978833,-73.963562985,False,bdd3357591fc4b596560404de2852d54
307,Secular Works,The Lawrence A. and Barbara Fleischman Gallery of Late Medieval Secular Art,1,Gallery 307,40.779901945,-73.963480135,False,4288b01a76e6ae8a48ccce094762233e
307,Secular Works,The Lawrence A. and Barbara Fleischman Gallery of Late Medieval Secular Art,1,Gallery 307,40.779901945,-73.963480135,False,4288b01a76e6ae8a48ccce094762233e
307,Secular Works,The Lawrence A. and Barbara Fleischman Gallery of Late Medieval Secular Art,1,Gallery 307,40.779901945,-73.963480135,False,4288b01a76e6ae8a48ccce094762233e
307,Secular Works,The Lawrence A. and Barbara Fleischman Gallery of Late Medieval Secular Art,1,Gallery 307,40.779901945,-73.963480135,False,4288b01a76e6ae8a48ccce094762233e
307,Secular Works,The Lawrence A. and Barbara Fleischman Gallery of Late Medieval Secular Art,1,Gallery 307,40.779901945,-73.963480135,False,4288b01a76e6ae8a48ccce094762233e
307,Secular Works,The Lawrence A. and Barbara Fleischman Gallery of Late Medieval Secular Art,1,Gallery 307,40.779901945,-73.963480135,False,4288b01a76e6ae8a48ccce094762233e
307,Secular Works,The Lawrence A. and Barbara Fleischman Gallery of Late Medieval Secular Art,1,Gallery 307,40.779901945,-73.963480135,False,4288b01a76e6ae8a48ccce094762233e
340,Arts of Africa,,1,,40.778501011,-73.963597001,False,faabf0b367e18a00d6e8493720ae01ac
340,Arts of Africa,,1,,40.778501011,-73.963597001,False,faabf0b367e18a00d6e8493720ae01ac
340,Arts of Africa,,1,,40.778501011,-73.963597001,False,faabf0b367e18a00d6e8493720ae01ac
340,Arts of Africa,,1,,40.778501011,-73.963597001,False,faabf0b367e18a00d6e8493720ae01ac
340,Arts of Africa,,1,,40.778501011,-73.963597001,False,faabf0b367e18a00d6e8493720ae01ac
340,Arts of Africa,,1,,40.778501011,-73.963597001,False,faabf0b367e18a00d6e8493720ae01ac
340,Arts of Africa,,1,,40.778501011,-73.963597001,False,faabf0b367e18a00d6e8493720ae01ac
341,Arts of Africa,,1,,40.77859152,-73.963814234,False,13adecbbdd61f91891b3c43f964c5e4f
341,Arts of Africa,,1,,40.77859152,-73.963814234,False,13adecbbdd61f91891b3c43f964c5e4f
341,Arts of Africa,,1,,40.77859152,-73.963814234,False,13adecbbdd61f91891b3c43f964c5e4f
341,Arts of Africa,,1,,40.77859152,-73.963814234,False,13adecbbdd61f91891b3c43f964c5e4f
341,Arts of Africa,,1,,40.77859152,-73.963814234,False,13adecbbdd61f91891b3c43f964c5e4f
341,Arts of Africa,,1,,40.77859152,-73.963814234,False,13adecbbdd61f91891b3c43f964c5e4f
341,Arts of Africa,,1,,40.77859152,-73.963814234,False,13adecbbdd61f91891b3c43f964c5e4f
342,Arts of Africa,,1,,40.778525783,-73.963981607,False,40525ef2da182cbaa3373a31b96dc6da
342,Arts of Africa,,1,,40.778525783,-73.963981607,False,40525ef2da182cbaa3373a31b96dc6da
342,Arts of Africa,,1,,40.778525783,-73.963981607,False,40525ef2da182cbaa3373a31b96dc6da
342,Arts of Africa,,1,,40.778525783,-73.963981607,False,40525ef2da182cbaa3373a31b96dc6da
342,Arts of Africa,,1,,40.778525783,-73.963981607,False,40525ef2da182cbaa3373a31b96dc6da
342,Arts of Africa,,1,,40.778525783,-73.963981607,False,40525ef2da182cbaa3373a31b96dc6da
342,Arts of Africa,,1,,40.778525783,-73.963981607,False,40525ef2da182cbaa3373a31b96dc6da
343,Arts of Africa,,1,,40.778466194,-73.963905628,False,60643bba2c58c76fcb00d4415238771f
343,Arts of Africa,,1,,40.778466194,-73.963905628,False,60643bba2c58c76fcb00d4415238771f
343,Arts of Africa,,1,,40.778466194,-73.963905628,False,60643bba2c58c76fcb00d4415238771f
343,Arts of Africa,,1,,40.778466194,-73.963905628,False,60643bba2c58c76fcb00d4415238771f
343,Arts of Africa,,1,,40.778466194,-73.963905628,False,60643bba2c58c76fcb00d4415238771f
343,Arts of Africa,,1,,40.778466194,-73.963905628,False,60643bba2c58c76fcb00d4415238771f
343,Arts of Africa,,1,,40.778466194,-73.963905628,False,60643bba2c58c76fcb00d4415238771f
344,Arts of Africa,,1,,40.778341446,-73.963861066,False,c280dd57bc6ce8b6f0a98e0e4ff37162
344,Arts of Africa,,1,,40.778341446,-73.963861066,False,c280dd57bc6ce8b6f0a98e0e4ff37162
344,Arts of Africa,,1,,40.778341446,-73.963861066,False,c280dd57bc6ce8b6f0a98e0e4ff37162
344,Arts of Africa,,1,,40.778341446,-73.963861066,False,c280dd57bc6ce8b6f0a98e0e4ff37162
344,Arts of Africa,,1,,40.778341446,-73.963861066,False,c280dd57bc6ce8b6f0a98e0e4ff37162
344,Arts of Africa,,1,,40.778341446,-73.963861066,False,c280dd57bc6ce8b6f0a98e0e4ff37162
344,Arts of Africa,,1,,40.778341446,-73.963861066,False,c280dd57bc6ce8b6f0a98e0e4ff37162
345,Arts of Africa,,1,,40.778371198,-73.963935083,False,928f642e6e0f54c4b881aa0b00694bd1
345,Arts of Africa,,1,,40.778371198,-73.963935083,False,928f642e6e0f54c4b881aa0b00694bd1
345,Arts of Africa,,1,,40.778371198,-73.963935083,False,928f642e6e0f54c4b881aa0b00694bd1
345,Arts of Africa,,1,,40.778371198,-73.963935083,False,928f642e6e0f54c4b881aa0b00694bd1
345,Arts of Africa,,1,,40.778371198,-73.963935083,False,928f642e6e0f54c4b881aa0b00694bd1
345,Arts of Africa,,1,,40.778371198,-73.963935083,False,928f642e6e0f54c4b881aa0b00694bd1
345,Arts of Africa,,1,,40.778371198,-73.963935083,False,928f642e6e0f54c4b881aa0b00694bd1
350,Arts of Oceania,,1,,40.778714775,-73.964121597,False,33a554125c0047787b80eb0be0d9ab65
350,Arts of Oceania,,1,,40.778714775,-73.964121597,False,33a554125c0047787b80eb0be0d9ab65
350,Arts of Oceania,,1,,40.778714775,-73.964121597,False,33a554125c0047787b80eb0be0d9ab65
350,Arts of Oceania,,1,,40.778714775,-73.964121597,False,33a554125c0047787b80eb0be0d9ab65
350,Arts of Oceania,,1,,40.778714775,-73.964121597,False,33a554125c0047787b80eb0be0d9ab65
350,Arts of Oceania,,1,,40.778714775,-73.964121597,False,33a554125c0047787b80eb0be0d9ab65
350,Arts of Oceania,,1,,40.778714775,-73.964121597,False,33a554125c0047787b80eb0be0d9ab65
351,Arts of Oceania,,1,,40.778607705,-73.964161331,False,1005b67beb410884a558bd5d24d1e33a
351,Arts of Oceania,,1,,40.778607705,-73.964161331,False,1005b67beb410884a558bd5d24d1e33a
351,Arts of Oceania,,1,,40.778607705,-73.964161331,False,1005b67beb410884a558bd5d24d1e33a
351,Arts of Oceania,,1,,40.778607705,-73.964161331,False,1005b67beb410884a558bd5d24d1e33a
351,Arts of Oceania,,1,,40.778607705,-73.964161331,False,1005b67beb410884a558bd5d24d1e33a
351,Arts of Oceania,,1,,40.778607705,-73.964161331,False,1005b67beb410884a558bd5d24d1e33a
351,Arts of Oceania,,1,,40.778607705,-73.964161331,False,1005b67beb410884a558bd5d24d1e33a
352,Arts of Oceania,,1,,40.778483431,-73.964092707,False,18008f2e828718109c01694591da9f58
352,Arts of Oceania,,1,,40.778483431,-73.964092707,False,18008f2e828718109c01694591da9f58
352,Arts of Oceania,,1,,40.778483431,-73.964092707,False,18008f2e828718109c01694591da9f58
352,Arts of Oceania,,1,,40.778483431,-73.964092707,False,18008f2e828718109c01694591da9f58
352,Arts of Oceania,,1,,40.778483431,-73.964092707,False,18008f2e828718109c01694591da9f58
352,Arts of Oceania,,1,,40.778483431,-73.964092707,False,18008f2e828718109c01694591da9f58
352,Arts of Oceania,,1,,40.778483431,-73.964092707,False,18008f2e828718109c01694591da9f58
353,Arts of Oceania,,1,,40.778361349,-73.964021585,False,d3521e4c3fb6b96111ac1f8dbe96da20
353,Arts of Oceania,,1,,40.778361349,-73.964021585,False,d3521e4c3fb6b96111ac1f8dbe96da20
353,Arts of Oceania,,1,,40.778361349,-73.964021585,False,d3521e4c3fb6b96111ac1f8dbe96da20
353,Arts of Oceania,,1,,40.778361349,-73.964021585,False,d3521e4c3fb6b96111ac1f8dbe96da20
353,Arts of Oceania,,1,,40.778361349,-73.964021585,False,d3521e4c3fb6b96111ac1f8dbe96da20
353,Arts of Oceania,,1,,40.778361349,-73.964021585,False,d3521e4c3fb6b96111ac1f8dbe96da20
353,Arts of Oceania,,1,,40.778361349,-73.964021585,False,d3521e4c3fb6b96111ac1f8dbe96da20
354,Arts of Oceania,,1,,40.778269019,-73.964150598,False,29437de798c1132f74967fc8983e9014
354,Arts of Oceania,,1,,40.778269019,-73.964150598,False,29437de798c1132f74967fc8983e9014
354,Arts of Oceania,,1,,40.778269019,-73.964150598,False,29437de798c1132f74967fc8983e9014
354,Arts of Oceania,,1,,40.778269019,-73.964150598,False,29437de798c1132f74967fc8983e9014
354,Arts of Oceania,,1,,40.778269019,-73.964150598,False,29437de798c1132f74967fc8983e9014
354,Arts of Oceania,,1,,40.778269019,-73.964150598,False,29437de798c1132f74967fc8983e9014
354,Arts of Oceania,,1,,40.778269019,-73.964150598,False,29437de798c1132f74967fc8983e9014
359,Iba Ndiaye: Between Latitude and Longitude,,1,,40.778638545,-73.964235084,False,8a0229933f02e7cf17d628a25442c5e5
359,Iba Ndiaye: Between Latitude and Longitude,,1,,40.778638545,-73.964235084,False,8a0229933f02e7cf17d628a25442c5e5
359,Iba Ndiaye: Between Latitude and Longitude,,1,,40.778638545,-73.964235084,False,8a0229933f02e7cf17d628a25442c5e5
359,Iba Ndiaye: Between Latitude and Longitude,,1,,40.778638545,-73.964235084,False,8a0229933f02e7cf17d628a25442c5e5
359,Iba Ndiaye: Between Latitude and Longitude,,1,,40.778638545,-73.964235084,False,8a0229933f02e7cf17d628a25442c5e5
359,Iba Ndiaye: Between Latitude and Longitude,,1,,40.778638545,-73.964235084,False,8a0229933f02e7cf17d628a25442c5e5
359,Iba Ndiaye: Between Latitude and Longitude,,1,,40.778638545,-73.964235084,False,8a0229933f02e7cf17d628a25442c5e5
360,Arts of the Ancient Americas,,1,,40.778307443,-73.964242499,False,cb185f3b203878c1a05a55fc811c3cd5
360,Arts of the Ancient Americas,,1,,40.778307443,-73.964242499,False,cb185f3b203878c1a05a55fc811c3cd5
360,Arts of the Ancient Americas,,1,,40.778307443,-73.964242499,False,cb185f3b203878c1a05a55fc811c3cd5
360,Arts of the Ancient Americas,,1,,40.778307443,-73.964242499,False,cb185f3b203878c1a05a55fc811c3cd5
360,Arts of the Ancient Americas,,1,,40.778307443,-73.964242499,False,cb185f3b203878c1a05a55fc811c3cd5
360,Arts of the Ancient Americas,,1,,40.778307443,-73.964242499,False,cb185f3b203878c1a05a55fc811c3cd5
360,Arts of the Ancient Americas,,1,,40.778307443,-73.964242499,False,cb185f3b203878c1a05a55fc811c3cd5
361,Arts of the Ancient Americas,,1,,40.778417636,-73.964161074,False,e338992445a621cb505b63f06bccf058
361,Arts of the Ancient Americas,,1,,40.778417636,-73.964161074,False,e338992445a621cb505b63f06bccf058
361,Arts of the Ancient Americas,,1,,40.778417636,-73.964161074,False,e338992445a621cb505b63f06bccf058
361,Arts of the Ancient Americas,,1,,40.778417636,-73.964161074,False,e338992445a621cb505b63f06bccf058
361,Arts of the Ancient Americas,,1,,40.778417636,-73.964161074,False,e338992445a621cb505b63f06bccf058
361,Arts of the Ancient Americas,,1,,40.778417636,-73.964161074,False,e338992445a621cb505b63f06bccf058
361,Arts of the Ancient Americas,,1,,40.778417636,-73.964161074,False,e338992445a621cb505b63f06bccf058
362,Arts of the Ancient Americas,,1,,40.778492964,-73.964341237,False,d21a1033026e65027931460fdb7d3833
362,Arts of the Ancient Americas,,1,,40.778492964,-73.964341237,False,d21a1033026e65027931460fdb7d3833
362,Arts of the Ancient Americas,,1,,40.778492964,-73.964341237,False,d21a1033026e65027931460fdb7d3833
362,Arts of the Ancient Americas,,1,,40.778492964,-73.964341237,False,d21a1033026e65027931460fdb7d3833
362,Arts of the Ancient Americas,,1,,40.778492964,-73.964341237,False,d21a1033026e65027931460fdb7d3833
362,Arts of the Ancient Americas,,1,,40.778492964,-73.964341237,False,d21a1033026e65027931460fdb7d3833
362,Arts of the Ancient Americas,,1,,40.778492964,-73.964341237,False,d21a1033026e65027931460fdb7d3833
363,Arts of the Ancient Americas,,1,,40.778572471,-73.964283262,False,1d9b8da9410f9226b2006e29553e54e0
363,Arts of the Ancient Americas,,1,,40.778572471,-73.964283262,False,1d9b8da9410f9226b2006e29553e54e0
363,Arts of the Ancient Americas,,1,,40.778572471,-73.964283262,False,1d9b8da9410f9226b2006e29553e54e0
363,Arts of the Ancient Americas,,1,,40.778572471,-73.964283262,False,1d9b8da9410f9226b2006e29553e54e0
363,Arts of the Ancient Americas,,1,,40.778572471,-73.964283262,False,1d9b8da9410f9226b2006e29553e54e0
363,Arts of the Ancient Americas,,1,,40.778572471,-73.964283262,False,1d9b8da9410f9226b2006e29553e54e0
363,Arts of the Ancient Americas,,1,,40.778572471,-73.964283262,False,1d9b8da9410f9226b2006e29553e54e0
370,Arms and Armor from the Stone Age to the Iron Age,Ronald S. Lauder Galleries of Arms and Armor,1,Gallery 370,40.779884175,-73.96318275,False,2c71a14ee58edbe7ec1795fc02b618d2
370,Arms and Armor from the Stone Age to the Iron Age,Ronald S. Lauder Galleries of Arms and Armor,1,Gallery 370,40.779884175,-73.96318275,False,2c71a14ee58edbe7ec1795fc02b618d2
370,Arms and Armor from the Stone Age to the Iron Age,Ronald S. Lauder Galleries of Arms and Armor,1,Gallery 370,40.779884175,-73.96318275,False,2c71a14ee58edbe7ec1795fc02b618d2
370,Arms and Armor from the Stone Age to the Iron Age,Ronald S. Lauder Galleries of Arms and Armor,1,Gallery 370,40.779884175,-73.96318275,False,2c71a14ee58edbe7ec1795fc02b618d2
370,Arms and Armor from the Stone Age to the Iron Age,Ronald S. Lauder Galleries of Arms and Armor,1,Gallery 370,40.779884175,-73.96318275,False,2c71a14ee58edbe7ec1795fc02b618d2
370,Arms and Armor from the Stone Age to the Iron Age,Ronald S. Lauder Galleries of Arms and Armor,1,Gallery 370,40.779884175,-73.96318275,False,2c71a14ee58edbe7ec1795fc02b618d2
370,Arms and Armor from the Stone Age to the Iron Age,Ronald S. Lauder Galleries of Arms and Armor,1,Gallery 370,40.779884175,-73.96318275,False,2c71a14ee58edbe7ec1795fc02b618d2
371,European Armor for Field and Tournament,Ronald S. Lauder Galleries of Arms and Armor,1,Gallery 371,40.78013537,-73.962957358,False,71b8eb3b8328355e5e48f8b1d4087716
371,European Armor for Field and Tournament,Ronald S. Lauder Galleries of Arms and Armor,1,Gallery 371,40.78013537,-73.962957358,False,71b8eb3b8328355e5e48f8b1d4087716
371,European Armor for Field and Tournament,Ronald S. Lauder Galleries of Arms and Armor,1,Gallery 371,40.78013537,-73.962957358,False,71b8eb3b8328355e5e48f8b1d4087716
371,European Armor for Field and Tournament,Ronald S. Lauder Galleries of Arms and Armor,1,Gallery 371,40.78013537,-73.962957358,False,71b8eb3b8328355e5e48f8b1d4087716
371,European Armor for Field and Tournament,Ronald S. Lauder Galleries of Arms and Armor,1,Gallery 371,40.78013537,-73.962957358,False,71b8eb3b8328355e5e48f8b1d4087716
371,European Armor for Field and Tournament,Ronald S. Lauder Galleries of Arms and Armor,1,Gallery 371,40.78013537,-73.962957358,False,71b8eb3b8328355e5e48f8b1d4087716
371,European Armor for Field and Tournament,Ronald S. Lauder Galleries of Arms and Armor,1,Gallery 371,40.78013537,-73.962957358,False,71b8eb3b8328355e5e48f8b1d4087716
372,American Swords and Firearms,Robert M. Lee Gallery in the Ronald S. Lauder Galleries of Arms and Armor,1,Gallery 372,40.780193816,-73.962914445,False,eae3ad361a5bdc178e3ecf7d96488e90
372,American Swords and Firearms,Robert M. Lee Gallery in the Ronald S. Lauder Galleries of Arms and Armor,1,Gallery 372,40.780193816,-73.962914445,False,eae3ad361a5bdc178e3ecf7d96488e90
372,American Swords and Firearms,Robert M. Lee Gallery in the Ronald S. Lauder Galleries of Arms and Armor,1,Gallery 372,40.780193816,-73.962914445,False,eae3ad361a5bdc178e3ecf7d96488e90
372,American Swords and Firearms,Robert M. Lee Gallery in the Ronald S. Lauder Galleries of Arms and Armor,1,Gallery 372,40.780193816,-73.962914445,False,eae3ad361a5bdc178e3ecf7d96488e90
372,American Swords and Firearms,Robert M. Lee Gallery in the Ronald S. Lauder Galleries of Arms and Armor,1,Gallery 372,40.780193816,-73.962914445,False,eae3ad361a5bdc178e3ecf7d96488e90
372,American Swords and Firearms,Robert M. Lee Gallery in the Ronald S. Lauder Galleries of Arms and Armor,1,Gallery 372,40.780193816,-73.962914445,False,eae3ad361a5bdc178e3ecf7d96488e90
372,American Swords and Firearms,Robert M. Lee Gallery in the Ronald S. Lauder Galleries of Arms and Armor,1,Gallery 372,40.780193816,-73.962914445,False,eae3ad361a5bdc178e3ecf7d96488e90
373,"European Arms and Armor, Late Medieval to Renaissance",Bashford Dean Gallery in the Ronald S. Lauder Galleries of Arms and Armor,1,Gallery 373,40.779974001,-73.96325849,False,a485bff19dc44f37413a674e9d398783
373,"European Arms and Armor, Late Medieval to Renaissance",Bashford Dean Gallery in the Ronald S. Lauder Galleries of Arms and Armor,1,Gallery 373,40.779974001,-73.96325849,False,a485bff19dc44f37413a674e9d398783
373,"European Arms and Armor, Late Medieval to Renaissance",Bashford Dean Gallery in the Ronald S. Lauder Galleries of Arms and Armor,1,Gallery 373,40.779974001,-73.96325849,False,a485bff19dc44f37413a674e9d398783
373,"European Arms and Armor, Late Medieval to Renaissance",Bashford Dean Gallery in the Ronald S. Lauder Galleries of Arms and Armor,1,Gallery 373,40.779974001,-73.96325849,False,a485bff19dc44f37413a674e9d398783
373,"European Arms and Armor, Late Medieval to Renaissance",Bashford Dean Gallery in the Ronald S. Lauder Galleries of Arms and Armor,1,Gallery 373,40.779974001,-73.96325849,False,a485bff19dc44f37413a674e9d398783
373,"European Arms and Armor, Late Medieval to Renaissance",Bashford Dean Gallery in the Ronald S. Lauder Galleries of Arms and Armor,1,Gallery 373,40.779974001,-73.96325849,False,a485bff19dc44f37413a674e9d398783
373,"European Arms and Armor, Late Medieval to Renaissance",Bashford Dean Gallery in the Ronald S. Lauder Galleries of Arms and Armor,1,Gallery 373,40.779974001,-73.96325849,False,a485bff19dc44f37413a674e9d398783
374,European Ceremonial Armor,Ronald S. Lauder Gallery in the Ronald S. Lauder Galleries of Arms and Armor,1,Gallery 374,40.780091466,-73.963172839,False,517debe185dd1eee02ecc3d5e5004e14
374,European Ceremonial Armor,Ronald S. Lauder Gallery in the Ronald S. Lauder Galleries of Arms and Armor,1,Gallery 374,40.780091466,-73.963172839,False,517debe185dd1eee02ecc3d5e5004e14
374,European Ceremonial Armor,Ronald S. Lauder Gallery in the Ronald S. Lauder Galleries of Arms and Armor,1,Gallery 374,40.780091466,-73.963172839,False,517debe185dd1eee02ecc3d5e5004e14
374,European Ceremonial Armor,Ronald S. Lauder Gallery in the Ronald S. Lauder Galleries of Arms and Armor,1,Gallery 374,40.780091466,-73.963172839,False,517debe185dd1eee02ecc3d5e5004e14
374,European Ceremonial Armor,Ronald S. Lauder Gallery in the Ronald S. Lauder Galleries of Arms and Armor,1,Gallery 374,40.780091466,-73.963172839,False,517debe185dd1eee02ecc3d5e5004e14
374,European Ceremonial Armor,Ronald S. Lauder Gallery in the Ronald S. Lauder Galleries of Arms and Armor,1,Gallery 374,40.780091466,-73.963172839,False,517debe185dd1eee02ecc3d5e5004e14
374,European Ceremonial Armor,Ronald S. Lauder Gallery in the Ronald S. Lauder Galleries of Arms and Armor,1,Gallery 374,40.780091466,-73.963172839,False,517debe185dd1eee02ecc3d5e5004e14
375,European Hunting and Sporting Weapons,Ronald S. Lauder Galleries of Arms and Armor,1,Gallery 375,40.780186634,-73.963103442,False,3df3269fa93f8fee96620482ff3fae28
375,European Hunting and Sporting Weapons,Ronald S. Lauder Galleries of Arms and Armor,1,Gallery 375,40.780186634,-73.963103442,False,3df3269fa93f8fee96620482ff3fae28
375,European Hunting and Sporting Weapons,Ronald S. Lauder Galleries of Arms and Armor,1,Gallery 375,40.780186634,-73.963103442,False,3df3269fa93f8fee96620482ff3fae28
375,European Hunting and Sporting Weapons,Ronald S. Lauder Galleries of Arms and Armor,1,Gallery 375,40.780186634,-73.963103442,False,3df3269fa93f8fee96620482ff3fae28
375,European Hunting and Sporting Weapons,Ronald S. Lauder Galleries of Arms and Armor,1,Gallery 375,40.780186634,-73.963103442,False,3df3269fa93f8fee96620482ff3fae28
375,European Hunting and Sporting Weapons,Ronald S. Lauder Galleries of Arms and Armor,1,Gallery 375,40.780186634,-73.963103442,False,3df3269fa93f8fee96620482ff3fae28
375,European Hunting and Sporting Weapons,Ronald S. Lauder Galleries of Arms and Armor,1,Gallery 375,40.780186634,-73.963103442,False,3df3269fa93f8fee96620482ff3fae28
376,European Swords,Ronald S. Lauder Galleries of Arms and Armor,1,Gallery 376,40.780261745,-73.96304867,False,ee822bda3bdf217d04caec709b6507f4
376,European Swords,Ronald S. Lauder Galleries of Arms and Armor,1,Gallery 376,40.780261745,-73.96304867,False,ee822bda3bdf217d04caec709b6507f4
376,European Swords,Ronald S. Lauder Galleries of Arms and Armor,1,Gallery 376,40.780261745,-73.96304867,False,ee822bda3bdf217d04caec709b6507f4
376,European Swords,Ronald S. Lauder Galleries of Arms and Armor,1,Gallery 376,40.780261745,-73.96304867,False,ee822bda3bdf217d04caec709b6507f4
376,European Swords,Ronald S. Lauder Galleries of Arms and Armor,1,Gallery 376,40.780261745,-73.96304867,False,ee822bda3bdf217d04caec709b6507f4
376,European Swords,Ronald S. Lauder Galleries of Arms and Armor,1,Gallery 376,40.780261745,-73.96304867,False,ee822bda3bdf217d04caec709b6507f4
376,European Swords,Ronald S. Lauder Galleries of Arms and Armor,1,Gallery 376,40.780261745,-73.96304867,False,ee822bda3bdf217d04caec709b6507f4
377,Japanese Arms and Armor,Ronald S. Lauder Galleries of Arms and Armor,1,Gallery 377,40.77988364,-73.963043827,False,a6826deb796c6acb3782d31d5eb0fcb0
377,Japanese Arms and Armor,Ronald S. Lauder Galleries of Arms and Armor,1,Gallery 377,40.77988364,-73.963043827,False,a6826deb796c6acb3782d31d5eb0fcb0
377,Japanese Arms and Armor,Ronald S. Lauder Galleries of Arms and Armor,1,Gallery 377,40.77988364,-73.963043827,False,a6826deb796c6acb3782d31d5eb0fcb0
377,Japanese Arms and Armor,Ronald S. Lauder Galleries of Arms and Armor,1,Gallery 377,40.77988364,-73.963043827,False,a6826deb796c6acb3782d31d5eb0fcb0
377,Japanese Arms and Armor,Ronald S. Lauder Galleries of Arms and Armor,1,Gallery 377,40.77988364,-73.963043827,False,a6826deb796c6acb3782d31d5eb0fcb0
377,Japanese Arms and Armor,Ronald S. Lauder Galleries of Arms and Armor,1,Gallery 377,40.77988364,-73.963043827,False,a6826deb796c6acb3782d31d5eb0fcb0
377,Japanese Arms and Armor,Ronald S. Lauder Galleries of Arms and Armor,1,Gallery 377,40.77988364,-73.963043827,False,a6826deb796c6acb3782d31d5eb0fcb0
378,Samurai Swords and Daggers,Ronald S. Lauder Galleries of Arms and Armor,1,Gallery 378,40.78000115,-73.962958138,False,d9227ba8c8057b9b6635841c4e69cb7f
378,Samurai Swords and Daggers,Ronald S. Lauder Galleries of Arms and Armor,1,Gallery 378,40.78000115,-73.962958138,False,d9227ba8c8057b9b6635841c4e69cb7f
378,Samurai Swords and Daggers,Ronald S. Lauder Galleries of Arms and Armor,1,Gallery 378,40.78000115,-73.962958138,False,d9227ba8c8057b9b6635841c4e69cb7f
378,Samurai Swords and Daggers,Ronald S. Lauder Galleries of Arms and Armor,1,Gallery 378,40.78000115,-73.962958138,False,d9227ba8c8057b9b6635841c4e69cb7f
378,Samurai Swords and Daggers,Ronald S. Lauder Galleries of Arms and Armor,1,Gallery 378,40.78000115,-73.962958138,False,d9227ba8c8057b9b6635841c4e69cb7f
378,Samurai Swords and Daggers,Ronald S. Lauder Galleries of Arms and Armor,1,Gallery 378,40.78000115,-73.962958138,False,d9227ba8c8057b9b6635841c4e69cb7f
378,Samurai Swords and Daggers,Ronald S. Lauder Galleries of Arms and Armor,1,Gallery 378,40.78000115,-73.962958138,False,d9227ba8c8057b9b6635841c4e69cb7f
379,Arms and Armor of Islamic Cultures,Ronald S. Lauder Galleries of Arms and Armor,1,Gallery 379,40.780096249,-73.962888788,False,2051a967113958931d79da0d3e5679cd
379,Arms and Armor of Islamic Cultures,Ronald S. Lauder Galleries of Arms and Armor,1,Gallery 379,40.780096249,-73.962888788,False,2051a967113958931d79da0d3e5679cd
379,Arms and Armor of Islamic Cultures,Ronald S. Lauder Galleries of Arms and Armor,1,Gallery 379,40.780096249,-73.962888788,False,2051a967113958931d79da0d3e5679cd
379,Arms and Armor of Islamic Cultures,Ronald S. Lauder Galleries of Arms and Armor,1,Gallery 379,40.780096249,-73.962888788,False,2051a967113958931d79da0d3e5679cd
379,Arms and Armor of Islamic Cultures,Ronald S. Lauder Galleries of Arms and Armor,1,Gallery 379,40.780096249,-73.962888788,False,2051a967113958931d79da0d3e5679cd
379,Arms and Armor of Islamic Cultures,Ronald S. Lauder Galleries of Arms and Armor,1,Gallery 379,40.780096249,-73.962888788,False,2051a967113958931d79da0d3e5679cd
379,Arms and Armor of Islamic Cultures,Ronald S. Lauder Galleries of Arms and Armor,1,Gallery 379,40.780096249,-73.962888788,False,2051a967113958931d79da0d3e5679cd
380,Defensive Display: Shields from The Met Collection,,1,Gallery 380,40.780110037,-73.962717825,False,b8cee3fa89cc15eb5bf2c5d7ab3d34b9
380,Defensive Display: Shields from The Met Collection,,1,Gallery 380,40.780110037,-73.962717825,False,b8cee3fa89cc15eb5bf2c5d7ab3d34b9
380,Defensive Display: Shields from The Met Collection,,1,Gallery 380,40.780110037,-73.962717825,False,b8cee3fa89cc15eb5bf2c5d7ab3d34b9
380,Defensive Display: Shields from The Met Collection,,1,Gallery 380,40.780110037,-73.962717825,False,b8cee3fa89cc15eb5bf2c5d7ab3d34b9
380,Defensive Display: Shields from The Met Collection,,1,Gallery 380,40.780110037,-73.962717825,False,b8cee3fa89cc15eb5bf2c5d7ab3d34b9
380,Defensive Display: Shields from The Met Collection,,1,Gallery 380,40.780110037,-73.962717825,False,b8cee3fa89cc15eb5bf2c5d7ab3d34b9
380,Defensive Display: Shields from The Met Collection,,1,Gallery 380,40.780110037,-73.962717825,False,b8cee3fa89cc15eb5bf2c5d7ab3d34b9
399,Gallery 399,,1,Gallery 399,40.778648873,-73.964377238,False,bcc5ce44a95b7a61789c173f55a3e7a3
399,Gallery 399,,1,Gallery 399,40.778648873,-73.964377238,False,bcc5ce44a95b7a61789c173f55a3e7a3
399,Gallery 399,,1,Gallery 399,40.778648873,-73.964377238,False,bcc5ce44a95b7a61789c173f55a3e7a3
399,Gallery 399,,1,Gallery 399,40.778648873,-73.964377238,False,bcc5ce44a95b7a61789c173f55a3e7a3
399,Gallery 399,,1,Gallery 399,40.778648873,-73.964377238,False,bcc5ce44a95b7a61789c173f55a3e7a3
399,Gallery 399,,1,Gallery 399,40.778648873,-73.964377238,False,bcc5ce44a95b7a61789c173f55a3e7a3
399,Gallery 399,,1,Gallery 399,40.778648873,-73.964377238,False,bcc5ce44a95b7a61789c173f55a3e7a3
400,The Assyrian Empire and Its Sphere of Influence,,2,Gallery 400,40.778926033,-73.963179049,True,e961a719931a008650d17eaabe1dd119
400,The Assyrian Empire and Its Sphere of Influence,,2,Gallery 400,40.778926033,-73.963179049,True,e961a719931a008650d17eaabe1dd119
400,The Assyrian Empire and Its Sphere of Influence,,2,Gallery 400,40.778926033,-73.963179049,True,e961a719931a008650d17eaabe1dd119
400,The Assyrian Empire and Its Sphere of Influence,,2,Gallery 400,40.778926033,-73.963179049,True,e961a719931a008650d17eaabe1dd119
400,The Assyrian Empire and Its Sphere of Influence,,2,Gallery 400,40.778926033,-73.963179049,True,e961a719931a008650d17eaabe1dd119
400,The Assyrian Empire and Its Sphere of Influence,,2,Gallery 400,40.778926033,-73.963179049,True,e961a719931a008650d17eaabe1dd119
400,The Assyrian Empire and Its Sphere of Influence,,2,Gallery 400,40.778926033,-73.963179049,True,e961a719931a008650d17eaabe1dd119
401,The Assyrian Royal Court ,,2,Gallery 401,40.778917307,-73.963052008,True,9fac47eadcc844820c615688869ec9a2
401,The Assyrian Royal Court ,,2,Gallery 401,40.778917307,-73.963052008,True,9fac47eadcc844820c615688869ec9a2
401,The Assyrian Royal Court ,,2,Gallery 401,40.778917307,-73.963052008,True,9fac47eadcc844820c615688869ec9a2
401,The Assyrian Royal Court ,,2,Gallery 401,40.778917307,-73.963052008,True,9fac47eadcc844820c615688869ec9a2
401,The Assyrian Royal Court ,,2,Gallery 401,40.778917307,-73.963052008,True,9fac47eadcc844820c615688869ec9a2
401,The Assyrian Royal Court ,,2,Gallery 401,40.778917307,-73.963052008,True,9fac47eadcc844820c615688869ec9a2
401,The Assyrian Royal Court ,,2,Gallery 401,40.778917307,-73.963052008,True,9fac47eadcc844820c615688869ec9a2
402,The Rise of Civilization: The Ancient Near East ca. 8000–3000 B.C.,The objects in this gallery illustrate the rise of civilization in the Near East.,2,Gallery 402,40.778833605,-73.962959753,True,8dcfbef795a77fdac471c02bd43eafbb
402,The Rise of Civilization: The Ancient Near East ca. 8000–3000 B.C.,The objects in this gallery illustrate the rise of civilization in the Near East.,2,Gallery 402,40.778833605,-73.962959753,True,8dcfbef795a77fdac471c02bd43eafbb
402,The Rise of Civilization: The Ancient Near East ca. 8000–3000 B.C.,The objects in this gallery illustrate the rise of civilization in the Near East.,2,Gallery 402,40.778833605,-73.962959753,True,8dcfbef795a77fdac471c02bd43eafbb
402,The Rise of Civilization: The Ancient Near East ca. 8000–3000 B.C.,The objects in this gallery illustrate the rise of civilization in the Near East.,2,Gallery 402,40.778833605,-73.962959753,True,8dcfbef795a77fdac471c02bd43eafbb
402,The Rise of Civilization: The Ancient Near East ca. 8000–3000 B.C.,The objects in this gallery illustrate the rise of civilization in the Near East.,2,Gallery 402,40.778833605,-73.962959753,True,8dcfbef795a77fdac471c02bd43eafbb
402,The Rise of Civilization: The Ancient Near East ca. 8000–3000 B.C.,The objects in this gallery illustrate the rise of civilization in the Near East.,2,Gallery 402,40.778833605,-73.962959753,True,8dcfbef795a77fdac471c02bd43eafbb
402,The Rise of Civilization: The Ancient Near East ca. 8000–3000 B.C.,The objects in this gallery illustrate the rise of civilization in the Near East.,2,Gallery 402,40.778833605,-73.962959753,True,8dcfbef795a77fdac471c02bd43eafbb
403,"Cities, States, and Early Empires: The Ancient Near East ca. 3000–1200 B.C.",,2,Gallery 403,40.778729882,-73.963058183,True,7fb8df76e571723eb5dc32c8416502b9
403,"Cities, States, and Early Empires: The Ancient Near East ca. 3000–1200 B.C.",,2,Gallery 403,40.778729882,-73.963058183,True,7fb8df76e571723eb5dc32c8416502b9
403,"Cities, States, and Early Empires: The Ancient Near East ca. 3000–1200 B.C.",,2,Gallery 403,40.778729882,-73.963058183,True,7fb8df76e571723eb5dc32c8416502b9
403,"Cities, States, and Early Empires: The Ancient Near East ca. 3000–1200 B.C.",,2,Gallery 403,40.778729882,-73.963058183,True,7fb8df76e571723eb5dc32c8416502b9
403,"Cities, States, and Early Empires: The Ancient Near East ca. 3000–1200 B.C.",,2,Gallery 403,40.778729882,-73.963058183,True,7fb8df76e571723eb5dc32c8416502b9
403,"Cities, States, and Early Empires: The Ancient Near East ca. 3000–1200 B.C.",,2,Gallery 403,40.778729882,-73.963058183,True,7fb8df76e571723eb5dc32c8416502b9
403,"Cities, States, and Early Empires: The Ancient Near East ca. 3000–1200 B.C.",,2,Gallery 403,40.778729882,-73.963058183,True,7fb8df76e571723eb5dc32c8416502b9
404,Kingdoms and Empires: The Ancient Near East ca. 2000 B.C.–A.D. 200,,2,Gallery 404,40.778615204,-73.963143542,True,763a8098da4ff249af1c63cdb8d49a69
404,Kingdoms and Empires: The Ancient Near East ca. 2000 B.C.–A.D. 200,,2,Gallery 404,40.778615204,-73.963143542,True,763a8098da4ff249af1c63cdb8d49a69
404,Kingdoms and Empires: The Ancient Near East ca. 2000 B.C.–A.D. 200,,2,Gallery 404,40.778615204,-73.963143542,True,763a8098da4ff249af1c63cdb8d49a69
404,Kingdoms and Empires: The Ancient Near East ca. 2000 B.C.–A.D. 200,,2,Gallery 404,40.778615204,-73.963143542,True,763a8098da4ff249af1c63cdb8d49a69
404,Kingdoms and Empires: The Ancient Near East ca. 2000 B.C.–A.D. 200,,2,Gallery 404,40.778615204,-73.963143542,True,763a8098da4ff249af1c63cdb8d49a69
404,Kingdoms and Empires: The Ancient Near East ca. 2000 B.C.–A.D. 200,,2,Gallery 404,40.778615204,-73.963143542,True,763a8098da4ff249af1c63cdb8d49a69
404,Kingdoms and Empires: The Ancient Near East ca. 2000 B.C.–A.D. 200,,2,Gallery 404,40.778615204,-73.963143542,True,763a8098da4ff249af1c63cdb8d49a69
405,From the Achaemenid to the Sasanian Empire: The Ancient Near East and Silk Road Contacts ca. 559 B.C.–A.D. 651,,2,Gallery 405,40.778501423,-73.96322651,True,8632f6907818b960c68ea3da07b220c6
405,From the Achaemenid to the Sasanian Empire: The Ancient Near East and Silk Road Contacts ca. 559 B.C.–A.D. 651,,2,Gallery 405,40.778501423,-73.96322651,True,8632f6907818b960c68ea3da07b220c6
405,From the Achaemenid to the Sasanian Empire: The Ancient Near East and Silk Road Contacts ca. 559 B.C.–A.D. 651,,2,Gallery 405,40.778501423,-73.96322651,True,8632f6907818b960c68ea3da07b220c6
405,From the Achaemenid to the Sasanian Empire: The Ancient Near East and Silk Road Contacts ca. 559 B.C.–A.D. 651,,2,Gallery 405,40.778501423,-73.96322651,True,8632f6907818b960c68ea3da07b220c6
405,From the Achaemenid to the Sasanian Empire: The Ancient Near East and Silk Road Contacts ca. 559 B.C.–A.D. 651,,2,Gallery 405,40.778501423,-73.96322651,True,8632f6907818b960c68ea3da07b220c6
405,From the Achaemenid to the Sasanian Empire: The Ancient Near East and Silk Road Contacts ca. 559 B.C.–A.D. 651,,2,Gallery 405,40.778501423,-73.96322651,True,8632f6907818b960c68ea3da07b220c6
405,From the Achaemenid to the Sasanian Empire: The Ancient Near East and Silk Road Contacts ca. 559 B.C.–A.D. 651,,2,Gallery 405,40.778501423,-73.96322651,True,8632f6907818b960c68ea3da07b220c6
406,The Interconnected World of the Ancient Near East,,2,Gallery 406,40.778818052,-73.963253355,True,621fbcf396d95b21c19e45a1fd180f4b
406,The Interconnected World of the Ancient Near East,,2,Gallery 406,40.778818052,-73.963253355,True,621fbcf396d95b21c19e45a1fd180f4b
406,The Interconnected World of the Ancient Near East,,2,Gallery 406,40.778818052,-73.963253355,True,621fbcf396d95b21c19e45a1fd180f4b
406,The Interconnected World of the Ancient Near East,,2,Gallery 406,40.778818052,-73.963253355,True,621fbcf396d95b21c19e45a1fd180f4b
406,The Interconnected World of the Ancient Near East,,2,Gallery 406,40.778818052,-73.963253355,True,621fbcf396d95b21c19e45a1fd180f4b
406,The Interconnected World of the Ancient Near East,,2,Gallery 406,40.778818052,-73.963253355,True,621fbcf396d95b21c19e45a1fd180f4b
406,The Interconnected World of the Ancient Near East,,2,Gallery 406,40.778818052,-73.963253355,True,621fbcf396d95b21c19e45a1fd180f4b
450,Introductory Gallery,Patti Cadby Birch Gallery,2,Gallery 450,40.77833568,-73.96335756,False,43110b8e1baeb26b809f4a1028ef4b04
450,Introductory Gallery,Patti Cadby Birch Gallery,2,Gallery 450,40.77833568,-73.96335756,False,43110b8e1baeb26b809f4a1028ef4b04
450,Introductory Gallery,Patti Cadby Birch Gallery,2,Gallery 450,40.77833568,-73.96335756,False,43110b8e1baeb26b809f4a1028ef4b04
450,Introductory Gallery,Patti Cadby Birch Gallery,2,Gallery 450,40.77833568,-73.96335756,False,43110b8e1baeb26b809f4a1028ef4b04
450,Introductory Gallery,Patti Cadby Birch Gallery,2,Gallery 450,40.77833568,-73.96335756,False,43110b8e1baeb26b809f4a1028ef4b04
450,Introductory Gallery,Patti Cadby Birch Gallery,2,Gallery 450,40.77833568,-73.96335756,False,43110b8e1baeb26b809f4a1028ef4b04
450,Introductory Gallery,Patti Cadby Birch Gallery,2,Gallery 450,40.77833568,-73.96335756,False,43110b8e1baeb26b809f4a1028ef4b04
451,"Arab Lands and Iran under the Umayyads and Abbasids, 661-1258",Qatar Gallery,2,Gallery 451,40.778386025,-73.963477043,False,bbf345310e8746e4180a7dfd945ff230
451,"Arab Lands and Iran under the Umayyads and Abbasids, 661-1258",Qatar Gallery,2,Gallery 451,40.778386025,-73.963477043,False,bbf345310e8746e4180a7dfd945ff230
451,"Arab Lands and Iran under the Umayyads and Abbasids, 661-1258",Qatar Gallery,2,Gallery 451,40.778386025,-73.963477043,False,bbf345310e8746e4180a7dfd945ff230
451,"Arab Lands and Iran under the Umayyads and Abbasids, 661-1258",Qatar Gallery,2,Gallery 451,40.778386025,-73.963477043,False,bbf345310e8746e4180a7dfd945ff230
451,"Arab Lands and Iran under the Umayyads and Abbasids, 661-1258",Qatar Gallery,2,Gallery 451,40.778386025,-73.963477043,False,bbf345310e8746e4180a7dfd945ff230
451,"Arab Lands and Iran under the Umayyads and Abbasids, 661-1258",Qatar Gallery,2,Gallery 451,40.778386025,-73.963477043,False,bbf345310e8746e4180a7dfd945ff230
451,"Arab Lands and Iran under the Umayyads and Abbasids, 661-1258",Qatar Gallery,2,Gallery 451,40.778386025,-73.963477043,False,bbf345310e8746e4180a7dfd945ff230
452,Nishapur and the Sabz Pushan Room (9th–12th centuries),,2,Gallery 452,40.778426274,-73.963546176,True,4d1f94abac38d024ebecf0eaadf10325
452,Nishapur and the Sabz Pushan Room (9th–12th centuries),,2,Gallery 452,40.778426274,-73.963546176,True,4d1f94abac38d024ebecf0eaadf10325
452,Nishapur and the Sabz Pushan Room (9th–12th centuries),,2,Gallery 452,40.778426274,-73.963546176,True,4d1f94abac38d024ebecf0eaadf10325
452,Nishapur and the Sabz Pushan Room (9th–12th centuries),,2,Gallery 452,40.778426274,-73.963546176,True,4d1f94abac38d024ebecf0eaadf10325
452,Nishapur and the Sabz Pushan Room (9th–12th centuries),,2,Gallery 452,40.778426274,-73.963546176,True,4d1f94abac38d024ebecf0eaadf10325
452,Nishapur and the Sabz Pushan Room (9th–12th centuries),,2,Gallery 452,40.778426274,-73.963546176,True,4d1f94abac38d024ebecf0eaadf10325
452,Nishapur and the Sabz Pushan Room (9th–12th centuries),,2,Gallery 452,40.778426274,-73.963546176,True,4d1f94abac38d024ebecf0eaadf10325
453,Medieval Iran and Central Asia (9th–13th centuries),,2,Gallery 453,40.778339115,-73.963627994,True,fe44d55527b0f3b40bbf2ab522751479
453,Medieval Iran and Central Asia (9th–13th centuries),,2,Gallery 453,40.778339115,-73.963627994,True,fe44d55527b0f3b40bbf2ab522751479
453,Medieval Iran and Central Asia (9th–13th centuries),,2,Gallery 453,40.778339115,-73.963627994,True,fe44d55527b0f3b40bbf2ab522751479
453,Medieval Iran and Central Asia (9th–13th centuries),,2,Gallery 453,40.778339115,-73.963627994,True,fe44d55527b0f3b40bbf2ab522751479
453,Medieval Iran and Central Asia (9th–13th centuries),,2,Gallery 453,40.778339115,-73.963627994,True,fe44d55527b0f3b40bbf2ab522751479
453,Medieval Iran and Central Asia (9th–13th centuries),,2,Gallery 453,40.778339115,-73.963627994,True,fe44d55527b0f3b40bbf2ab522751479
453,Medieval Iran and Central Asia (9th–13th centuries),,2,Gallery 453,40.778339115,-73.963627994,True,fe44d55527b0f3b40bbf2ab522751479
454,Medieval Egypt and Syria (10th–16th centuries),,2,Gallery 454,40.778181071,-73.963722689,True,45d8b6dd47e6cdda123c06afa04dce7e
454,Medieval Egypt and Syria (10th–16th centuries),,2,Gallery 454,40.778181071,-73.963722689,True,45d8b6dd47e6cdda123c06afa04dce7e
454,Medieval Egypt and Syria (10th–16th centuries),,2,Gallery 454,40.778181071,-73.963722689,True,45d8b6dd47e6cdda123c06afa04dce7e
454,Medieval Egypt and Syria (10th–16th centuries),,2,Gallery 454,40.778181071,-73.963722689,True,45d8b6dd47e6cdda123c06afa04dce7e
454,Medieval Egypt and Syria (10th–16th centuries),,2,Gallery 454,40.778181071,-73.963722689,True,45d8b6dd47e6cdda123c06afa04dce7e
454,Medieval Egypt and Syria (10th–16th centuries),,2,Gallery 454,40.778181071,-73.963722689,True,45d8b6dd47e6cdda123c06afa04dce7e
454,Medieval Egypt and Syria (10th–16th centuries),,2,Gallery 454,40.778181071,-73.963722689,True,45d8b6dd47e6cdda123c06afa04dce7e
455,Iran and Central Asia in the Mongol Age (13th-16th Centuries),,2,Gallery 455,40.778079252,-73.963517397,False,9d0c47c69db8e8f8493e683ac80ce41e
455,Iran and Central Asia in the Mongol Age (13th-16th Centuries),,2,Gallery 455,40.778079252,-73.963517397,False,9d0c47c69db8e8f8493e683ac80ce41e
455,Iran and Central Asia in the Mongol Age (13th-16th Centuries),,2,Gallery 455,40.778079252,-73.963517397,False,9d0c47c69db8e8f8493e683ac80ce41e
455,Iran and Central Asia in the Mongol Age (13th-16th Centuries),,2,Gallery 455,40.778079252,-73.963517397,False,9d0c47c69db8e8f8493e683ac80ce41e
455,Iran and Central Asia in the Mongol Age (13th-16th Centuries),,2,Gallery 455,40.778079252,-73.963517397,False,9d0c47c69db8e8f8493e683ac80ce41e
455,Iran and Central Asia in the Mongol Age (13th-16th Centuries),,2,Gallery 455,40.778079252,-73.963517397,False,9d0c47c69db8e8f8493e683ac80ce41e
455,Iran and Central Asia in the Mongol Age (13th-16th Centuries),,2,Gallery 455,40.778079252,-73.963517397,False,9d0c47c69db8e8f8493e683ac80ce41e
456,Moroccan Court,Patti Cadby Birch Court,2,Gallery 456,40.778197014,-73.9634217,False,527a698409c6c614ad3f0b4e560d6368
456,Moroccan Court,Patti Cadby Birch Court,2,Gallery 456,40.778197014,-73.9634217,False,527a698409c6c614ad3f0b4e560d6368
456,Moroccan Court,Patti Cadby Birch Court,2,Gallery 456,40.778197014,-73.9634217,False,527a698409c6c614ad3f0b4e560d6368
456,Moroccan Court,Patti Cadby Birch Court,2,Gallery 456,40.778197014,-73.9634217,False,527a698409c6c614ad3f0b4e560d6368
456,Moroccan Court,Patti Cadby Birch Court,2,Gallery 456,40.778197014,-73.9634217,False,527a698409c6c614ad3f0b4e560d6368
456,Moroccan Court,Patti Cadby Birch Court,2,Gallery 456,40.778197014,-73.9634217,False,527a698409c6c614ad3f0b4e560d6368
456,Moroccan Court,Patti Cadby Birch Court,2,Gallery 456,40.778197014,-73.9634217,False,527a698409c6c614ad3f0b4e560d6368
457,"Spain, North Africa, and the Western Mediterranean (8th–19th centuries)",Patti Cadby Birch Court and Gallery,2,Gallery 457,40.778257232,-73.963377791,False,b4461a29d9739c2d074442e8b0d98810
457,"Spain, North Africa, and the Western Mediterranean (8th–19th centuries)",Patti Cadby Birch Court and Gallery,2,Gallery 457,40.778257232,-73.963377791,False,b4461a29d9739c2d074442e8b0d98810
457,"Spain, North Africa, and the Western Mediterranean (8th–19th centuries)",Patti Cadby Birch Court and Gallery,2,Gallery 457,40.778257232,-73.963377791,False,b4461a29d9739c2d074442e8b0d98810
457,"Spain, North Africa, and the Western Mediterranean (8th–19th centuries)",Patti Cadby Birch Court and Gallery,2,Gallery 457,40.778257232,-73.963377791,False,b4461a29d9739c2d074442e8b0d98810
457,"Spain, North Africa, and the Western Mediterranean (8th–19th centuries)",Patti Cadby Birch Court and Gallery,2,Gallery 457,40.778257232,-73.963377791,False,b4461a29d9739c2d074442e8b0d98810
457,"Spain, North Africa, and the Western Mediterranean (8th–19th centuries)",Patti Cadby Birch Court and Gallery,2,Gallery 457,40.778257232,-73.963377791,False,b4461a29d9739c2d074442e8b0d98810
457,"Spain, North Africa, and the Western Mediterranean (8th–19th centuries)",Patti Cadby Birch Court and Gallery,2,Gallery 457,40.778257232,-73.963377791,False,b4461a29d9739c2d074442e8b0d98810
458,The Hagop Kevorkian Fund Special Exhibitions Gallery,The Hagop Kevorkian Fund Special Exhibitions Gallery,2,Gallery 458,40.778094965,-73.96379353,False,080d768a221b46f3c47567fc89d7b38a
458,The Hagop Kevorkian Fund Special Exhibitions Gallery,The Hagop Kevorkian Fund Special Exhibitions Gallery,2,Gallery 458,40.778094965,-73.96379353,False,080d768a221b46f3c47567fc89d7b38a
458,The Hagop Kevorkian Fund Special Exhibitions Gallery,The Hagop Kevorkian Fund Special Exhibitions Gallery,2,Gallery 458,40.778094965,-73.96379353,False,080d768a221b46f3c47567fc89d7b38a
458,The Hagop Kevorkian Fund Special Exhibitions Gallery,The Hagop Kevorkian Fund Special Exhibitions Gallery,2,Gallery 458,40.778094965,-73.96379353,False,080d768a221b46f3c47567fc89d7b38a
458,The Hagop Kevorkian Fund Special Exhibitions Gallery,The Hagop Kevorkian Fund Special Exhibitions Gallery,2,Gallery 458,40.778094965,-73.96379353,False,080d768a221b46f3c47567fc89d7b38a
458,The Hagop Kevorkian Fund Special Exhibitions Gallery,The Hagop Kevorkian Fund Special Exhibitions Gallery,2,Gallery 458,40.778094965,-73.96379353,False,080d768a221b46f3c47567fc89d7b38a
458,The Hagop Kevorkian Fund Special Exhibitions Gallery,The Hagop Kevorkian Fund Special Exhibitions Gallery,2,Gallery 458,40.778094965,-73.96379353,False,080d768a221b46f3c47567fc89d7b38a
459,The Greater Ottoman world,Koç Family Galleries,2,Gallery 459,40.778052809,-73.963702558,False,30f434514a19a6f77366403f73e36011
459,The Greater Ottoman world,Koç Family Galleries,2,Gallery 459,40.778052809,-73.963702558,False,30f434514a19a6f77366403f73e36011
459,The Greater Ottoman world,Koç Family Galleries,2,Gallery 459,40.778052809,-73.963702558,False,30f434514a19a6f77366403f73e36011
459,The Greater Ottoman world,Koç Family Galleries,2,Gallery 459,40.778052809,-73.963702558,False,30f434514a19a6f77366403f73e36011
459,The Greater Ottoman world,Koç Family Galleries,2,Gallery 459,40.778052809,-73.963702558,False,30f434514a19a6f77366403f73e36011
459,The Greater Ottoman world,Koç Family Galleries,2,Gallery 459,40.778052809,-73.963702558,False,30f434514a19a6f77366403f73e36011
459,The Greater Ottoman world,Koç Family Galleries,2,Gallery 459,40.778052809,-73.963702558,False,30f434514a19a6f77366403f73e36011
460,The Ottoman world,Koç Family Galleries,2,Gallery 460,40.778004851,-73.96358874,False,c184bbfe6a64e22b9aea11e19c0b3719
460,The Ottoman world,Koç Family Galleries,2,Gallery 460,40.778004851,-73.96358874,False,c184bbfe6a64e22b9aea11e19c0b3719
460,The Ottoman world,Koç Family Galleries,2,Gallery 460,40.778004851,-73.96358874,False,c184bbfe6a64e22b9aea11e19c0b3719
460,The Ottoman world,Koç Family Galleries,2,Gallery 460,40.778004851,-73.96358874,False,c184bbfe6a64e22b9aea11e19c0b3719
460,The Ottoman world,Koç Family Galleries,2,Gallery 460,40.778004851,-73.96358874,False,c184bbfe6a64e22b9aea11e19c0b3719
460,The Ottoman world,Koç Family Galleries,2,Gallery 460,40.778004851,-73.96358874,False,c184bbfe6a64e22b9aea11e19c0b3719
460,The Ottoman world,Koç Family Galleries,2,Gallery 460,40.778004851,-73.96358874,False,c184bbfe6a64e22b9aea11e19c0b3719
461,The Damascus Room (18th century) ,,2,Gallery 461,40.77794765,-73.963479525,False,acf88213a5480fb42fad687548db4c0c
461,The Damascus Room (18th century) ,,2,Gallery 461,40.77794765,-73.963479525,False,acf88213a5480fb42fad687548db4c0c
461,The Damascus Room (18th century) ,,2,Gallery 461,40.77794765,-73.963479525,False,acf88213a5480fb42fad687548db4c0c
461,The Damascus Room (18th century) ,,2,Gallery 461,40.77794765,-73.963479525,False,acf88213a5480fb42fad687548db4c0c
461,The Damascus Room (18th century) ,,2,Gallery 461,40.77794765,-73.963479525,False,acf88213a5480fb42fad687548db4c0c
461,The Damascus Room (18th century) ,,2,Gallery 461,40.77794765,-73.963479525,False,acf88213a5480fb42fad687548db4c0c
461,The Damascus Room (18th century) ,,2,Gallery 461,40.77794765,-73.963479525,False,acf88213a5480fb42fad687548db4c0c
462,Safavid and Later Iran (16th–20th centuries),The Sharmin and Bijan Mossavar-Rahmani Gallery,2,Gallery 462,40.778067297,-73.963392286,False,29f94cd40d4461e9e49855a2d0303e1e
462,Safavid and Later Iran (16th–20th centuries),The Sharmin and Bijan Mossavar-Rahmani Gallery,2,Gallery 462,40.778067297,-73.963392286,False,29f94cd40d4461e9e49855a2d0303e1e
462,Safavid and Later Iran (16th–20th centuries),The Sharmin and Bijan Mossavar-Rahmani Gallery,2,Gallery 462,40.778067297,-73.963392286,False,29f94cd40d4461e9e49855a2d0303e1e
462,Safavid and Later Iran (16th–20th centuries),The Sharmin and Bijan Mossavar-Rahmani Gallery,2,Gallery 462,40.778067297,-73.963392286,False,29f94cd40d4461e9e49855a2d0303e1e
462,Safavid and Later Iran (16th–20th centuries),The Sharmin and Bijan Mossavar-Rahmani Gallery,2,Gallery 462,40.778067297,-73.963392286,False,29f94cd40d4461e9e49855a2d0303e1e
462,Safavid and Later Iran (16th–20th centuries),The Sharmin and Bijan Mossavar-Rahmani Gallery,2,Gallery 462,40.778067297,-73.963392286,False,29f94cd40d4461e9e49855a2d0303e1e
462,Safavid and Later Iran (16th–20th centuries),The Sharmin and Bijan Mossavar-Rahmani Gallery,2,Gallery 462,40.778067297,-73.963392286,False,29f94cd40d4461e9e49855a2d0303e1e
463,Mughal South Asia and Later South Asia,,2,Gallery 463,40.778230635,-73.963273183,False,e12cfe352012ef51cc1d8b11fbc7e764
463,Mughal South Asia and Later South Asia,,2,Gallery 463,40.778230635,-73.963273183,False,e12cfe352012ef51cc1d8b11fbc7e764
463,Mughal South Asia and Later South Asia,,2,Gallery 463,40.778230635,-73.963273183,False,e12cfe352012ef51cc1d8b11fbc7e764
463,Mughal South Asia and Later South Asia,,2,Gallery 463,40.778230635,-73.963273183,False,e12cfe352012ef51cc1d8b11fbc7e764
463,Mughal South Asia and Later South Asia,,2,Gallery 463,40.778230635,-73.963273183,False,e12cfe352012ef51cc1d8b11fbc7e764
463,Mughal South Asia and Later South Asia,,2,Gallery 463,40.778230635,-73.963273183,False,e12cfe352012ef51cc1d8b11fbc7e764
463,Mughal South Asia and Later South Asia,,2,Gallery 463,40.778230635,-73.963273183,False,e12cfe352012ef51cc1d8b11fbc7e764
464,Mughal South Asia and Later South Asia,,2,Gallery 464,40.778342527,-73.963163316,False,df6a5356badd97bf123b7905e77b3ca6
464,Mughal South Asia and Later South Asia,,2,Gallery 464,40.778342527,-73.963163316,False,df6a5356badd97bf123b7905e77b3ca6
464,Mughal South Asia and Later South Asia,,2,Gallery 464,40.778342527,-73.963163316,False,df6a5356badd97bf123b7905e77b3ca6
464,Mughal South Asia and Later South Asia,,2,Gallery 464,40.778342527,-73.963163316,False,df6a5356badd97bf123b7905e77b3ca6
464,Mughal South Asia and Later South Asia,,2,Gallery 464,40.778342527,-73.963163316,False,df6a5356badd97bf123b7905e77b3ca6
464,Mughal South Asia and Later South Asia,,2,Gallery 464,40.778342527,-73.963163316,False,df6a5356badd97bf123b7905e77b3ca6
464,Mughal South Asia and Later South Asia,,2,Gallery 464,40.778342527,-73.963163316,False,df6a5356badd97bf123b7905e77b3ca6
500,"Italian Sculpture and Decorative Arts, 1430–1500",,1,Gallery 500,40.779588494,-73.963331582,False,6136c7f250d8e518cbf41bd2918a7af5
500,"Italian Sculpture and Decorative Arts, 1430–1500",,1,Gallery 500,40.779588494,-73.963331582,False,6136c7f250d8e518cbf41bd2918a7af5
500,"Italian Sculpture and Decorative Arts, 1430–1500",,1,Gallery 500,40.779588494,-73.963331582,False,6136c7f250d8e518cbf41bd2918a7af5
500,"Italian Sculpture and Decorative Arts, 1430–1500",,1,Gallery 500,40.779588494,-73.963331582,False,6136c7f250d8e518cbf41bd2918a7af5
500,"Italian Sculpture and Decorative Arts, 1430–1500",,1,Gallery 500,40.779588494,-73.963331582,False,6136c7f250d8e518cbf41bd2918a7af5
500,"Italian Sculpture and Decorative Arts, 1430–1500",,1,Gallery 500,40.779588494,-73.963331582,False,6136c7f250d8e518cbf41bd2918a7af5
500,"Italian Sculpture and Decorative Arts, 1430–1500",,1,Gallery 500,40.779588494,-73.963331582,False,6136c7f250d8e518cbf41bd2918a7af5
501,"The Studiolo from the Ducal Palace at Gubbio, 1478–82",,1,Gallery 501,40.779566597,-73.963279614,False,85bd7c35edb81cb6e0ee244c4f3df5d8
501,"The Studiolo from the Ducal Palace at Gubbio, 1478–82",,1,Gallery 501,40.779566597,-73.963279614,False,85bd7c35edb81cb6e0ee244c4f3df5d8
501,"The Studiolo from the Ducal Palace at Gubbio, 1478–82",,1,Gallery 501,40.779566597,-73.963279614,False,85bd7c35edb81cb6e0ee244c4f3df5d8
501,"The Studiolo from the Ducal Palace at Gubbio, 1478–82",,1,Gallery 501,40.779566597,-73.963279614,False,85bd7c35edb81cb6e0ee244c4f3df5d8
501,"The Studiolo from the Ducal Palace at Gubbio, 1478–82",,1,Gallery 501,40.779566597,-73.963279614,False,85bd7c35edb81cb6e0ee244c4f3df5d8
501,"The Studiolo from the Ducal Palace at Gubbio, 1478–82",,1,Gallery 501,40.779566597,-73.963279614,False,85bd7c35edb81cb6e0ee244c4f3df5d8
501,"The Studiolo from the Ducal Palace at Gubbio, 1478–82",,1,Gallery 501,40.779566597,-73.963279614,False,85bd7c35edb81cb6e0ee244c4f3df5d8
502,"French Church Decoration, 1530–1550",,1,Gallery 502,40.779631225,-73.963253378,False,fb3f4a76151312ff71bbe02ef83919a1
502,"French Church Decoration, 1530–1550",,1,Gallery 502,40.779631225,-73.963253378,False,fb3f4a76151312ff71bbe02ef83919a1
502,"French Church Decoration, 1530–1550",,1,Gallery 502,40.779631225,-73.963253378,False,fb3f4a76151312ff71bbe02ef83919a1
502,"French Church Decoration, 1530–1550",,1,Gallery 502,40.779631225,-73.963253378,False,fb3f4a76151312ff71bbe02ef83919a1
502,"French Church Decoration, 1530–1550",,1,Gallery 502,40.779631225,-73.963253378,False,fb3f4a76151312ff71bbe02ef83919a1
502,"French Church Decoration, 1530–1550",,1,Gallery 502,40.779631225,-73.963253378,False,fb3f4a76151312ff71bbe02ef83919a1
502,"French Church Decoration, 1530–1550",,1,Gallery 502,40.779631225,-73.963253378,False,fb3f4a76151312ff71bbe02ef83919a1
503,Renaissance Masterpieces of Judaica: The Mishneh Torah and The Rothschild Mahzor,,1,Gallery 503,40.779828758,-73.963223162,False,456a9ed4a24095270d4e2c5713f6c282
503,Renaissance Masterpieces of Judaica: The Mishneh Torah and The Rothschild Mahzor,,1,Gallery 503,40.779828758,-73.963223162,False,456a9ed4a24095270d4e2c5713f6c282
503,Renaissance Masterpieces of Judaica: The Mishneh Torah and The Rothschild Mahzor,,1,Gallery 503,40.779828758,-73.963223162,False,456a9ed4a24095270d4e2c5713f6c282
503,Renaissance Masterpieces of Judaica: The Mishneh Torah and The Rothschild Mahzor,,1,Gallery 503,40.779828758,-73.963223162,False,456a9ed4a24095270d4e2c5713f6c282
503,Renaissance Masterpieces of Judaica: The Mishneh Torah and The Rothschild Mahzor,,1,Gallery 503,40.779828758,-73.963223162,False,456a9ed4a24095270d4e2c5713f6c282
503,Renaissance Masterpieces of Judaica: The Mishneh Torah and The Rothschild Mahzor,,1,Gallery 503,40.779828758,-73.963223162,False,456a9ed4a24095270d4e2c5713f6c282
503,Renaissance Masterpieces of Judaica: The Mishneh Torah and The Rothschild Mahzor,,1,Gallery 503,40.779828758,-73.963223162,False,456a9ed4a24095270d4e2c5713f6c282
504,Venetian Sculpture of the Renaissance,,1,Gallery 504,40.779711301,-73.963194986,False,74a8fb13a54b5a7d2b4ebcfec08a647c
504,Venetian Sculpture of the Renaissance,,1,Gallery 504,40.779711301,-73.963194986,False,74a8fb13a54b5a7d2b4ebcfec08a647c
504,Venetian Sculpture of the Renaissance,,1,Gallery 504,40.779711301,-73.963194986,False,74a8fb13a54b5a7d2b4ebcfec08a647c
504,Venetian Sculpture of the Renaissance,,1,Gallery 504,40.779711301,-73.963194986,False,74a8fb13a54b5a7d2b4ebcfec08a647c
504,Venetian Sculpture of the Renaissance,,1,Gallery 504,40.779711301,-73.963194986,False,74a8fb13a54b5a7d2b4ebcfec08a647c
504,Venetian Sculpture of the Renaissance,,1,Gallery 504,40.779711301,-73.963194986,False,74a8fb13a54b5a7d2b4ebcfec08a647c
504,Venetian Sculpture of the Renaissance,,1,Gallery 504,40.779711301,-73.963194986,False,74a8fb13a54b5a7d2b4ebcfec08a647c
505,The Swiss Room,,1,Gallery 505,40.779767167,-73.963170942,False,c93bc26175c17da608418e3d086f7050
505,The Swiss Room,,1,Gallery 505,40.779767167,-73.963170942,False,c93bc26175c17da608418e3d086f7050
505,The Swiss Room,,1,Gallery 505,40.779767167,-73.963170942,False,c93bc26175c17da608418e3d086f7050
505,The Swiss Room,,1,Gallery 505,40.779767167,-73.963170942,False,c93bc26175c17da608418e3d086f7050
505,The Swiss Room,,1,Gallery 505,40.779767167,-73.963170942,False,c93bc26175c17da608418e3d086f7050
505,The Swiss Room,,1,Gallery 505,40.779767167,-73.963170942,False,c93bc26175c17da608418e3d086f7050
505,The Swiss Room,,1,Gallery 505,40.779767167,-73.963170942,False,c93bc26175c17da608418e3d086f7050
506,"Bedroom from the Sagredo Palace in Venice, ca. 1718",,1,Gallery 506,40.779853008,-73.963280724,False,26509787832c190265724dd6feb88f28
506,"Bedroom from the Sagredo Palace in Venice, ca. 1718",,1,Gallery 506,40.779853008,-73.963280724,False,26509787832c190265724dd6feb88f28
506,"Bedroom from the Sagredo Palace in Venice, ca. 1718",,1,Gallery 506,40.779853008,-73.963280724,False,26509787832c190265724dd6feb88f28
506,"Bedroom from the Sagredo Palace in Venice, ca. 1718",,1,Gallery 506,40.779853008,-73.963280724,False,26509787832c190265724dd6feb88f28
506,"Bedroom from the Sagredo Palace in Venice, ca. 1718",,1,Gallery 506,40.779853008,-73.963280724,False,26509787832c190265724dd6feb88f28
506,"Bedroom from the Sagredo Palace in Venice, ca. 1718",,1,Gallery 506,40.779853008,-73.963280724,False,26509787832c190265724dd6feb88f28
506,"Bedroom from the Sagredo Palace in Venice, ca. 1718",,1,Gallery 506,40.779853008,-73.963280724,False,26509787832c190265724dd6feb88f28
507,"Bedroom from the Sagredo Palace in Venice, ca. 1718",,1,Gallery 507,40.779830129,-73.96334427,False,2939d448ea400ac5d1a269593b3527c7
507,"Bedroom from the Sagredo Palace in Venice, ca. 1718",,1,Gallery 507,40.779830129,-73.96334427,False,2939d448ea400ac5d1a269593b3527c7
507,"Bedroom from the Sagredo Palace in Venice, ca. 1718",,1,Gallery 507,40.779830129,-73.96334427,False,2939d448ea400ac5d1a269593b3527c7
507,"Bedroom from the Sagredo Palace in Venice, ca. 1718",,1,Gallery 507,40.779830129,-73.96334427,False,2939d448ea400ac5d1a269593b3527c7
507,"Bedroom from the Sagredo Palace in Venice, ca. 1718",,1,Gallery 507,40.779830129,-73.96334427,False,2939d448ea400ac5d1a269593b3527c7
507,"Bedroom from the Sagredo Palace in Venice, ca. 1718",,1,Gallery 507,40.779830129,-73.96334427,False,2939d448ea400ac5d1a269593b3527c7
507,"Bedroom from the Sagredo Palace in Venice, ca. 1718",,1,Gallery 507,40.779830129,-73.96334427,False,2939d448ea400ac5d1a269593b3527c7
508,Before Yesterday We Could Fly: An Afrofuturist Period Room,,1,Gallery 508,40.779868644,-73.963386617,False,3338298e09204ca21a08a69ede41003a
508,Before Yesterday We Could Fly: An Afrofuturist Period Room,,1,Gallery 508,40.779868644,-73.963386617,False,3338298e09204ca21a08a69ede41003a
508,Before Yesterday We Could Fly: An Afrofuturist Period Room,,1,Gallery 508,40.779868644,-73.963386617,False,3338298e09204ca21a08a69ede41003a
508,Before Yesterday We Could Fly: An Afrofuturist Period Room,,1,Gallery 508,40.779868644,-73.963386617,False,3338298e09204ca21a08a69ede41003a
508,Before Yesterday We Could Fly: An Afrofuturist Period Room,,1,Gallery 508,40.779868644,-73.963386617,False,3338298e09204ca21a08a69ede41003a
508,Before Yesterday We Could Fly: An Afrofuturist Period Room,,1,Gallery 508,40.779868644,-73.963386617,False,3338298e09204ca21a08a69ede41003a
508,Before Yesterday We Could Fly: An Afrofuturist Period Room,,1,Gallery 508,40.779868644,-73.963386617,False,3338298e09204ca21a08a69ede41003a
509,Gallery 509,Annie Laurie Aitken Galleries,1,Gallery 509,40.779832819,-73.963681144,True,262bc26b5f006d8975f62ca22828409c
509,Gallery 509,Annie Laurie Aitken Galleries,1,Gallery 509,40.779832819,-73.963681144,True,262bc26b5f006d8975f62ca22828409c
509,Gallery 509,Annie Laurie Aitken Galleries,1,Gallery 509,40.779832819,-73.963681144,True,262bc26b5f006d8975f62ca22828409c
509,Gallery 509,Annie Laurie Aitken Galleries,1,Gallery 509,40.779832819,-73.963681144,True,262bc26b5f006d8975f62ca22828409c
509,Gallery 509,Annie Laurie Aitken Galleries,1,Gallery 509,40.779832819,-73.963681144,True,262bc26b5f006d8975f62ca22828409c
509,Gallery 509,Annie Laurie Aitken Galleries,1,Gallery 509,40.779832819,-73.963681144,True,262bc26b5f006d8975f62ca22828409c
509,Gallery 509,Annie Laurie Aitken Galleries,1,Gallery 509,40.779832819,-73.963681144,True,262bc26b5f006d8975f62ca22828409c
510,"Tea, Trade and Empire",Annie Laurie Aitken Galleries,1,Gallery 510,40.779795302,-73.963823725,True,7e1883e435122a7466719825a48c31d2
510,"Tea, Trade and Empire",Annie Laurie Aitken Galleries,1,Gallery 510,40.779795302,-73.963823725,True,7e1883e435122a7466719825a48c31d2
510,"Tea, Trade and Empire",Annie Laurie Aitken Galleries,1,Gallery 510,40.779795302,-73.963823725,True,7e1883e435122a7466719825a48c31d2
510,"Tea, Trade and Empire",Annie Laurie Aitken Galleries,1,Gallery 510,40.779795302,-73.963823725,True,7e1883e435122a7466719825a48c31d2
510,"Tea, Trade and Empire",Annie Laurie Aitken Galleries,1,Gallery 510,40.779795302,-73.963823725,True,7e1883e435122a7466719825a48c31d2
510,"Tea, Trade and Empire",Annie Laurie Aitken Galleries,1,Gallery 510,40.779795302,-73.963823725,True,7e1883e435122a7466719825a48c31d2
510,"Tea, Trade and Empire",Annie Laurie Aitken Galleries,1,Gallery 510,40.779795302,-73.963823725,True,7e1883e435122a7466719825a48c31d2
511,The Kirtlington Park Dining Room,Annie Laurie Aitken Galleries,1,Gallery 511,40.779832293,-73.963919979,True,8c625ec4a7380e093d41d1d3c18a5d94
511,The Kirtlington Park Dining Room,Annie Laurie Aitken Galleries,1,Gallery 511,40.779832293,-73.963919979,True,8c625ec4a7380e093d41d1d3c18a5d94
511,The Kirtlington Park Dining Room,Annie Laurie Aitken Galleries,1,Gallery 511,40.779832293,-73.963919979,True,8c625ec4a7380e093d41d1d3c18a5d94
511,The Kirtlington Park Dining Room,Annie Laurie Aitken Galleries,1,Gallery 511,40.779832293,-73.963919979,True,8c625ec4a7380e093d41d1d3c18a5d94
511,The Kirtlington Park Dining Room,Annie Laurie Aitken Galleries,1,Gallery 511,40.779832293,-73.963919979,True,8c625ec4a7380e093d41d1d3c18a5d94
511,The Kirtlington Park Dining Room,Annie Laurie Aitken Galleries,1,Gallery 511,40.779832293,-73.963919979,True,8c625ec4a7380e093d41d1d3c18a5d94
511,The Kirtlington Park Dining Room,Annie Laurie Aitken Galleries,1,Gallery 511,40.779832293,-73.963919979,True,8c625ec4a7380e093d41d1d3c18a5d94
512,Gallery 512,Annie Laurie Aitken Galleries,1,Gallery 512,40.779936398,-73.963734483,True,39403d1ddda7b7373328f2f49bbed163
512,Gallery 512,Annie Laurie Aitken Galleries,1,Gallery 512,40.779936398,-73.963734483,True,39403d1ddda7b7373328f2f49bbed163
512,Gallery 512,Annie Laurie Aitken Galleries,1,Gallery 512,40.779936398,-73.963734483,True,39403d1ddda7b7373328f2f49bbed163
512,Gallery 512,Annie Laurie Aitken Galleries,1,Gallery 512,40.779936398,-73.963734483,True,39403d1ddda7b7373328f2f49bbed163
512,Gallery 512,Annie Laurie Aitken Galleries,1,Gallery 512,40.779936398,-73.963734483,True,39403d1ddda7b7373328f2f49bbed163
512,Gallery 512,Annie Laurie Aitken Galleries,1,Gallery 512,40.779936398,-73.963734483,True,39403d1ddda7b7373328f2f49bbed163
512,Gallery 512,Annie Laurie Aitken Galleries,1,Gallery 512,40.779936398,-73.963734483,True,39403d1ddda7b7373328f2f49bbed163
513,British Textiles ,Annie Laurie Aitken Galleries,1,Gallery 513,40.779882991,-73.963882973,True,e16b8e36aefe6b5039e4bf7ccba80e72
513,British Textiles ,Annie Laurie Aitken Galleries,1,Gallery 513,40.779882991,-73.963882973,True,e16b8e36aefe6b5039e4bf7ccba80e72
513,British Textiles ,Annie Laurie Aitken Galleries,1,Gallery 513,40.779882991,-73.963882973,True,e16b8e36aefe6b5039e4bf7ccba80e72
513,British Textiles ,Annie Laurie Aitken Galleries,1,Gallery 513,40.779882991,-73.963882973,True,e16b8e36aefe6b5039e4bf7ccba80e72
513,British Textiles ,Annie Laurie Aitken Galleries,1,Gallery 513,40.779882991,-73.963882973,True,e16b8e36aefe6b5039e4bf7ccba80e72
513,British Textiles ,Annie Laurie Aitken Galleries,1,Gallery 513,40.779882991,-73.963882973,True,e16b8e36aefe6b5039e4bf7ccba80e72
513,British Textiles ,Annie Laurie Aitken Galleries,1,Gallery 513,40.779882991,-73.963882973,True,e16b8e36aefe6b5039e4bf7ccba80e72
514,The Croome Court Tapestry Room ,Annie Laurie Aitken Galleries,1,Gallery 514,40.779925453,-73.963852927,True,bbdd12b08aedce540ccf8adb79d085e7
514,The Croome Court Tapestry Room ,Annie Laurie Aitken Galleries,1,Gallery 514,40.779925453,-73.963852927,True,bbdd12b08aedce540ccf8adb79d085e7
514,The Croome Court Tapestry Room ,Annie Laurie Aitken Galleries,1,Gallery 514,40.779925453,-73.963852927,True,bbdd12b08aedce540ccf8adb79d085e7
514,The Croome Court Tapestry Room ,Annie Laurie Aitken Galleries,1,Gallery 514,40.779925453,-73.963852927,True,bbdd12b08aedce540ccf8adb79d085e7
514,The Croome Court Tapestry Room ,Annie Laurie Aitken Galleries,1,Gallery 514,40.779925453,-73.963852927,True,bbdd12b08aedce540ccf8adb79d085e7
514,The Croome Court Tapestry Room ,Annie Laurie Aitken Galleries,1,Gallery 514,40.779925453,-73.963852927,True,bbdd12b08aedce540ccf8adb79d085e7
514,The Croome Court Tapestry Room ,Annie Laurie Aitken Galleries,1,Gallery 514,40.779925453,-73.963852927,True,bbdd12b08aedce540ccf8adb79d085e7
515,The Lansdowne Dining Room,Annie Laurie Aitken Galleries,1,Gallery 515,40.780032798,-73.963776209,True,3113eb45eb9028792a4fec7f83ef728e
515,The Lansdowne Dining Room,Annie Laurie Aitken Galleries,1,Gallery 515,40.780032798,-73.963776209,True,3113eb45eb9028792a4fec7f83ef728e
515,The Lansdowne Dining Room,Annie Laurie Aitken Galleries,1,Gallery 515,40.780032798,-73.963776209,True,3113eb45eb9028792a4fec7f83ef728e
515,The Lansdowne Dining Room,Annie Laurie Aitken Galleries,1,Gallery 515,40.780032798,-73.963776209,True,3113eb45eb9028792a4fec7f83ef728e
515,The Lansdowne Dining Room,Annie Laurie Aitken Galleries,1,Gallery 515,40.780032798,-73.963776209,True,3113eb45eb9028792a4fec7f83ef728e
515,The Lansdowne Dining Room,Annie Laurie Aitken Galleries,1,Gallery 515,40.780032798,-73.963776209,True,3113eb45eb9028792a4fec7f83ef728e
515,The Lansdowne Dining Room,Annie Laurie Aitken Galleries,1,Gallery 515,40.780032798,-73.963776209,True,3113eb45eb9028792a4fec7f83ef728e
516,Josephine Mercy Heathcote Gallery for 19th-Century British Art,Josephine Mercy Heathcote Gallery,1,Gallery 516,40.779951149,-73.963581497,True,06e4d386b89b5523bc7a625c6578e38c
516,Josephine Mercy Heathcote Gallery for 19th-Century British Art,Josephine Mercy Heathcote Gallery,1,Gallery 516,40.779951149,-73.963581497,True,06e4d386b89b5523bc7a625c6578e38c
516,Josephine Mercy Heathcote Gallery for 19th-Century British Art,Josephine Mercy Heathcote Gallery,1,Gallery 516,40.779951149,-73.963581497,True,06e4d386b89b5523bc7a625c6578e38c
516,Josephine Mercy Heathcote Gallery for 19th-Century British Art,Josephine Mercy Heathcote Gallery,1,Gallery 516,40.779951149,-73.963581497,True,06e4d386b89b5523bc7a625c6578e38c
516,Josephine Mercy Heathcote Gallery for 19th-Century British Art,Josephine Mercy Heathcote Gallery,1,Gallery 516,40.779951149,-73.963581497,True,06e4d386b89b5523bc7a625c6578e38c
516,Josephine Mercy Heathcote Gallery for 19th-Century British Art,Josephine Mercy Heathcote Gallery,1,Gallery 516,40.779951149,-73.963581497,True,06e4d386b89b5523bc7a625c6578e38c
516,Josephine Mercy Heathcote Gallery for 19th-Century British Art,Josephine Mercy Heathcote Gallery,1,Gallery 516,40.779951149,-73.963581497,True,06e4d386b89b5523bc7a625c6578e38c
520,Layered Narratives: The Northern Renaissance Gallery,,1,Gallery 520,40.779566754,-73.964029377,False,1eb9dbdce4806e306bf5438b7ef25aa8
520,Layered Narratives: The Northern Renaissance Gallery,,1,Gallery 520,40.779566754,-73.964029377,False,1eb9dbdce4806e306bf5438b7ef25aa8
520,Layered Narratives: The Northern Renaissance Gallery,,1,Gallery 520,40.779566754,-73.964029377,False,1eb9dbdce4806e306bf5438b7ef25aa8
520,Layered Narratives: The Northern Renaissance Gallery,,1,Gallery 520,40.779566754,-73.964029377,False,1eb9dbdce4806e306bf5438b7ef25aa8
520,Layered Narratives: The Northern Renaissance Gallery,,1,Gallery 520,40.779566754,-73.964029377,False,1eb9dbdce4806e306bf5438b7ef25aa8
520,Layered Narratives: The Northern Renaissance Gallery,,1,Gallery 520,40.779566754,-73.964029377,False,1eb9dbdce4806e306bf5438b7ef25aa8
520,Layered Narratives: The Northern Renaissance Gallery,,1,Gallery 520,40.779566754,-73.964029377,False,1eb9dbdce4806e306bf5438b7ef25aa8
521,Making It Modern: European Ceramics from the Martin Eidelberg Collection,,1,Gallery 521,40.779682574,-73.964031422,False,3675244cb958217e87b1d01010d02e3b
521,Making It Modern: European Ceramics from the Martin Eidelberg Collection,,1,Gallery 521,40.779682574,-73.964031422,False,3675244cb958217e87b1d01010d02e3b
521,Making It Modern: European Ceramics from the Martin Eidelberg Collection,,1,Gallery 521,40.779682574,-73.964031422,False,3675244cb958217e87b1d01010d02e3b
521,Making It Modern: European Ceramics from the Martin Eidelberg Collection,,1,Gallery 521,40.779682574,-73.964031422,False,3675244cb958217e87b1d01010d02e3b
521,Making It Modern: European Ceramics from the Martin Eidelberg Collection,,1,Gallery 521,40.779682574,-73.964031422,False,3675244cb958217e87b1d01010d02e3b
521,Making It Modern: European Ceramics from the Martin Eidelberg Collection,,1,Gallery 521,40.779682574,-73.964031422,False,3675244cb958217e87b1d01010d02e3b
521,Making It Modern: European Ceramics from the Martin Eidelberg Collection,,1,Gallery 521,40.779682574,-73.964031422,False,3675244cb958217e87b1d01010d02e3b
522,"French Decorative Arts: Louis XV Room, ""The Morgan Alcove""",The Wrightsman Galleries,1,Gallery 522,40.779495592,-73.96405709,False,4551f93641fc316d2e20ea7bf176b661
522,"French Decorative Arts: Louis XV Room, ""The Morgan Alcove""",The Wrightsman Galleries,1,Gallery 522,40.779495592,-73.96405709,False,4551f93641fc316d2e20ea7bf176b661
522,"French Decorative Arts: Louis XV Room, ""The Morgan Alcove""",The Wrightsman Galleries,1,Gallery 522,40.779495592,-73.96405709,False,4551f93641fc316d2e20ea7bf176b661
522,"French Decorative Arts: Louis XV Room, ""The Morgan Alcove""",The Wrightsman Galleries,1,Gallery 522,40.779495592,-73.96405709,False,4551f93641fc316d2e20ea7bf176b661
522,"French Decorative Arts: Louis XV Room, ""The Morgan Alcove""",The Wrightsman Galleries,1,Gallery 522,40.779495592,-73.96405709,False,4551f93641fc316d2e20ea7bf176b661
522,"French Decorative Arts: Louis XV Room, ""The Morgan Alcove""",The Wrightsman Galleries,1,Gallery 522,40.779495592,-73.96405709,False,4551f93641fc316d2e20ea7bf176b661
522,"French Decorative Arts: Louis XV Room, ""The Morgan Alcove""",The Wrightsman Galleries,1,Gallery 522,40.779495592,-73.96405709,False,4551f93641fc316d2e20ea7bf176b661
523,Eighteenth-Century French Decorative Arts: The Lauzun Room,The Wrightsman Galleries,1,Gallery 523,40.77953132,-73.964141882,False,a83cf50cdecb546ca60b99ddb721a75e
523,Eighteenth-Century French Decorative Arts: The Lauzun Room,The Wrightsman Galleries,1,Gallery 523,40.77953132,-73.964141882,False,a83cf50cdecb546ca60b99ddb721a75e
523,Eighteenth-Century French Decorative Arts: The Lauzun Room,The Wrightsman Galleries,1,Gallery 523,40.77953132,-73.964141882,False,a83cf50cdecb546ca60b99ddb721a75e
523,Eighteenth-Century French Decorative Arts: The Lauzun Room,The Wrightsman Galleries,1,Gallery 523,40.77953132,-73.964141882,False,a83cf50cdecb546ca60b99ddb721a75e
523,Eighteenth-Century French Decorative Arts: The Lauzun Room,The Wrightsman Galleries,1,Gallery 523,40.77953132,-73.964141882,False,a83cf50cdecb546ca60b99ddb721a75e
523,Eighteenth-Century French Decorative Arts: The Lauzun Room,The Wrightsman Galleries,1,Gallery 523,40.77953132,-73.964141882,False,a83cf50cdecb546ca60b99ddb721a75e
523,Eighteenth-Century French Decorative Arts: The Lauzun Room,The Wrightsman Galleries,1,Gallery 523,40.77953132,-73.964141882,False,a83cf50cdecb546ca60b99ddb721a75e
524,"French Decorative Arts, 1715–89",The Wrightsman Galleries,1,Gallery 524,40.779392035,-73.964132603,False,7fefd4835f245f8f64931e555f4d0a50
524,"French Decorative Arts, 1715–89",The Wrightsman Galleries,1,Gallery 524,40.779392035,-73.964132603,False,7fefd4835f245f8f64931e555f4d0a50
524,"French Decorative Arts, 1715–89",The Wrightsman Galleries,1,Gallery 524,40.779392035,-73.964132603,False,7fefd4835f245f8f64931e555f4d0a50
524,"French Decorative Arts, 1715–89",The Wrightsman Galleries,1,Gallery 524,40.779392035,-73.964132603,False,7fefd4835f245f8f64931e555f4d0a50
524,"French Decorative Arts, 1715–89",The Wrightsman Galleries,1,Gallery 524,40.779392035,-73.964132603,False,7fefd4835f245f8f64931e555f4d0a50
524,"French Decorative Arts, 1715–89",The Wrightsman Galleries,1,Gallery 524,40.779392035,-73.964132603,False,7fefd4835f245f8f64931e555f4d0a50
524,"French Decorative Arts, 1715–89",The Wrightsman Galleries,1,Gallery 524,40.779392035,-73.964132603,False,7fefd4835f245f8f64931e555f4d0a50
525,French Decorative Arts: Varengeville Room,The Wrightsman Galleries,1,Gallery 525,40.779445472,-73.964204481,False,816936b7d02b3092424a8f1a1ce2f480
525,French Decorative Arts: Varengeville Room,The Wrightsman Galleries,1,Gallery 525,40.779445472,-73.964204481,False,816936b7d02b3092424a8f1a1ce2f480
525,French Decorative Arts: Varengeville Room,The Wrightsman Galleries,1,Gallery 525,40.779445472,-73.964204481,False,816936b7d02b3092424a8f1a1ce2f480
525,French Decorative Arts: Varengeville Room,The Wrightsman Galleries,1,Gallery 525,40.779445472,-73.964204481,False,816936b7d02b3092424a8f1a1ce2f480
525,French Decorative Arts: Varengeville Room,The Wrightsman Galleries,1,Gallery 525,40.779445472,-73.964204481,False,816936b7d02b3092424a8f1a1ce2f480
525,French Decorative Arts: Varengeville Room,The Wrightsman Galleries,1,Gallery 525,40.779445472,-73.964204481,False,816936b7d02b3092424a8f1a1ce2f480
525,French Decorative Arts: Varengeville Room,The Wrightsman Galleries,1,Gallery 525,40.779445472,-73.964204481,False,816936b7d02b3092424a8f1a1ce2f480
526,French Decorative Arts: Paar Room,The Wrightsman Galleries,1,Gallery 526,40.779336717,-73.964283782,False,e34c93b762b8455bd0863440354e0873
526,French Decorative Arts: Paar Room,The Wrightsman Galleries,1,Gallery 526,40.779336717,-73.964283782,False,e34c93b762b8455bd0863440354e0873
526,French Decorative Arts: Paar Room,The Wrightsman Galleries,1,Gallery 526,40.779336717,-73.964283782,False,e34c93b762b8455bd0863440354e0873
526,French Decorative Arts: Paar Room,The Wrightsman Galleries,1,Gallery 526,40.779336717,-73.964283782,False,e34c93b762b8455bd0863440354e0873
526,French Decorative Arts: Paar Room,The Wrightsman Galleries,1,Gallery 526,40.779336717,-73.964283782,False,e34c93b762b8455bd0863440354e0873
526,French Decorative Arts: Paar Room,The Wrightsman Galleries,1,Gallery 526,40.779336717,-73.964283782,False,e34c93b762b8455bd0863440354e0873
526,French Decorative Arts: Paar Room,The Wrightsman Galleries,1,Gallery 526,40.779336717,-73.964283782,False,e34c93b762b8455bd0863440354e0873
527,French Decorative Arts: Cabris Room,The Wrightsman Galleries,1,Gallery 527,40.779283283,-73.964211901,False,299a51979d64a8046ae32644d460ad16
527,French Decorative Arts: Cabris Room,The Wrightsman Galleries,1,Gallery 527,40.779283283,-73.964211901,False,299a51979d64a8046ae32644d460ad16
527,French Decorative Arts: Cabris Room,The Wrightsman Galleries,1,Gallery 527,40.779283283,-73.964211901,False,299a51979d64a8046ae32644d460ad16
527,French Decorative Arts: Cabris Room,The Wrightsman Galleries,1,Gallery 527,40.779283283,-73.964211901,False,299a51979d64a8046ae32644d460ad16
527,French Decorative Arts: Cabris Room,The Wrightsman Galleries,1,Gallery 527,40.779283283,-73.964211901,False,299a51979d64a8046ae32644d460ad16
527,French Decorative Arts: Cabris Room,The Wrightsman Galleries,1,Gallery 527,40.779283283,-73.964211901,False,299a51979d64a8046ae32644d460ad16
527,French Decorative Arts: Cabris Room,The Wrightsman Galleries,1,Gallery 527,40.779283283,-73.964211901,False,299a51979d64a8046ae32644d460ad16
528,French Decorative Arts: Tessé Room,The Wrightsman Galleries,1,Gallery 528,40.779252245,-73.964083305,False,f84bb70afed92d49bdcf4494d80166dd
528,French Decorative Arts: Tessé Room,The Wrightsman Galleries,1,Gallery 528,40.779252245,-73.964083305,False,f84bb70afed92d49bdcf4494d80166dd
528,French Decorative Arts: Tessé Room,The Wrightsman Galleries,1,Gallery 528,40.779252245,-73.964083305,False,f84bb70afed92d49bdcf4494d80166dd
528,French Decorative Arts: Tessé Room,The Wrightsman Galleries,1,Gallery 528,40.779252245,-73.964083305,False,f84bb70afed92d49bdcf4494d80166dd
528,French Decorative Arts: Tessé Room,The Wrightsman Galleries,1,Gallery 528,40.779252245,-73.964083305,False,f84bb70afed92d49bdcf4494d80166dd
528,French Decorative Arts: Tessé Room,The Wrightsman Galleries,1,Gallery 528,40.779252245,-73.964083305,False,f84bb70afed92d49bdcf4494d80166dd
528,French Decorative Arts: Tessé Room,The Wrightsman Galleries,1,Gallery 528,40.779252245,-73.964083305,False,f84bb70afed92d49bdcf4494d80166dd
529,Gallery 529,The Wrightsman Galleries,1,Gallery 529,40.779195729,-73.963949175,False,88d216cbb2185eec6741f1661f0a7525
529,Gallery 529,The Wrightsman Galleries,1,Gallery 529,40.779195729,-73.963949175,False,88d216cbb2185eec6741f1661f0a7525
529,Gallery 529,The Wrightsman Galleries,1,Gallery 529,40.779195729,-73.963949175,False,88d216cbb2185eec6741f1661f0a7525
529,Gallery 529,The Wrightsman Galleries,1,Gallery 529,40.779195729,-73.963949175,False,88d216cbb2185eec6741f1661f0a7525
529,Gallery 529,The Wrightsman Galleries,1,Gallery 529,40.779195729,-73.963949175,False,88d216cbb2185eec6741f1661f0a7525
529,Gallery 529,The Wrightsman Galleries,1,Gallery 529,40.779195729,-73.963949175,False,88d216cbb2185eec6741f1661f0a7525
529,Gallery 529,The Wrightsman Galleries,1,Gallery 529,40.779195729,-73.963949175,False,88d216cbb2185eec6741f1661f0a7525
530,French Faience,,1,Gallery 530,40.779270365,-73.963894754,False,20981dbcc8b39e9458882d2a82c0b455
530,French Faience,,1,Gallery 530,40.779270365,-73.963894754,False,20981dbcc8b39e9458882d2a82c0b455
530,French Faience,,1,Gallery 530,40.779270365,-73.963894754,False,20981dbcc8b39e9458882d2a82c0b455
530,French Faience,,1,Gallery 530,40.779270365,-73.963894754,False,20981dbcc8b39e9458882d2a82c0b455
530,French Faience,,1,Gallery 530,40.779270365,-73.963894754,False,20981dbcc8b39e9458882d2a82c0b455
530,French Faience,,1,Gallery 530,40.779270365,-73.963894754,False,20981dbcc8b39e9458882d2a82c0b455
530,French Faience,,1,Gallery 530,40.779270365,-73.963894754,False,20981dbcc8b39e9458882d2a82c0b455
531,Decorative Arts Under Louis XIV,The Wrightsman Galleries,1,Gallery 531,40.779174497,-73.963898778,False,0e51ceb0cb4d0d17bc3c50ee26d8a0ee
531,Decorative Arts Under Louis XIV,The Wrightsman Galleries,1,Gallery 531,40.779174497,-73.963898778,False,0e51ceb0cb4d0d17bc3c50ee26d8a0ee
531,Decorative Arts Under Louis XIV,The Wrightsman Galleries,1,Gallery 531,40.779174497,-73.963898778,False,0e51ceb0cb4d0d17bc3c50ee26d8a0ee
531,Decorative Arts Under Louis XIV,The Wrightsman Galleries,1,Gallery 531,40.779174497,-73.963898778,False,0e51ceb0cb4d0d17bc3c50ee26d8a0ee
531,Decorative Arts Under Louis XIV,The Wrightsman Galleries,1,Gallery 531,40.779174497,-73.963898778,False,0e51ceb0cb4d0d17bc3c50ee26d8a0ee
531,Decorative Arts Under Louis XIV,The Wrightsman Galleries,1,Gallery 531,40.779174497,-73.963898778,False,0e51ceb0cb4d0d17bc3c50ee26d8a0ee
531,Decorative Arts Under Louis XIV,The Wrightsman Galleries,1,Gallery 531,40.779174497,-73.963898778,False,0e51ceb0cb4d0d17bc3c50ee26d8a0ee
532,"French Medals and Sculpture, 1600–1700",The Wrightsman Galleries,1,Gallery 532,40.779144169,-73.963826801,False,c18a828d27001c1176cdcfd51f9f6bc2
532,"French Medals and Sculpture, 1600–1700",The Wrightsman Galleries,1,Gallery 532,40.779144169,-73.963826801,False,c18a828d27001c1176cdcfd51f9f6bc2
532,"French Medals and Sculpture, 1600–1700",The Wrightsman Galleries,1,Gallery 532,40.779144169,-73.963826801,False,c18a828d27001c1176cdcfd51f9f6bc2
532,"French Medals and Sculpture, 1600–1700",The Wrightsman Galleries,1,Gallery 532,40.779144169,-73.963826801,False,c18a828d27001c1176cdcfd51f9f6bc2
532,"French Medals and Sculpture, 1600–1700",The Wrightsman Galleries,1,Gallery 532,40.779144169,-73.963826801,False,c18a828d27001c1176cdcfd51f9f6bc2
532,"French Medals and Sculpture, 1600–1700",The Wrightsman Galleries,1,Gallery 532,40.779144169,-73.963826801,False,c18a828d27001c1176cdcfd51f9f6bc2
532,"French Medals and Sculpture, 1600–1700",The Wrightsman Galleries,1,Gallery 532,40.779144169,-73.963826801,False,c18a828d27001c1176cdcfd51f9f6bc2
533,"Sculpture and Decorative Arts in Central Europe, 1700–1800",The Lesley and Emma Sheafer Collection in The Wrightsman Galleries,1,Gallery 533,40.779124803,-73.96367938,False,aa136775c6f0af16c55b3d908d44043f
533,"Sculpture and Decorative Arts in Central Europe, 1700–1800",The Lesley and Emma Sheafer Collection in The Wrightsman Galleries,1,Gallery 533,40.779124803,-73.96367938,False,aa136775c6f0af16c55b3d908d44043f
533,"Sculpture and Decorative Arts in Central Europe, 1700–1800",The Lesley and Emma Sheafer Collection in The Wrightsman Galleries,1,Gallery 533,40.779124803,-73.96367938,False,aa136775c6f0af16c55b3d908d44043f
533,"Sculpture and Decorative Arts in Central Europe, 1700–1800",The Lesley and Emma Sheafer Collection in The Wrightsman Galleries,1,Gallery 533,40.779124803,-73.96367938,False,aa136775c6f0af16c55b3d908d44043f
533,"Sculpture and Decorative Arts in Central Europe, 1700–1800",The Lesley and Emma Sheafer Collection in The Wrightsman Galleries,1,Gallery 533,40.779124803,-73.96367938,False,aa136775c6f0af16c55b3d908d44043f
533,"Sculpture and Decorative Arts in Central Europe, 1700–1800",The Lesley and Emma Sheafer Collection in The Wrightsman Galleries,1,Gallery 533,40.779124803,-73.96367938,False,aa136775c6f0af16c55b3d908d44043f
533,"Sculpture and Decorative Arts in Central Europe, 1700–1800",The Lesley and Emma Sheafer Collection in The Wrightsman Galleries,1,Gallery 533,40.779124803,-73.96367938,False,aa136775c6f0af16c55b3d908d44043f
534,"Patio from the Castle of Vélez Blanco, 1506–15",Vélez Blanco Patio,1,Gallery 534,40.779188845,-73.96326118,False,695e6e53c12d1c0d3b1c5e0348a86336
534,"Patio from the Castle of Vélez Blanco, 1506–15",Vélez Blanco Patio,1,Gallery 534,40.779188845,-73.96326118,False,695e6e53c12d1c0d3b1c5e0348a86336
534,"Patio from the Castle of Vélez Blanco, 1506–15",Vélez Blanco Patio,1,Gallery 534,40.779188845,-73.96326118,False,695e6e53c12d1c0d3b1c5e0348a86336
534,"Patio from the Castle of Vélez Blanco, 1506–15",Vélez Blanco Patio,1,Gallery 534,40.779188845,-73.96326118,False,695e6e53c12d1c0d3b1c5e0348a86336
534,"Patio from the Castle of Vélez Blanco, 1506–15",Vélez Blanco Patio,1,Gallery 534,40.779188845,-73.96326118,False,695e6e53c12d1c0d3b1c5e0348a86336
534,"Patio from the Castle of Vélez Blanco, 1506–15",Vélez Blanco Patio,1,Gallery 534,40.779188845,-73.96326118,False,695e6e53c12d1c0d3b1c5e0348a86336
534,"Patio from the Castle of Vélez Blanco, 1506–15",Vélez Blanco Patio,1,Gallery 534,40.779188845,-73.96326118,False,695e6e53c12d1c0d3b1c5e0348a86336
535,"The Vélez Blanco Patio: Spanish Decorative Arts, 1450-1700",,2,Gallery 535,40.779146004,-73.963181231,False,a9f2e18ad54c14e2b5dd37917c60ba74
535,"The Vélez Blanco Patio: Spanish Decorative Arts, 1450-1700",,2,Gallery 535,40.779146004,-73.963181231,False,a9f2e18ad54c14e2b5dd37917c60ba74
535,"The Vélez Blanco Patio: Spanish Decorative Arts, 1450-1700",,2,Gallery 535,40.779146004,-73.963181231,False,a9f2e18ad54c14e2b5dd37917c60ba74
535,"The Vélez Blanco Patio: Spanish Decorative Arts, 1450-1700",,2,Gallery 535,40.779146004,-73.963181231,False,a9f2e18ad54c14e2b5dd37917c60ba74
535,"The Vélez Blanco Patio: Spanish Decorative Arts, 1450-1700",,2,Gallery 535,40.779146004,-73.963181231,False,a9f2e18ad54c14e2b5dd37917c60ba74
535,"The Vélez Blanco Patio: Spanish Decorative Arts, 1450-1700",,2,Gallery 535,40.779146004,-73.963181231,False,a9f2e18ad54c14e2b5dd37917c60ba74
535,"The Vélez Blanco Patio: Spanish Decorative Arts, 1450-1700",,2,Gallery 535,40.779146004,-73.963181231,False,a9f2e18ad54c14e2b5dd37917c60ba74
536,"Italian Renaissance Bronze Sculpture, 1450–1600",,1,Gallery 536,40.779249757,-73.963405741,False,fe7b3ae09d301101b672e6eb5a0e1c61
536,"Italian Renaissance Bronze Sculpture, 1450–1600",,1,Gallery 536,40.779249757,-73.963405741,False,fe7b3ae09d301101b672e6eb5a0e1c61
536,"Italian Renaissance Bronze Sculpture, 1450–1600",,1,Gallery 536,40.779249757,-73.963405741,False,fe7b3ae09d301101b672e6eb5a0e1c61
536,"Italian Renaissance Bronze Sculpture, 1450–1600",,1,Gallery 536,40.779249757,-73.963405741,False,fe7b3ae09d301101b672e6eb5a0e1c61
536,"Italian Renaissance Bronze Sculpture, 1450–1600",,1,Gallery 536,40.779249757,-73.963405741,False,fe7b3ae09d301101b672e6eb5a0e1c61
536,"Italian Renaissance Bronze Sculpture, 1450–1600",,1,Gallery 536,40.779249757,-73.963405741,False,fe7b3ae09d301101b672e6eb5a0e1c61
536,"Italian Renaissance Bronze Sculpture, 1450–1600",,1,Gallery 536,40.779249757,-73.963405741,False,fe7b3ae09d301101b672e6eb5a0e1c61
537,The Jack and Belle Linsky Collection,Jack and Belle Linsky Galleries,1,Gallery 537,40.779268312,-73.963517675,True,6c46d688c26d7bddca94443646c42943
537,The Jack and Belle Linsky Collection,Jack and Belle Linsky Galleries,1,Gallery 537,40.779268312,-73.963517675,True,6c46d688c26d7bddca94443646c42943
537,The Jack and Belle Linsky Collection,Jack and Belle Linsky Galleries,1,Gallery 537,40.779268312,-73.963517675,True,6c46d688c26d7bddca94443646c42943
537,The Jack and Belle Linsky Collection,Jack and Belle Linsky Galleries,1,Gallery 537,40.779268312,-73.963517675,True,6c46d688c26d7bddca94443646c42943
537,The Jack and Belle Linsky Collection,Jack and Belle Linsky Galleries,1,Gallery 537,40.779268312,-73.963517675,True,6c46d688c26d7bddca94443646c42943
537,The Jack and Belle Linsky Collection,Jack and Belle Linsky Galleries,1,Gallery 537,40.779268312,-73.963517675,True,6c46d688c26d7bddca94443646c42943
537,The Jack and Belle Linsky Collection,Jack and Belle Linsky Galleries,1,Gallery 537,40.779268312,-73.963517675,True,6c46d688c26d7bddca94443646c42943
538,The Jack and Belle Linsky Collection,Jack and Belle Linsky Galleries,1,Gallery 538,40.779199651,-73.963567739,True,44aa86ac70085f2881177f239a05cf28
538,The Jack and Belle Linsky Collection,Jack and Belle Linsky Galleries,1,Gallery 538,40.779199651,-73.963567739,True,44aa86ac70085f2881177f239a05cf28
538,The Jack and Belle Linsky Collection,Jack and Belle Linsky Galleries,1,Gallery 538,40.779199651,-73.963567739,True,44aa86ac70085f2881177f239a05cf28
538,The Jack and Belle Linsky Collection,Jack and Belle Linsky Galleries,1,Gallery 538,40.779199651,-73.963567739,True,44aa86ac70085f2881177f239a05cf28
538,The Jack and Belle Linsky Collection,Jack and Belle Linsky Galleries,1,Gallery 538,40.779199651,-73.963567739,True,44aa86ac70085f2881177f239a05cf28
538,The Jack and Belle Linsky Collection,Jack and Belle Linsky Galleries,1,Gallery 538,40.779199651,-73.963567739,True,44aa86ac70085f2881177f239a05cf28
538,The Jack and Belle Linsky Collection,Jack and Belle Linsky Galleries,1,Gallery 538,40.779199651,-73.963567739,True,44aa86ac70085f2881177f239a05cf28
539,The Jack and Belle Linsky Collection,Jack and Belle Linsky Galleries,1,Gallery 539,40.779235768,-73.963653455,True,328854e46b3f1c564dd540fd1b886c8e
539,The Jack and Belle Linsky Collection,Jack and Belle Linsky Galleries,1,Gallery 539,40.779235768,-73.963653455,True,328854e46b3f1c564dd540fd1b886c8e
539,The Jack and Belle Linsky Collection,Jack and Belle Linsky Galleries,1,Gallery 539,40.779235768,-73.963653455,True,328854e46b3f1c564dd540fd1b886c8e
539,The Jack and Belle Linsky Collection,Jack and Belle Linsky Galleries,1,Gallery 539,40.779235768,-73.963653455,True,328854e46b3f1c564dd540fd1b886c8e
539,The Jack and Belle Linsky Collection,Jack and Belle Linsky Galleries,1,Gallery 539,40.779235768,-73.963653455,True,328854e46b3f1c564dd540fd1b886c8e
539,The Jack and Belle Linsky Collection,Jack and Belle Linsky Galleries,1,Gallery 539,40.779235768,-73.963653455,True,328854e46b3f1c564dd540fd1b886c8e
539,The Jack and Belle Linsky Collection,Jack and Belle Linsky Galleries,1,Gallery 539,40.779235768,-73.963653455,True,328854e46b3f1c564dd540fd1b886c8e
540,The Jack and Belle Linsky Collection,Jack and Belle Linsky Galleries,1,Gallery 540,40.77930812,-73.963635553,True,10b477b5a3d09260364e1c760bc5e8fd
540,The Jack and Belle Linsky Collection,Jack and Belle Linsky Galleries,1,Gallery 540,40.77930812,-73.963635553,True,10b477b5a3d09260364e1c760bc5e8fd
540,The Jack and Belle Linsky Collection,Jack and Belle Linsky Galleries,1,Gallery 540,40.77930812,-73.963635553,True,10b477b5a3d09260364e1c760bc5e8fd
540,The Jack and Belle Linsky Collection,Jack and Belle Linsky Galleries,1,Gallery 540,40.77930812,-73.963635553,True,10b477b5a3d09260364e1c760bc5e8fd
540,The Jack and Belle Linsky Collection,Jack and Belle Linsky Galleries,1,Gallery 540,40.77930812,-73.963635553,True,10b477b5a3d09260364e1c760bc5e8fd
540,The Jack and Belle Linsky Collection,Jack and Belle Linsky Galleries,1,Gallery 540,40.77930812,-73.963635553,True,10b477b5a3d09260364e1c760bc5e8fd
540,The Jack and Belle Linsky Collection,Jack and Belle Linsky Galleries,1,Gallery 540,40.77930812,-73.963635553,True,10b477b5a3d09260364e1c760bc5e8fd
541,The Jack and Belle Linsky Collection,Jack and Belle Linsky Galleries,1,Gallery 541,40.779302979,-73.963567174,True,8581d7965ceabd2e570698bec40125bc
541,The Jack and Belle Linsky Collection,Jack and Belle Linsky Galleries,1,Gallery 541,40.779302979,-73.963567174,True,8581d7965ceabd2e570698bec40125bc
541,The Jack and Belle Linsky Collection,Jack and Belle Linsky Galleries,1,Gallery 541,40.779302979,-73.963567174,True,8581d7965ceabd2e570698bec40125bc
541,The Jack and Belle Linsky Collection,Jack and Belle Linsky Galleries,1,Gallery 541,40.779302979,-73.963567174,True,8581d7965ceabd2e570698bec40125bc
541,The Jack and Belle Linsky Collection,Jack and Belle Linsky Galleries,1,Gallery 541,40.779302979,-73.963567174,True,8581d7965ceabd2e570698bec40125bc
541,The Jack and Belle Linsky Collection,Jack and Belle Linsky Galleries,1,Gallery 541,40.779302979,-73.963567174,True,8581d7965ceabd2e570698bec40125bc
541,The Jack and Belle Linsky Collection,Jack and Belle Linsky Galleries,1,Gallery 541,40.779302979,-73.963567174,True,8581d7965ceabd2e570698bec40125bc
542,The Jack and Belle Linsky Collection,Jack and Belle Linsky Galleries,1,Gallery 542,40.779330763,-73.9636877,True,e1f482b8960190353e1cbf55a079d62e
542,The Jack and Belle Linsky Collection,Jack and Belle Linsky Galleries,1,Gallery 542,40.779330763,-73.9636877,True,e1f482b8960190353e1cbf55a079d62e
542,The Jack and Belle Linsky Collection,Jack and Belle Linsky Galleries,1,Gallery 542,40.779330763,-73.9636877,True,e1f482b8960190353e1cbf55a079d62e
542,The Jack and Belle Linsky Collection,Jack and Belle Linsky Galleries,1,Gallery 542,40.779330763,-73.9636877,True,e1f482b8960190353e1cbf55a079d62e
542,The Jack and Belle Linsky Collection,Jack and Belle Linsky Galleries,1,Gallery 542,40.779330763,-73.9636877,True,e1f482b8960190353e1cbf55a079d62e
542,The Jack and Belle Linsky Collection,Jack and Belle Linsky Galleries,1,Gallery 542,40.779330763,-73.9636877,True,e1f482b8960190353e1cbf55a079d62e
542,The Jack and Belle Linsky Collection,Jack and Belle Linsky Galleries,1,Gallery 542,40.779330763,-73.9636877,True,e1f482b8960190353e1cbf55a079d62e
543,The Jack and Belle Linsky Collection,Jack and Belle Linsky Galleries,1,Gallery 543,40.779357811,-73.963751889,True,987b162e0f2c91f38ca71e1ec431dd3b
543,The Jack and Belle Linsky Collection,Jack and Belle Linsky Galleries,1,Gallery 543,40.779357811,-73.963751889,True,987b162e0f2c91f38ca71e1ec431dd3b
543,The Jack and Belle Linsky Collection,Jack and Belle Linsky Galleries,1,Gallery 543,40.779357811,-73.963751889,True,987b162e0f2c91f38ca71e1ec431dd3b
543,The Jack and Belle Linsky Collection,Jack and Belle Linsky Galleries,1,Gallery 543,40.779357811,-73.963751889,True,987b162e0f2c91f38ca71e1ec431dd3b
543,The Jack and Belle Linsky Collection,Jack and Belle Linsky Galleries,1,Gallery 543,40.779357811,-73.963751889,True,987b162e0f2c91f38ca71e1ec431dd3b
543,The Jack and Belle Linsky Collection,Jack and Belle Linsky Galleries,1,Gallery 543,40.779357811,-73.963751889,True,987b162e0f2c91f38ca71e1ec431dd3b
543,The Jack and Belle Linsky Collection,Jack and Belle Linsky Galleries,1,Gallery 543,40.779357811,-73.963751889,True,987b162e0f2c91f38ca71e1ec431dd3b
544,"The Renaissance in France, 1480-1600",,1,Gallery 544,40.779353919,-73.963833823,False,eff8e5e622fb5c8fd836dae131ee6d4f
544,"The Renaissance in France, 1480-1600",,1,Gallery 544,40.779353919,-73.963833823,False,eff8e5e622fb5c8fd836dae131ee6d4f
544,"The Renaissance in France, 1480-1600",,1,Gallery 544,40.779353919,-73.963833823,False,eff8e5e622fb5c8fd836dae131ee6d4f
544,"The Renaissance in France, 1480-1600",,1,Gallery 544,40.779353919,-73.963833823,False,eff8e5e622fb5c8fd836dae131ee6d4f
544,"The Renaissance in France, 1480-1600",,1,Gallery 544,40.779353919,-73.963833823,False,eff8e5e622fb5c8fd836dae131ee6d4f
544,"The Renaissance in France, 1480-1600",,1,Gallery 544,40.779353919,-73.963833823,False,eff8e5e622fb5c8fd836dae131ee6d4f
544,"The Renaissance in France, 1480-1600",,1,Gallery 544,40.779353919,-73.963833823,False,eff8e5e622fb5c8fd836dae131ee6d4f
545,"Luxury Shopping, 1700–1790",The Wrightsman Galleries,1,Gallery 545,40.779456723,-73.963940202,False,4f275f64be75eea110fa61968879a61b
545,"Luxury Shopping, 1700–1790",The Wrightsman Galleries,1,Gallery 545,40.779456723,-73.963940202,False,4f275f64be75eea110fa61968879a61b
545,"Luxury Shopping, 1700–1790",The Wrightsman Galleries,1,Gallery 545,40.779456723,-73.963940202,False,4f275f64be75eea110fa61968879a61b
545,"Luxury Shopping, 1700–1790",The Wrightsman Galleries,1,Gallery 545,40.779456723,-73.963940202,False,4f275f64be75eea110fa61968879a61b
545,"Luxury Shopping, 1700–1790",The Wrightsman Galleries,1,Gallery 545,40.779456723,-73.963940202,False,4f275f64be75eea110fa61968879a61b
545,"Luxury Shopping, 1700–1790",The Wrightsman Galleries,1,Gallery 545,40.779456723,-73.963940202,False,4f275f64be75eea110fa61968879a61b
545,"Luxury Shopping, 1700–1790",The Wrightsman Galleries,1,Gallery 545,40.779456723,-73.963940202,False,4f275f64be75eea110fa61968879a61b
546,French Decorative Arts: Crillon Room,The Wrightsman Galleries,1,Gallery 546,40.779413639,-73.963929105,False,6bc97a92a1629a2ac094991f9b5d688f
546,French Decorative Arts: Crillon Room,The Wrightsman Galleries,1,Gallery 546,40.779413639,-73.963929105,False,6bc97a92a1629a2ac094991f9b5d688f
546,French Decorative Arts: Crillon Room,The Wrightsman Galleries,1,Gallery 546,40.779413639,-73.963929105,False,6bc97a92a1629a2ac094991f9b5d688f
546,French Decorative Arts: Crillon Room,The Wrightsman Galleries,1,Gallery 546,40.779413639,-73.963929105,False,6bc97a92a1629a2ac094991f9b5d688f
546,French Decorative Arts: Crillon Room,The Wrightsman Galleries,1,Gallery 546,40.779413639,-73.963929105,False,6bc97a92a1629a2ac094991f9b5d688f
546,French Decorative Arts: Crillon Room,The Wrightsman Galleries,1,Gallery 546,40.779413639,-73.963929105,False,6bc97a92a1629a2ac094991f9b5d688f
546,French Decorative Arts: Crillon Room,The Wrightsman Galleries,1,Gallery 546,40.779413639,-73.963929105,False,6bc97a92a1629a2ac094991f9b5d688f
547,French Decorative Arts: Bordeaux Room,The Wrightsman Galleries,1,Gallery 547,40.779441074,-73.963994215,False,d7b08851b4692d2d807d3bdd20e34a83
547,French Decorative Arts: Bordeaux Room,The Wrightsman Galleries,1,Gallery 547,40.779441074,-73.963994215,False,d7b08851b4692d2d807d3bdd20e34a83
547,French Decorative Arts: Bordeaux Room,The Wrightsman Galleries,1,Gallery 547,40.779441074,-73.963994215,False,d7b08851b4692d2d807d3bdd20e34a83
547,French Decorative Arts: Bordeaux Room,The Wrightsman Galleries,1,Gallery 547,40.779441074,-73.963994215,False,d7b08851b4692d2d807d3bdd20e34a83
547,French Decorative Arts: Bordeaux Room,The Wrightsman Galleries,1,Gallery 547,40.779441074,-73.963994215,False,d7b08851b4692d2d807d3bdd20e34a83
547,French Decorative Arts: Bordeaux Room,The Wrightsman Galleries,1,Gallery 547,40.779441074,-73.963994215,False,d7b08851b4692d2d807d3bdd20e34a83
547,French Decorative Arts: Bordeaux Room,The Wrightsman Galleries,1,Gallery 547,40.779441074,-73.963994215,False,d7b08851b4692d2d807d3bdd20e34a83
548,"European Sculpture, 1700–1900",Carroll and Milton Petrie European Sculpture Court,1,Gallery 548,40.779172524,-73.964200906,False,42acac813a6426be46a448007f78338e
548,"European Sculpture, 1700–1900",Carroll and Milton Petrie European Sculpture Court,1,Gallery 548,40.779172524,-73.964200906,False,42acac813a6426be46a448007f78338e
548,"European Sculpture, 1700–1900",Carroll and Milton Petrie European Sculpture Court,1,Gallery 548,40.779172524,-73.964200906,False,42acac813a6426be46a448007f78338e
548,"European Sculpture, 1700–1900",Carroll and Milton Petrie European Sculpture Court,1,Gallery 548,40.779172524,-73.964200906,False,42acac813a6426be46a448007f78338e
548,"European Sculpture, 1700–1900",Carroll and Milton Petrie European Sculpture Court,1,Gallery 548,40.779172524,-73.964200906,False,42acac813a6426be46a448007f78338e
548,"European Sculpture, 1700–1900",Carroll and Milton Petrie European Sculpture Court,1,Gallery 548,40.779172524,-73.964200906,False,42acac813a6426be46a448007f78338e
548,"European Sculpture, 1700–1900",Carroll and Milton Petrie European Sculpture Court,1,Gallery 548,40.779172524,-73.964200906,False,42acac813a6426be46a448007f78338e
549,"French and Italian Portrait Busts, 1600–1800",The Henry R. Kravis Wing,1,Gallery 549,40.779115406,-73.964244404,False,987c10768f7c09a54ed35371f43ef7e4
549,"French and Italian Portrait Busts, 1600–1800",The Henry R. Kravis Wing,1,Gallery 549,40.779115406,-73.964244404,False,987c10768f7c09a54ed35371f43ef7e4
549,"French and Italian Portrait Busts, 1600–1800",The Henry R. Kravis Wing,1,Gallery 549,40.779115406,-73.964244404,False,987c10768f7c09a54ed35371f43ef7e4
549,"French and Italian Portrait Busts, 1600–1800",The Henry R. Kravis Wing,1,Gallery 549,40.779115406,-73.964244404,False,987c10768f7c09a54ed35371f43ef7e4
549,"French and Italian Portrait Busts, 1600–1800",The Henry R. Kravis Wing,1,Gallery 549,40.779115406,-73.964244404,False,987c10768f7c09a54ed35371f43ef7e4
549,"French and Italian Portrait Busts, 1600–1800",The Henry R. Kravis Wing,1,Gallery 549,40.779115406,-73.964244404,False,987c10768f7c09a54ed35371f43ef7e4
549,"French and Italian Portrait Busts, 1600–1800",The Henry R. Kravis Wing,1,Gallery 549,40.779115406,-73.964244404,False,987c10768f7c09a54ed35371f43ef7e4
550,"Italian Baroque Sculpture and Decorative Arts, 1600–1750",The Henry R. Kravis Wing,1,Gallery 550,40.778815,-73.963857448,False,df0aa82851470f2c1527c8b4c71386d8
550,"Italian Baroque Sculpture and Decorative Arts, 1600–1750",The Henry R. Kravis Wing,1,Gallery 550,40.778815,-73.963857448,False,df0aa82851470f2c1527c8b4c71386d8
550,"Italian Baroque Sculpture and Decorative Arts, 1600–1750",The Henry R. Kravis Wing,1,Gallery 550,40.778815,-73.963857448,False,df0aa82851470f2c1527c8b4c71386d8
550,"Italian Baroque Sculpture and Decorative Arts, 1600–1750",The Henry R. Kravis Wing,1,Gallery 550,40.778815,-73.963857448,False,df0aa82851470f2c1527c8b4c71386d8
550,"Italian Baroque Sculpture and Decorative Arts, 1600–1750",The Henry R. Kravis Wing,1,Gallery 550,40.778815,-73.963857448,False,df0aa82851470f2c1527c8b4c71386d8
550,"Italian Baroque Sculpture and Decorative Arts, 1600–1750",The Henry R. Kravis Wing,1,Gallery 550,40.778815,-73.963857448,False,df0aa82851470f2c1527c8b4c71386d8
550,"Italian Baroque Sculpture and Decorative Arts, 1600–1750",The Henry R. Kravis Wing,1,Gallery 550,40.778815,-73.963857448,False,df0aa82851470f2c1527c8b4c71386d8
551,"Late Baroque and Rococo Decorative Arts, 1680–1760",The Florence Gould Galleries,1,Gallery 551,40.778936652,-73.963986254,True,eda71192cf6a9e10b52798d83417c221
551,"Late Baroque and Rococo Decorative Arts, 1680–1760",The Florence Gould Galleries,1,Gallery 551,40.778936652,-73.963986254,True,eda71192cf6a9e10b52798d83417c221
551,"Late Baroque and Rococo Decorative Arts, 1680–1760",The Florence Gould Galleries,1,Gallery 551,40.778936652,-73.963986254,True,eda71192cf6a9e10b52798d83417c221
551,"Late Baroque and Rococo Decorative Arts, 1680–1760",The Florence Gould Galleries,1,Gallery 551,40.778936652,-73.963986254,True,eda71192cf6a9e10b52798d83417c221
551,"Late Baroque and Rococo Decorative Arts, 1680–1760",The Florence Gould Galleries,1,Gallery 551,40.778936652,-73.963986254,True,eda71192cf6a9e10b52798d83417c221
551,"Late Baroque and Rococo Decorative Arts, 1680–1760",The Florence Gould Galleries,1,Gallery 551,40.778936652,-73.963986254,True,eda71192cf6a9e10b52798d83417c221
551,"Late Baroque and Rococo Decorative Arts, 1680–1760",The Florence Gould Galleries,1,Gallery 551,40.778936652,-73.963986254,True,eda71192cf6a9e10b52798d83417c221
552,"Terracotta Models, 1700–1900",Josephine Bay Paul Gallery,1,Gallery 552,40.779007403,-73.964154173,False,2df2395a9ad6cb92f10c93394be43b47
552,"Terracotta Models, 1700–1900",Josephine Bay Paul Gallery,1,Gallery 552,40.779007403,-73.964154173,False,2df2395a9ad6cb92f10c93394be43b47
552,"Terracotta Models, 1700–1900",Josephine Bay Paul Gallery,1,Gallery 552,40.779007403,-73.964154173,False,2df2395a9ad6cb92f10c93394be43b47
552,"Terracotta Models, 1700–1900",Josephine Bay Paul Gallery,1,Gallery 552,40.779007403,-73.964154173,False,2df2395a9ad6cb92f10c93394be43b47
552,"Terracotta Models, 1700–1900",Josephine Bay Paul Gallery,1,Gallery 552,40.779007403,-73.964154173,False,2df2395a9ad6cb92f10c93394be43b47
552,"Terracotta Models, 1700–1900",Josephine Bay Paul Gallery,1,Gallery 552,40.779007403,-73.964154173,False,2df2395a9ad6cb92f10c93394be43b47
552,"Terracotta Models, 1700–1900",Josephine Bay Paul Gallery,1,Gallery 552,40.779007403,-73.964154173,False,2df2395a9ad6cb92f10c93394be43b47
553,"Neoclassicism and the Empire Style, 1750–1830",The Florence Gould Galleries,1,Gallery 553,40.779061871,-73.964283441,True,54a43390bcb076eaa59bbe5dfdddcdb0
553,"Neoclassicism and the Empire Style, 1750–1830",The Florence Gould Galleries,1,Gallery 553,40.779061871,-73.964283441,True,54a43390bcb076eaa59bbe5dfdddcdb0
553,"Neoclassicism and the Empire Style, 1750–1830",The Florence Gould Galleries,1,Gallery 553,40.779061871,-73.964283441,True,54a43390bcb076eaa59bbe5dfdddcdb0
553,"Neoclassicism and the Empire Style, 1750–1830",The Florence Gould Galleries,1,Gallery 553,40.779061871,-73.964283441,True,54a43390bcb076eaa59bbe5dfdddcdb0
553,"Neoclassicism and the Empire Style, 1750–1830",The Florence Gould Galleries,1,Gallery 553,40.779061871,-73.964283441,True,54a43390bcb076eaa59bbe5dfdddcdb0
553,"Neoclassicism and the Empire Style, 1750–1830",The Florence Gould Galleries,1,Gallery 553,40.779061871,-73.964283441,True,54a43390bcb076eaa59bbe5dfdddcdb0
553,"Neoclassicism and the Empire Style, 1750–1830",The Florence Gould Galleries,1,Gallery 553,40.779061871,-73.964283441,True,54a43390bcb076eaa59bbe5dfdddcdb0
554,"Revival Styles, 1800–1850",The Iris and B. Gerald Cantor Galleries,1,Gallery 554,40.778998314,-73.964329787,True,bf74f56299df64b1e3a27ce1b4b13ae2
554,"Revival Styles, 1800–1850",The Iris and B. Gerald Cantor Galleries,1,Gallery 554,40.778998314,-73.964329787,True,bf74f56299df64b1e3a27ce1b4b13ae2
554,"Revival Styles, 1800–1850",The Iris and B. Gerald Cantor Galleries,1,Gallery 554,40.778998314,-73.964329787,True,bf74f56299df64b1e3a27ce1b4b13ae2
554,"Revival Styles, 1800–1850",The Iris and B. Gerald Cantor Galleries,1,Gallery 554,40.778998314,-73.964329787,True,bf74f56299df64b1e3a27ce1b4b13ae2
554,"Revival Styles, 1800–1850",The Iris and B. Gerald Cantor Galleries,1,Gallery 554,40.778998314,-73.964329787,True,bf74f56299df64b1e3a27ce1b4b13ae2
554,"Revival Styles, 1800–1850",The Iris and B. Gerald Cantor Galleries,1,Gallery 554,40.778998314,-73.964329787,True,bf74f56299df64b1e3a27ce1b4b13ae2
554,"Revival Styles, 1800–1850",The Iris and B. Gerald Cantor Galleries,1,Gallery 554,40.778998314,-73.964329787,True,bf74f56299df64b1e3a27ce1b4b13ae2
555,Fabergé from the Matilda Geddings Gray Foundation Collection,,1,Gallery 555,40.778943847,-73.964200517,False,209e4c415308716138b371fe977d207b
555,Fabergé from the Matilda Geddings Gray Foundation Collection,,1,Gallery 555,40.778943847,-73.964200517,False,209e4c415308716138b371fe977d207b
555,Fabergé from the Matilda Geddings Gray Foundation Collection,,1,Gallery 555,40.778943847,-73.964200517,False,209e4c415308716138b371fe977d207b
555,Fabergé from the Matilda Geddings Gray Foundation Collection,,1,Gallery 555,40.778943847,-73.964200517,False,209e4c415308716138b371fe977d207b
555,Fabergé from the Matilda Geddings Gray Foundation Collection,,1,Gallery 555,40.778943847,-73.964200517,False,209e4c415308716138b371fe977d207b
555,Fabergé from the Matilda Geddings Gray Foundation Collection,,1,Gallery 555,40.778943847,-73.964200517,False,209e4c415308716138b371fe977d207b
555,Fabergé from the Matilda Geddings Gray Foundation Collection,,1,Gallery 555,40.778943847,-73.964200517,False,209e4c415308716138b371fe977d207b
556,"European Decorative Arts and Sculpture, 1850–1900",The Iris and B. Gerald Cantor Galleries,1,Gallery 556,40.778850128,-73.964049345,True,cea41d76eb9aa140d28257c9ef6dadf0
556,"European Decorative Arts and Sculpture, 1850–1900",The Iris and B. Gerald Cantor Galleries,1,Gallery 556,40.778850128,-73.964049345,True,cea41d76eb9aa140d28257c9ef6dadf0
556,"European Decorative Arts and Sculpture, 1850–1900",The Iris and B. Gerald Cantor Galleries,1,Gallery 556,40.778850128,-73.964049345,True,cea41d76eb9aa140d28257c9ef6dadf0
556,"European Decorative Arts and Sculpture, 1850–1900",The Iris and B. Gerald Cantor Galleries,1,Gallery 556,40.778850128,-73.964049345,True,cea41d76eb9aa140d28257c9ef6dadf0
556,"European Decorative Arts and Sculpture, 1850–1900",The Iris and B. Gerald Cantor Galleries,1,Gallery 556,40.778850128,-73.964049345,True,cea41d76eb9aa140d28257c9ef6dadf0
556,"European Decorative Arts and Sculpture, 1850–1900",The Iris and B. Gerald Cantor Galleries,1,Gallery 556,40.778850128,-73.964049345,True,cea41d76eb9aa140d28257c9ef6dadf0
556,"European Decorative Arts and Sculpture, 1850–1900",The Iris and B. Gerald Cantor Galleries,1,Gallery 556,40.778850128,-73.964049345,True,cea41d76eb9aa140d28257c9ef6dadf0
599,"Wedding Attire: Three Cultures, One Celebration",,G,Gallery 599,40.779311986,-73.963597876,False,85ba985015a0df1f5e14174588bf3310
599,"Wedding Attire: Three Cultures, One Celebration",,G,Gallery 599,40.779311986,-73.963597876,False,85ba985015a0df1f5e14174588bf3310
599,"Wedding Attire: Three Cultures, One Celebration",,G,Gallery 599,40.779311986,-73.963597876,False,85ba985015a0df1f5e14174588bf3310
599,"Wedding Attire: Three Cultures, One Celebration",,G,Gallery 599,40.779311986,-73.963597876,False,85ba985015a0df1f5e14174588bf3310
599,"Wedding Attire: Three Cultures, One Celebration",,G,Gallery 599,40.779311986,-73.963597876,False,85ba985015a0df1f5e14174588bf3310
599,"Wedding Attire: Three Cultures, One Celebration",,G,Gallery 599,40.779311986,-73.963597876,False,85ba985015a0df1f5e14174588bf3310
599,"Wedding Attire: Three Cultures, One Celebration",,G,Gallery 599,40.779311986,-73.963597876,False,85ba985015a0df1f5e14174588bf3310
600,Look Again: European Paintings 1300–1800,,2,Gallery 600,40.779418876,-73.96340225,False,34e355190a11141ba076162dd0384499
600,Look Again: European Paintings 1300–1800,,2,Gallery 600,40.779418876,-73.96340225,False,34e355190a11141ba076162dd0384499
600,Look Again: European Paintings 1300–1800,,2,Gallery 600,40.779418876,-73.96340225,False,34e355190a11141ba076162dd0384499
600,Look Again: European Paintings 1300–1800,,2,Gallery 600,40.779418876,-73.96340225,False,34e355190a11141ba076162dd0384499
600,Look Again: European Paintings 1300–1800,,2,Gallery 600,40.779418876,-73.96340225,False,34e355190a11141ba076162dd0384499
600,Look Again: European Paintings 1300–1800,,2,Gallery 600,40.779418876,-73.96340225,False,34e355190a11141ba076162dd0384499
600,Look Again: European Paintings 1300–1800,,2,Gallery 600,40.779418876,-73.96340225,False,34e355190a11141ba076162dd0384499
601,Look Again: European Paintings 1300–1800,,2,Gallery 601,40.779456087,-73.963493889,False,4afd70cecbee34444e081049d98e123c
601,Look Again: European Paintings 1300–1800,,2,Gallery 601,40.779456087,-73.963493889,False,4afd70cecbee34444e081049d98e123c
601,Look Again: European Paintings 1300–1800,,2,Gallery 601,40.779456087,-73.963493889,False,4afd70cecbee34444e081049d98e123c
601,Look Again: European Paintings 1300–1800,,2,Gallery 601,40.779456087,-73.963493889,False,4afd70cecbee34444e081049d98e123c
601,Look Again: European Paintings 1300–1800,,2,Gallery 601,40.779456087,-73.963493889,False,4afd70cecbee34444e081049d98e123c
601,Look Again: European Paintings 1300–1800,,2,Gallery 601,40.779456087,-73.963493889,False,4afd70cecbee34444e081049d98e123c
601,Look Again: European Paintings 1300–1800,,2,Gallery 601,40.779456087,-73.963493889,False,4afd70cecbee34444e081049d98e123c
602,Look Again: European Paintings 1300–1800,,2,Gallery 602,40.779304778,-73.963604222,True,32222552cff27a39870d330f1f2ecf5b
602,Look Again: European Paintings 1300–1800,,2,Gallery 602,40.779304778,-73.963604222,True,32222552cff27a39870d330f1f2ecf5b
602,Look Again: European Paintings 1300–1800,,2,Gallery 602,40.779304778,-73.963604222,True,32222552cff27a39870d330f1f2ecf5b
602,Look Again: European Paintings 1300–1800,,2,Gallery 602,40.779304778,-73.963604222,True,32222552cff27a39870d330f1f2ecf5b
602,Look Again: European Paintings 1300–1800,,2,Gallery 602,40.779304778,-73.963604222,True,32222552cff27a39870d330f1f2ecf5b
602,Look Again: European Paintings 1300–1800,,2,Gallery 602,40.779304778,-73.963604222,True,32222552cff27a39870d330f1f2ecf5b
602,Look Again: European Paintings 1300–1800,,2,Gallery 602,40.779304778,-73.963604222,True,32222552cff27a39870d330f1f2ecf5b
603,Look Again: European Paintings 1300–1800,,2,Gallery 603,40.779268663,-73.96351851,True,9db0d176471ac194fabb4fd57780fa56
603,Look Again: European Paintings 1300–1800,,2,Gallery 603,40.779268663,-73.96351851,True,9db0d176471ac194fabb4fd57780fa56
603,Look Again: European Paintings 1300–1800,,2,Gallery 603,40.779268663,-73.96351851,True,9db0d176471ac194fabb4fd57780fa56
603,Look Again: European Paintings 1300–1800,,2,Gallery 603,40.779268663,-73.96351851,True,9db0d176471ac194fabb4fd57780fa56
603,Look Again: European Paintings 1300–1800,,2,Gallery 603,40.779268663,-73.96351851,True,9db0d176471ac194fabb4fd57780fa56
603,Look Again: European Paintings 1300–1800,,2,Gallery 603,40.779268663,-73.96351851,True,9db0d176471ac194fabb4fd57780fa56
603,Look Again: European Paintings 1300–1800,,2,Gallery 603,40.779268663,-73.96351851,True,9db0d176471ac194fabb4fd57780fa56
604,Look Again: European Paintings 1300–1800,,2,Gallery 604,40.779183384,-73.963580695,True,c5ff9c7e0fc210585b85aa50dc6250bc
604,Look Again: European Paintings 1300–1800,,2,Gallery 604,40.779183384,-73.963580695,True,c5ff9c7e0fc210585b85aa50dc6250bc
604,Look Again: European Paintings 1300–1800,,2,Gallery 604,40.779183384,-73.963580695,True,c5ff9c7e0fc210585b85aa50dc6250bc
604,Look Again: European Paintings 1300–1800,,2,Gallery 604,40.779183384,-73.963580695,True,c5ff9c7e0fc210585b85aa50dc6250bc
604,Look Again: European Paintings 1300–1800,,2,Gallery 604,40.779183384,-73.963580695,True,c5ff9c7e0fc210585b85aa50dc6250bc
604,Look Again: European Paintings 1300–1800,,2,Gallery 604,40.779183384,-73.963580695,True,c5ff9c7e0fc210585b85aa50dc6250bc
604,Look Again: European Paintings 1300–1800,,2,Gallery 604,40.779183384,-73.963580695,True,c5ff9c7e0fc210585b85aa50dc6250bc
605,Look Again: European Paintings 1300–1800,,2,Gallery 605,40.779231227,-73.963657855,True,fff54204aa54ad57a5daa9fb26ea92f2
605,Look Again: European Paintings 1300–1800,,2,Gallery 605,40.779231227,-73.963657855,True,fff54204aa54ad57a5daa9fb26ea92f2
605,Look Again: European Paintings 1300–1800,,2,Gallery 605,40.779231227,-73.963657855,True,fff54204aa54ad57a5daa9fb26ea92f2
605,Look Again: European Paintings 1300–1800,,2,Gallery 605,40.779231227,-73.963657855,True,fff54204aa54ad57a5daa9fb26ea92f2
605,Look Again: European Paintings 1300–1800,,2,Gallery 605,40.779231227,-73.963657855,True,fff54204aa54ad57a5daa9fb26ea92f2
605,Look Again: European Paintings 1300–1800,,2,Gallery 605,40.779231227,-73.963657855,True,fff54204aa54ad57a5daa9fb26ea92f2
605,Look Again: European Paintings 1300–1800,,2,Gallery 605,40.779231227,-73.963657855,True,fff54204aa54ad57a5daa9fb26ea92f2
606,Look Again: European Paintings 1300–1800,,2,Gallery 606,40.779154658,-73.963713687,True,a84710f17ff9c79266c42dadb750fc09
606,Look Again: European Paintings 1300–1800,,2,Gallery 606,40.779154658,-73.963713687,True,a84710f17ff9c79266c42dadb750fc09
606,Look Again: European Paintings 1300–1800,,2,Gallery 606,40.779154658,-73.963713687,True,a84710f17ff9c79266c42dadb750fc09
606,Look Again: European Paintings 1300–1800,,2,Gallery 606,40.779154658,-73.963713687,True,a84710f17ff9c79266c42dadb750fc09
606,Look Again: European Paintings 1300–1800,,2,Gallery 606,40.779154658,-73.963713687,True,a84710f17ff9c79266c42dadb750fc09
606,Look Again: European Paintings 1300–1800,,2,Gallery 606,40.779154658,-73.963713687,True,a84710f17ff9c79266c42dadb750fc09
606,Look Again: European Paintings 1300–1800,,2,Gallery 606,40.779154658,-73.963713687,True,a84710f17ff9c79266c42dadb750fc09
607,Look Again: European Paintings 1300–1800,,2,Gallery 607,40.779106815,-73.963636527,True,74094c80c9e4fecf9affe27fbbf901c3
607,Look Again: European Paintings 1300–1800,,2,Gallery 607,40.779106815,-73.963636527,True,74094c80c9e4fecf9affe27fbbf901c3
607,Look Again: European Paintings 1300–1800,,2,Gallery 607,40.779106815,-73.963636527,True,74094c80c9e4fecf9affe27fbbf901c3
607,Look Again: European Paintings 1300–1800,,2,Gallery 607,40.779106815,-73.963636527,True,74094c80c9e4fecf9affe27fbbf901c3
607,Look Again: European Paintings 1300–1800,,2,Gallery 607,40.779106815,-73.963636527,True,74094c80c9e4fecf9affe27fbbf901c3
607,Look Again: European Paintings 1300–1800,,2,Gallery 607,40.779106815,-73.963636527,True,74094c80c9e4fecf9affe27fbbf901c3
607,Look Again: European Paintings 1300–1800,,2,Gallery 607,40.779106815,-73.963636527,True,74094c80c9e4fecf9affe27fbbf901c3
608,Look Again: European Paintings 1300–1800,,2,Gallery 608,40.779066481,-73.963721962,False,12fae9d1fa58c21d0a1e78f73b3a2ef4
608,Look Again: European Paintings 1300–1800,,2,Gallery 608,40.779066481,-73.963721962,False,12fae9d1fa58c21d0a1e78f73b3a2ef4
608,Look Again: European Paintings 1300–1800,,2,Gallery 608,40.779066481,-73.963721962,False,12fae9d1fa58c21d0a1e78f73b3a2ef4
608,Look Again: European Paintings 1300–1800,,2,Gallery 608,40.779066481,-73.963721962,False,12fae9d1fa58c21d0a1e78f73b3a2ef4
608,Look Again: European Paintings 1300–1800,,2,Gallery 608,40.779066481,-73.963721962,False,12fae9d1fa58c21d0a1e78f73b3a2ef4
608,Look Again: European Paintings 1300–1800,,2,Gallery 608,40.779066481,-73.963721962,False,12fae9d1fa58c21d0a1e78f73b3a2ef4
608,Look Again: European Paintings 1300–1800,,2,Gallery 608,40.779066481,-73.963721962,False,12fae9d1fa58c21d0a1e78f73b3a2ef4
609,Look Again: European Paintings 1300–1800,,2,Gallery 609,40.77915616,-73.96385526,False,090f98d90160daa20794136690d4b2c6
609,Look Again: European Paintings 1300–1800,,2,Gallery 609,40.77915616,-73.96385526,False,090f98d90160daa20794136690d4b2c6
609,Look Again: European Paintings 1300–1800,,2,Gallery 609,40.77915616,-73.96385526,False,090f98d90160daa20794136690d4b2c6
609,Look Again: European Paintings 1300–1800,,2,Gallery 609,40.77915616,-73.96385526,False,090f98d90160daa20794136690d4b2c6
609,Look Again: European Paintings 1300–1800,,2,Gallery 609,40.77915616,-73.96385526,False,090f98d90160daa20794136690d4b2c6
609,Look Again: European Paintings 1300–1800,,2,Gallery 609,40.77915616,-73.96385526,False,090f98d90160daa20794136690d4b2c6
609,Look Again: European Paintings 1300–1800,,2,Gallery 609,40.77915616,-73.96385526,False,090f98d90160daa20794136690d4b2c6
610,Look Again: European Paintings 1300–1800,,2,Gallery 610,40.77917957,-73.963990357,False,ff9f48ffcc0cbec91a6ae2bdf736f0c8
610,Look Again: European Paintings 1300–1800,,2,Gallery 610,40.77917957,-73.963990357,False,ff9f48ffcc0cbec91a6ae2bdf736f0c8
610,Look Again: European Paintings 1300–1800,,2,Gallery 610,40.77917957,-73.963990357,False,ff9f48ffcc0cbec91a6ae2bdf736f0c8
610,Look Again: European Paintings 1300–1800,,2,Gallery 610,40.77917957,-73.963990357,False,ff9f48ffcc0cbec91a6ae2bdf736f0c8
610,Look Again: European Paintings 1300–1800,,2,Gallery 610,40.77917957,-73.963990357,False,ff9f48ffcc0cbec91a6ae2bdf736f0c8
610,Look Again: European Paintings 1300–1800,,2,Gallery 610,40.77917957,-73.963990357,False,ff9f48ffcc0cbec91a6ae2bdf736f0c8
610,Look Again: European Paintings 1300–1800,,2,Gallery 610,40.77917957,-73.963990357,False,ff9f48ffcc0cbec91a6ae2bdf736f0c8
611,Look Again: European Paintings 1300–1800,,2,Gallery 611,40.779237392,-73.963948194,False,84711d8686c45af01235c85e59b4c7d3
611,Look Again: European Paintings 1300–1800,,2,Gallery 611,40.779237392,-73.963948194,False,84711d8686c45af01235c85e59b4c7d3
611,Look Again: European Paintings 1300–1800,,2,Gallery 611,40.779237392,-73.963948194,False,84711d8686c45af01235c85e59b4c7d3
611,Look Again: European Paintings 1300–1800,,2,Gallery 611,40.779237392,-73.963948194,False,84711d8686c45af01235c85e59b4c7d3
611,Look Again: European Paintings 1300–1800,,2,Gallery 611,40.779237392,-73.963948194,False,84711d8686c45af01235c85e59b4c7d3
611,Look Again: European Paintings 1300–1800,,2,Gallery 611,40.779237392,-73.963948194,False,84711d8686c45af01235c85e59b4c7d3
611,Look Again: European Paintings 1300–1800,,2,Gallery 611,40.779237392,-73.963948194,False,84711d8686c45af01235c85e59b4c7d3
612,Look Again: European Paintings 1300–1800,,2,Gallery 612,40.779254644,-73.964088995,False,f54fe5efde1d4ccc8018bbe9f43283a1
612,Look Again: European Paintings 1300–1800,,2,Gallery 612,40.779254644,-73.964088995,False,f54fe5efde1d4ccc8018bbe9f43283a1
612,Look Again: European Paintings 1300–1800,,2,Gallery 612,40.779254644,-73.964088995,False,f54fe5efde1d4ccc8018bbe9f43283a1
612,Look Again: European Paintings 1300–1800,,2,Gallery 612,40.779254644,-73.964088995,False,f54fe5efde1d4ccc8018bbe9f43283a1
612,Look Again: European Paintings 1300–1800,,2,Gallery 612,40.779254644,-73.964088995,False,f54fe5efde1d4ccc8018bbe9f43283a1
612,Look Again: European Paintings 1300–1800,,2,Gallery 612,40.779254644,-73.964088995,False,f54fe5efde1d4ccc8018bbe9f43283a1
612,Look Again: European Paintings 1300–1800,,2,Gallery 612,40.779254644,-73.964088995,False,f54fe5efde1d4ccc8018bbe9f43283a1
613,Look Again: European Paintings 1300–1800,,2,Gallery 613,40.779275358,-73.964217711,False,42d87df40e1bb4fde2f7fcc44c816a5a
613,Look Again: European Paintings 1300–1800,,2,Gallery 613,40.779275358,-73.964217711,False,42d87df40e1bb4fde2f7fcc44c816a5a
613,Look Again: European Paintings 1300–1800,,2,Gallery 613,40.779275358,-73.964217711,False,42d87df40e1bb4fde2f7fcc44c816a5a
613,Look Again: European Paintings 1300–1800,,2,Gallery 613,40.779275358,-73.964217711,False,42d87df40e1bb4fde2f7fcc44c816a5a
613,Look Again: European Paintings 1300–1800,,2,Gallery 613,40.779275358,-73.964217711,False,42d87df40e1bb4fde2f7fcc44c816a5a
613,Look Again: European Paintings 1300–1800,,2,Gallery 613,40.779275358,-73.964217711,False,42d87df40e1bb4fde2f7fcc44c816a5a
613,Look Again: European Paintings 1300–1800,,2,Gallery 613,40.779275358,-73.964217711,False,42d87df40e1bb4fde2f7fcc44c816a5a
614,Look Again: European Paintings 1300–1800,,2,Gallery 614,40.779311084,-73.964302502,False,f3b2cea65c0aa1a82d2b315866720ce5
614,Look Again: European Paintings 1300–1800,,2,Gallery 614,40.779311084,-73.964302502,False,f3b2cea65c0aa1a82d2b315866720ce5
614,Look Again: European Paintings 1300–1800,,2,Gallery 614,40.779311084,-73.964302502,False,f3b2cea65c0aa1a82d2b315866720ce5
614,Look Again: European Paintings 1300–1800,,2,Gallery 614,40.779311084,-73.964302502,False,f3b2cea65c0aa1a82d2b315866720ce5
614,Look Again: European Paintings 1300–1800,,2,Gallery 614,40.779311084,-73.964302502,False,f3b2cea65c0aa1a82d2b315866720ce5
614,Look Again: European Paintings 1300–1800,,2,Gallery 614,40.779311084,-73.964302502,False,f3b2cea65c0aa1a82d2b315866720ce5
614,Look Again: European Paintings 1300–1800,,2,Gallery 614,40.779311084,-73.964302502,False,f3b2cea65c0aa1a82d2b315866720ce5
615,Look Again: European Paintings 1300–1800,,2,Gallery 615,40.779386154,-73.964247763,False,fd0db496437d25cf2962d011a17a64bf
615,Look Again: European Paintings 1300–1800,,2,Gallery 615,40.779386154,-73.964247763,False,fd0db496437d25cf2962d011a17a64bf
615,Look Again: European Paintings 1300–1800,,2,Gallery 615,40.779386154,-73.964247763,False,fd0db496437d25cf2962d011a17a64bf
615,Look Again: European Paintings 1300–1800,,2,Gallery 615,40.779386154,-73.964247763,False,fd0db496437d25cf2962d011a17a64bf
615,Look Again: European Paintings 1300–1800,,2,Gallery 615,40.779386154,-73.964247763,False,fd0db496437d25cf2962d011a17a64bf
615,Look Again: European Paintings 1300–1800,,2,Gallery 615,40.779386154,-73.964247763,False,fd0db496437d25cf2962d011a17a64bf
615,Look Again: European Paintings 1300–1800,,2,Gallery 615,40.779386154,-73.964247763,False,fd0db496437d25cf2962d011a17a64bf
616,Look Again: European Paintings 1300–1800,,2,Gallery 616,40.779384112,-73.96413841,False,14a109d0662adbb7a73a1551d5e11a0e
616,Look Again: European Paintings 1300–1800,,2,Gallery 616,40.779384112,-73.96413841,False,14a109d0662adbb7a73a1551d5e11a0e
616,Look Again: European Paintings 1300–1800,,2,Gallery 616,40.779384112,-73.96413841,False,14a109d0662adbb7a73a1551d5e11a0e
616,Look Again: European Paintings 1300–1800,,2,Gallery 616,40.779384112,-73.96413841,False,14a109d0662adbb7a73a1551d5e11a0e
616,Look Again: European Paintings 1300–1800,,2,Gallery 616,40.779384112,-73.96413841,False,14a109d0662adbb7a73a1551d5e11a0e
616,Look Again: European Paintings 1300–1800,,2,Gallery 616,40.779384112,-73.96413841,False,14a109d0662adbb7a73a1551d5e11a0e
616,Look Again: European Paintings 1300–1800,,2,Gallery 616,40.779384112,-73.96413841,False,14a109d0662adbb7a73a1551d5e11a0e
617,Look Again: European Paintings 1300–1800,,2,Gallery 617,40.779462728,-73.964191927,False,6d2fd2de896ffe267a207ad608783db1
617,Look Again: European Paintings 1300–1800,,2,Gallery 617,40.779462728,-73.964191927,False,6d2fd2de896ffe267a207ad608783db1
617,Look Again: European Paintings 1300–1800,,2,Gallery 617,40.779462728,-73.964191927,False,6d2fd2de896ffe267a207ad608783db1
617,Look Again: European Paintings 1300–1800,,2,Gallery 617,40.779462728,-73.964191927,False,6d2fd2de896ffe267a207ad608783db1
617,Look Again: European Paintings 1300–1800,,2,Gallery 617,40.779462728,-73.964191927,False,6d2fd2de896ffe267a207ad608783db1
617,Look Again: European Paintings 1300–1800,,2,Gallery 617,40.779462728,-73.964191927,False,6d2fd2de896ffe267a207ad608783db1
617,Look Again: European Paintings 1300–1800,,2,Gallery 617,40.779462728,-73.964191927,False,6d2fd2de896ffe267a207ad608783db1
618,Look Again: European Paintings 1300–1800,,2,Gallery 618,40.779513293,-73.964099094,False,4750a58b6fe277547a1e8c4608275ed9
618,Look Again: European Paintings 1300–1800,,2,Gallery 618,40.779513293,-73.964099094,False,4750a58b6fe277547a1e8c4608275ed9
618,Look Again: European Paintings 1300–1800,,2,Gallery 618,40.779513293,-73.964099094,False,4750a58b6fe277547a1e8c4608275ed9
618,Look Again: European Paintings 1300–1800,,2,Gallery 618,40.779513293,-73.964099094,False,4750a58b6fe277547a1e8c4608275ed9
618,Look Again: European Paintings 1300–1800,,2,Gallery 618,40.779513293,-73.964099094,False,4750a58b6fe277547a1e8c4608275ed9
618,Look Again: European Paintings 1300–1800,,2,Gallery 618,40.779513293,-73.964099094,False,4750a58b6fe277547a1e8c4608275ed9
618,Look Again: European Paintings 1300–1800,,2,Gallery 618,40.779513293,-73.964099094,False,4750a58b6fe277547a1e8c4608275ed9
619,Look Again: European Paintings 1300–1800,,2,Gallery 619,40.77969108,-73.964028066,False,def292b78d5a36f60af353e7d2701858
619,Look Again: European Paintings 1300–1800,,2,Gallery 619,40.77969108,-73.964028066,False,def292b78d5a36f60af353e7d2701858
619,Look Again: European Paintings 1300–1800,,2,Gallery 619,40.77969108,-73.964028066,False,def292b78d5a36f60af353e7d2701858
619,Look Again: European Paintings 1300–1800,,2,Gallery 619,40.77969108,-73.964028066,False,def292b78d5a36f60af353e7d2701858
619,Look Again: European Paintings 1300–1800,,2,Gallery 619,40.77969108,-73.964028066,False,def292b78d5a36f60af353e7d2701858
619,Look Again: European Paintings 1300–1800,,2,Gallery 619,40.77969108,-73.964028066,False,def292b78d5a36f60af353e7d2701858
619,Look Again: European Paintings 1300–1800,,2,Gallery 619,40.77969108,-73.964028066,False,def292b78d5a36f60af353e7d2701858
620,Look Again: European Paintings 1300–1800,,2,Gallery 620,40.779646848,-73.963946628,False,60651c958b2e70f837c0748de6c614ba
620,Look Again: European Paintings 1300–1800,,2,Gallery 620,40.779646848,-73.963946628,False,60651c958b2e70f837c0748de6c614ba
620,Look Again: European Paintings 1300–1800,,2,Gallery 620,40.779646848,-73.963946628,False,60651c958b2e70f837c0748de6c614ba
620,Look Again: European Paintings 1300–1800,,2,Gallery 620,40.779646848,-73.963946628,False,60651c958b2e70f837c0748de6c614ba
620,Look Again: European Paintings 1300–1800,,2,Gallery 620,40.779646848,-73.963946628,False,60651c958b2e70f837c0748de6c614ba
620,Look Again: European Paintings 1300–1800,,2,Gallery 620,40.779646848,-73.963946628,False,60651c958b2e70f837c0748de6c614ba
620,Look Again: European Paintings 1300–1800,,2,Gallery 620,40.779646848,-73.963946628,False,60651c958b2e70f837c0748de6c614ba
621,Look Again: European Paintings 1300–1800,,2,Gallery 621,40.779815855,-73.96387847,False,4314a5d69bc0ab2eab90baf850d5870e
621,Look Again: European Paintings 1300–1800,,2,Gallery 621,40.779815855,-73.96387847,False,4314a5d69bc0ab2eab90baf850d5870e
621,Look Again: European Paintings 1300–1800,,2,Gallery 621,40.779815855,-73.96387847,False,4314a5d69bc0ab2eab90baf850d5870e
621,Look Again: European Paintings 1300–1800,,2,Gallery 621,40.779815855,-73.96387847,False,4314a5d69bc0ab2eab90baf850d5870e
621,Look Again: European Paintings 1300–1800,,2,Gallery 621,40.779815855,-73.96387847,False,4314a5d69bc0ab2eab90baf850d5870e
621,Look Again: European Paintings 1300–1800,,2,Gallery 621,40.779815855,-73.96387847,False,4314a5d69bc0ab2eab90baf850d5870e
621,Look Again: European Paintings 1300–1800,,2,Gallery 621,40.779815855,-73.96387847,False,4314a5d69bc0ab2eab90baf850d5870e
622,Look Again: European Paintings 1300–1800,,2,Gallery 622,40.779925685,-73.963854347,False,cff8737bc74f177f04cbf05a03980525
622,Look Again: European Paintings 1300–1800,,2,Gallery 622,40.779925685,-73.963854347,False,cff8737bc74f177f04cbf05a03980525
622,Look Again: European Paintings 1300–1800,,2,Gallery 622,40.779925685,-73.963854347,False,cff8737bc74f177f04cbf05a03980525
622,Look Again: European Paintings 1300–1800,,2,Gallery 622,40.779925685,-73.963854347,False,cff8737bc74f177f04cbf05a03980525
622,Look Again: European Paintings 1300–1800,,2,Gallery 622,40.779925685,-73.963854347,False,cff8737bc74f177f04cbf05a03980525
622,Look Again: European Paintings 1300–1800,,2,Gallery 622,40.779925685,-73.963854347,False,cff8737bc74f177f04cbf05a03980525
622,Look Again: European Paintings 1300–1800,,2,Gallery 622,40.779925685,-73.963854347,False,cff8737bc74f177f04cbf05a03980525
623,Look Again: European Paintings 1300–1800,,2,Gallery 623,40.779889958,-73.963769555,False,338bbd664891dd8c9a31d82da8c0da37
623,Look Again: European Paintings 1300–1800,,2,Gallery 623,40.779889958,-73.963769555,False,338bbd664891dd8c9a31d82da8c0da37
623,Look Again: European Paintings 1300–1800,,2,Gallery 623,40.779889958,-73.963769555,False,338bbd664891dd8c9a31d82da8c0da37
623,Look Again: European Paintings 1300–1800,,2,Gallery 623,40.779889958,-73.963769555,False,338bbd664891dd8c9a31d82da8c0da37
623,Look Again: European Paintings 1300–1800,,2,Gallery 623,40.779889958,-73.963769555,False,338bbd664891dd8c9a31d82da8c0da37
623,Look Again: European Paintings 1300–1800,,2,Gallery 623,40.779889958,-73.963769555,False,338bbd664891dd8c9a31d82da8c0da37
623,Look Again: European Paintings 1300–1800,,2,Gallery 623,40.779889958,-73.963769555,False,338bbd664891dd8c9a31d82da8c0da37
624,Look Again: European Paintings 1300–1800,,2,Gallery 624,40.780030685,-73.963777781,False,1cdb276c334007a135478a8c3a0017f9
624,Look Again: European Paintings 1300–1800,,2,Gallery 624,40.780030685,-73.963777781,False,1cdb276c334007a135478a8c3a0017f9
624,Look Again: European Paintings 1300–1800,,2,Gallery 624,40.780030685,-73.963777781,False,1cdb276c334007a135478a8c3a0017f9
624,Look Again: European Paintings 1300–1800,,2,Gallery 624,40.780030685,-73.963777781,False,1cdb276c334007a135478a8c3a0017f9
624,Look Again: European Paintings 1300–1800,,2,Gallery 624,40.780030685,-73.963777781,False,1cdb276c334007a135478a8c3a0017f9
624,Look Again: European Paintings 1300–1800,,2,Gallery 624,40.780030685,-73.963777781,False,1cdb276c334007a135478a8c3a0017f9
624,Look Again: European Paintings 1300–1800,,2,Gallery 624,40.780030685,-73.963777781,False,1cdb276c334007a135478a8c3a0017f9
625,Look Again: European Paintings 1300–1800,,2,Gallery 625,40.779994958,-73.963692989,False,f5512e7a256971fa82be1bc70e6c94e4
625,Look Again: European Paintings 1300–1800,,2,Gallery 625,40.779994958,-73.963692989,False,f5512e7a256971fa82be1bc70e6c94e4
625,Look Again: European Paintings 1300–1800,,2,Gallery 625,40.779994958,-73.963692989,False,f5512e7a256971fa82be1bc70e6c94e4
625,Look Again: European Paintings 1300–1800,,2,Gallery 625,40.779994958,-73.963692989,False,f5512e7a256971fa82be1bc70e6c94e4
625,Look Again: European Paintings 1300–1800,,2,Gallery 625,40.779994958,-73.963692989,False,f5512e7a256971fa82be1bc70e6c94e4
625,Look Again: European Paintings 1300–1800,,2,Gallery 625,40.779994958,-73.963692989,False,f5512e7a256971fa82be1bc70e6c94e4
625,Look Again: European Paintings 1300–1800,,2,Gallery 625,40.779994958,-73.963692989,False,f5512e7a256971fa82be1bc70e6c94e4
626,Look Again: European Paintings 1300–1800,,2,Gallery 626,40.779950292,-73.96358698,False,ff01ac84516350eb9375185966bda784
626,Look Again: European Paintings 1300–1800,,2,Gallery 626,40.779950292,-73.96358698,False,ff01ac84516350eb9375185966bda784
626,Look Again: European Paintings 1300–1800,,2,Gallery 626,40.779950292,-73.96358698,False,ff01ac84516350eb9375185966bda784
626,Look Again: European Paintings 1300–1800,,2,Gallery 626,40.779950292,-73.96358698,False,ff01ac84516350eb9375185966bda784
626,Look Again: European Paintings 1300–1800,,2,Gallery 626,40.779950292,-73.96358698,False,ff01ac84516350eb9375185966bda784
626,Look Again: European Paintings 1300–1800,,2,Gallery 626,40.779950292,-73.96358698,False,ff01ac84516350eb9375185966bda784
626,Look Again: European Paintings 1300–1800,,2,Gallery 626,40.779950292,-73.96358698,False,ff01ac84516350eb9375185966bda784
627,Look Again: European Paintings 1300–1800,,2,Gallery 627,40.77989915,-73.963465604,False,cccddfa160faa5cf69f72870879bbb1b
627,Look Again: European Paintings 1300–1800,,2,Gallery 627,40.77989915,-73.963465604,False,cccddfa160faa5cf69f72870879bbb1b
627,Look Again: European Paintings 1300–1800,,2,Gallery 627,40.77989915,-73.963465604,False,cccddfa160faa5cf69f72870879bbb1b
627,Look Again: European Paintings 1300–1800,,2,Gallery 627,40.77989915,-73.963465604,False,cccddfa160faa5cf69f72870879bbb1b
627,Look Again: European Paintings 1300–1800,,2,Gallery 627,40.77989915,-73.963465604,False,cccddfa160faa5cf69f72870879bbb1b
627,Look Again: European Paintings 1300–1800,,2,Gallery 627,40.77989915,-73.963465604,False,cccddfa160faa5cf69f72870879bbb1b
627,Look Again: European Paintings 1300–1800,,2,Gallery 627,40.77989915,-73.963465604,False,cccddfa160faa5cf69f72870879bbb1b
628,Look Again: European Paintings 1300–1800,,2,Gallery 628,40.779848413,-73.963345189,False,3773d9a5d03f6490f385159ab3918722
628,Look Again: European Paintings 1300–1800,,2,Gallery 628,40.779848413,-73.963345189,False,3773d9a5d03f6490f385159ab3918722
628,Look Again: European Paintings 1300–1800,,2,Gallery 628,40.779848413,-73.963345189,False,3773d9a5d03f6490f385159ab3918722
628,Look Again: European Paintings 1300–1800,,2,Gallery 628,40.779848413,-73.963345189,False,3773d9a5d03f6490f385159ab3918722
628,Look Again: European Paintings 1300–1800,,2,Gallery 628,40.779848413,-73.963345189,False,3773d9a5d03f6490f385159ab3918722
628,Look Again: European Paintings 1300–1800,,2,Gallery 628,40.779848413,-73.963345189,False,3773d9a5d03f6490f385159ab3918722
628,Look Again: European Paintings 1300–1800,,2,Gallery 628,40.779848413,-73.963345189,False,3773d9a5d03f6490f385159ab3918722
629,Look Again: European Paintings 1300–1800,,2,Gallery 629,40.779804132,-73.963240096,False,ae7f5b71d9af3f7afec993db900351d5
629,Look Again: European Paintings 1300–1800,,2,Gallery 629,40.779804132,-73.963240096,False,ae7f5b71d9af3f7afec993db900351d5
629,Look Again: European Paintings 1300–1800,,2,Gallery 629,40.779804132,-73.963240096,False,ae7f5b71d9af3f7afec993db900351d5
629,Look Again: European Paintings 1300–1800,,2,Gallery 629,40.779804132,-73.963240096,False,ae7f5b71d9af3f7afec993db900351d5
629,Look Again: European Paintings 1300–1800,,2,Gallery 629,40.779804132,-73.963240096,False,ae7f5b71d9af3f7afec993db900351d5
629,Look Again: European Paintings 1300–1800,,2,Gallery 629,40.779804132,-73.963240096,False,ae7f5b71d9af3f7afec993db900351d5
629,Look Again: European Paintings 1300–1800,,2,Gallery 629,40.779804132,-73.963240096,False,ae7f5b71d9af3f7afec993db900351d5
630,Look Again: European Paintings 1300–1800,,2,Gallery 630,40.779768016,-73.963154384,False,3c38632c22962991d09d61cb6b420789
630,Look Again: European Paintings 1300–1800,,2,Gallery 630,40.779768016,-73.963154384,False,3c38632c22962991d09d61cb6b420789
630,Look Again: European Paintings 1300–1800,,2,Gallery 630,40.779768016,-73.963154384,False,3c38632c22962991d09d61cb6b420789
630,Look Again: European Paintings 1300–1800,,2,Gallery 630,40.779768016,-73.963154384,False,3c38632c22962991d09d61cb6b420789
630,Look Again: European Paintings 1300–1800,,2,Gallery 630,40.779768016,-73.963154384,False,3c38632c22962991d09d61cb6b420789
630,Look Again: European Paintings 1300–1800,,2,Gallery 630,40.779768016,-73.963154384,False,3c38632c22962991d09d61cb6b420789
630,Look Again: European Paintings 1300–1800,,2,Gallery 630,40.779768016,-73.963154384,False,3c38632c22962991d09d61cb6b420789
631,Look Again: European Paintings 1300–1800,,2,Gallery 631,40.779699187,-73.963316622,True,2f3100d10cef2116179f5ed6e325c5f2
631,Look Again: European Paintings 1300–1800,,2,Gallery 631,40.779699187,-73.963316622,True,2f3100d10cef2116179f5ed6e325c5f2
631,Look Again: European Paintings 1300–1800,,2,Gallery 631,40.779699187,-73.963316622,True,2f3100d10cef2116179f5ed6e325c5f2
631,Look Again: European Paintings 1300–1800,,2,Gallery 631,40.779699187,-73.963316622,True,2f3100d10cef2116179f5ed6e325c5f2
631,Look Again: European Paintings 1300–1800,,2,Gallery 631,40.779699187,-73.963316622,True,2f3100d10cef2116179f5ed6e325c5f2
631,Look Again: European Paintings 1300–1800,,2,Gallery 631,40.779699187,-73.963316622,True,2f3100d10cef2116179f5ed6e325c5f2
631,Look Again: European Paintings 1300–1800,,2,Gallery 631,40.779699187,-73.963316622,True,2f3100d10cef2116179f5ed6e325c5f2
632,Look Again: European Paintings 1300–1800,,2,Gallery 632,40.779663072,-73.96323091,True,de097eeb5f06b9d9cc165e310b102f95
632,Look Again: European Paintings 1300–1800,,2,Gallery 632,40.779663072,-73.96323091,True,de097eeb5f06b9d9cc165e310b102f95
632,Look Again: European Paintings 1300–1800,,2,Gallery 632,40.779663072,-73.96323091,True,de097eeb5f06b9d9cc165e310b102f95
632,Look Again: European Paintings 1300–1800,,2,Gallery 632,40.779663072,-73.96323091,True,de097eeb5f06b9d9cc165e310b102f95
632,Look Again: European Paintings 1300–1800,,2,Gallery 632,40.779663072,-73.96323091,True,de097eeb5f06b9d9cc165e310b102f95
632,Look Again: European Paintings 1300–1800,,2,Gallery 632,40.779663072,-73.96323091,True,de097eeb5f06b9d9cc165e310b102f95
632,Look Again: European Paintings 1300–1800,,2,Gallery 632,40.779663072,-73.96323091,True,de097eeb5f06b9d9cc165e310b102f95
633,Look Again: European Paintings 1300–1800,,2,Gallery 633,40.779571281,-73.963297844,True,a32956c74956d5c59d7a252fd86a4e2e
633,Look Again: European Paintings 1300–1800,,2,Gallery 633,40.779571281,-73.963297844,True,a32956c74956d5c59d7a252fd86a4e2e
633,Look Again: European Paintings 1300–1800,,2,Gallery 633,40.779571281,-73.963297844,True,a32956c74956d5c59d7a252fd86a4e2e
633,Look Again: European Paintings 1300–1800,,2,Gallery 633,40.779571281,-73.963297844,True,a32956c74956d5c59d7a252fd86a4e2e
633,Look Again: European Paintings 1300–1800,,2,Gallery 633,40.779571281,-73.963297844,True,a32956c74956d5c59d7a252fd86a4e2e
633,Look Again: European Paintings 1300–1800,,2,Gallery 633,40.779571281,-73.963297844,True,a32956c74956d5c59d7a252fd86a4e2e
633,Look Again: European Paintings 1300–1800,,2,Gallery 633,40.779571281,-73.963297844,True,a32956c74956d5c59d7a252fd86a4e2e
634,Look Again: European Paintings 1300–1800,,2,Gallery 634,40.779607396,-73.963383556,False,a80a2f9e7d28d22db1b552d45ff76c60
634,Look Again: European Paintings 1300–1800,,2,Gallery 634,40.779607396,-73.963383556,False,a80a2f9e7d28d22db1b552d45ff76c60
634,Look Again: European Paintings 1300–1800,,2,Gallery 634,40.779607396,-73.963383556,False,a80a2f9e7d28d22db1b552d45ff76c60
634,Look Again: European Paintings 1300–1800,,2,Gallery 634,40.779607396,-73.963383556,False,a80a2f9e7d28d22db1b552d45ff76c60
634,Look Again: European Paintings 1300–1800,,2,Gallery 634,40.779607396,-73.963383556,False,a80a2f9e7d28d22db1b552d45ff76c60
634,Look Again: European Paintings 1300–1800,,2,Gallery 634,40.779607396,-73.963383556,False,a80a2f9e7d28d22db1b552d45ff76c60
634,Look Again: European Paintings 1300–1800,,2,Gallery 634,40.779607396,-73.963383556,False,a80a2f9e7d28d22db1b552d45ff76c60
635,Look Again: European Paintings 1300–1800,,2,Gallery 635,40.779412448,-73.963648029,False,9778cbf5b36cf5a567145586344d95d3
635,Look Again: European Paintings 1300–1800,,2,Gallery 635,40.779412448,-73.963648029,False,9778cbf5b36cf5a567145586344d95d3
635,Look Again: European Paintings 1300–1800,,2,Gallery 635,40.779412448,-73.963648029,False,9778cbf5b36cf5a567145586344d95d3
635,Look Again: European Paintings 1300–1800,,2,Gallery 635,40.779412448,-73.963648029,False,9778cbf5b36cf5a567145586344d95d3
635,Look Again: European Paintings 1300–1800,,2,Gallery 635,40.779412448,-73.963648029,False,9778cbf5b36cf5a567145586344d95d3
635,Look Again: European Paintings 1300–1800,,2,Gallery 635,40.779412448,-73.963648029,False,9778cbf5b36cf5a567145586344d95d3
635,Look Again: European Paintings 1300–1800,,2,Gallery 635,40.779412448,-73.963648029,False,9778cbf5b36cf5a567145586344d95d3
636,Look Again: European Paintings 1300–1800,,2,Gallery 636,40.779468021,-73.963779921,False,cd527b94676fc211dacf0294d7e3d148
636,Look Again: European Paintings 1300–1800,,2,Gallery 636,40.779468021,-73.963779921,False,cd527b94676fc211dacf0294d7e3d148
636,Look Again: European Paintings 1300–1800,,2,Gallery 636,40.779468021,-73.963779921,False,cd527b94676fc211dacf0294d7e3d148
636,Look Again: European Paintings 1300–1800,,2,Gallery 636,40.779468021,-73.963779921,False,cd527b94676fc211dacf0294d7e3d148
636,Look Again: European Paintings 1300–1800,,2,Gallery 636,40.779468021,-73.963779921,False,cd527b94676fc211dacf0294d7e3d148
636,Look Again: European Paintings 1300–1800,,2,Gallery 636,40.779468021,-73.963779921,False,cd527b94676fc211dacf0294d7e3d148
636,Look Again: European Paintings 1300–1800,,2,Gallery 636,40.779468021,-73.963779921,False,cd527b94676fc211dacf0294d7e3d148
637,Look Again: European Paintings 1300–1800,,2,Gallery 637,40.779524018,-73.96391282,False,ff5ffa9392d05876c02131b8ceebd3ee
637,Look Again: European Paintings 1300–1800,,2,Gallery 637,40.779524018,-73.96391282,False,ff5ffa9392d05876c02131b8ceebd3ee
637,Look Again: European Paintings 1300–1800,,2,Gallery 637,40.779524018,-73.96391282,False,ff5ffa9392d05876c02131b8ceebd3ee
637,Look Again: European Paintings 1300–1800,,2,Gallery 637,40.779524018,-73.96391282,False,ff5ffa9392d05876c02131b8ceebd3ee
637,Look Again: European Paintings 1300–1800,,2,Gallery 637,40.779524018,-73.96391282,False,ff5ffa9392d05876c02131b8ceebd3ee
637,Look Again: European Paintings 1300–1800,,2,Gallery 637,40.779524018,-73.96391282,False,ff5ffa9392d05876c02131b8ceebd3ee
637,Look Again: European Paintings 1300–1800,,2,Gallery 637,40.779524018,-73.96391282,False,ff5ffa9392d05876c02131b8ceebd3ee
638,Ecologies of Painting,Constance and Walter Burke Gallery,2,Gallery 638,40.779583433,-73.963538411,False,265adbe5c37af52c881c9c2413014463
638,Ecologies of Painting,Constance and Walter Burke Gallery,2,Gallery 638,40.779583433,-73.963538411,False,265adbe5c37af52c881c9c2413014463
638,Ecologies of Painting,Constance and Walter Burke Gallery,2,Gallery 638,40.779583433,-73.963538411,False,265adbe5c37af52c881c9c2413014463
638,Ecologies of Painting,Constance and Walter Burke Gallery,2,Gallery 638,40.779583433,-73.963538411,False,265adbe5c37af52c881c9c2413014463
638,Ecologies of Painting,Constance and Walter Burke Gallery,2,Gallery 638,40.779583433,-73.963538411,False,265adbe5c37af52c881c9c2413014463
638,Ecologies of Painting,Constance and Walter Burke Gallery,2,Gallery 638,40.779583433,-73.963538411,False,265adbe5c37af52c881c9c2413014463
638,Ecologies of Painting,Constance and Walter Burke Gallery,2,Gallery 638,40.779583433,-73.963538411,False,265adbe5c37af52c881c9c2413014463
639,Look Again: European Paintings 1300–1800,,2,Gallery 639,40.779634173,-73.963658823,False,231a9ad8597c6e2e598b2e48b7a40a75
639,Look Again: European Paintings 1300–1800,,2,Gallery 639,40.779634173,-73.963658823,False,231a9ad8597c6e2e598b2e48b7a40a75
639,Look Again: European Paintings 1300–1800,,2,Gallery 639,40.779634173,-73.963658823,False,231a9ad8597c6e2e598b2e48b7a40a75
639,Look Again: European Paintings 1300–1800,,2,Gallery 639,40.779634173,-73.963658823,False,231a9ad8597c6e2e598b2e48b7a40a75
639,Look Again: European Paintings 1300–1800,,2,Gallery 639,40.779634173,-73.963658823,False,231a9ad8597c6e2e598b2e48b7a40a75
639,Look Again: European Paintings 1300–1800,,2,Gallery 639,40.779634173,-73.963658823,False,231a9ad8597c6e2e598b2e48b7a40a75
639,Look Again: European Paintings 1300–1800,,2,Gallery 639,40.779634173,-73.963658823,False,231a9ad8597c6e2e598b2e48b7a40a75
640,Look Again: European Paintings 1300–1800,,2,Gallery 640,40.779685312,-73.963780202,False,95f6f364fbcea423ebbb36048456cf04
640,Look Again: European Paintings 1300–1800,,2,Gallery 640,40.779685312,-73.963780202,False,95f6f364fbcea423ebbb36048456cf04
640,Look Again: European Paintings 1300–1800,,2,Gallery 640,40.779685312,-73.963780202,False,95f6f364fbcea423ebbb36048456cf04
640,Look Again: European Paintings 1300–1800,,2,Gallery 640,40.779685312,-73.963780202,False,95f6f364fbcea423ebbb36048456cf04
640,Look Again: European Paintings 1300–1800,,2,Gallery 640,40.779685312,-73.963780202,False,95f6f364fbcea423ebbb36048456cf04
640,Look Again: European Paintings 1300–1800,,2,Gallery 640,40.779685312,-73.963780202,False,95f6f364fbcea423ebbb36048456cf04
640,Look Again: European Paintings 1300–1800,,2,Gallery 640,40.779685312,-73.963780202,False,95f6f364fbcea423ebbb36048456cf04
641,Look Again: European Paintings 1300–1800,,2,Gallery 641,40.779651677,-73.963488649,False,038fbaef60068f6301f1e9f45f250b5e
641,Look Again: European Paintings 1300–1800,,2,Gallery 641,40.779651677,-73.963488649,False,038fbaef60068f6301f1e9f45f250b5e
641,Look Again: European Paintings 1300–1800,,2,Gallery 641,40.779651677,-73.963488649,False,038fbaef60068f6301f1e9f45f250b5e
641,Look Again: European Paintings 1300–1800,,2,Gallery 641,40.779651677,-73.963488649,False,038fbaef60068f6301f1e9f45f250b5e
641,Look Again: European Paintings 1300–1800,,2,Gallery 641,40.779651677,-73.963488649,False,038fbaef60068f6301f1e9f45f250b5e
641,Look Again: European Paintings 1300–1800,,2,Gallery 641,40.779651677,-73.963488649,False,038fbaef60068f6301f1e9f45f250b5e
641,Look Again: European Paintings 1300–1800,,2,Gallery 641,40.779651677,-73.963488649,False,038fbaef60068f6301f1e9f45f250b5e
642,Look Again: European Paintings 1300–1800,,2,Gallery 642,40.779698723,-73.963611754,False,38d94c919730f344a35b99de3145cc35
642,Look Again: European Paintings 1300–1800,,2,Gallery 642,40.779698723,-73.963611754,False,38d94c919730f344a35b99de3145cc35
642,Look Again: European Paintings 1300–1800,,2,Gallery 642,40.779698723,-73.963611754,False,38d94c919730f344a35b99de3145cc35
642,Look Again: European Paintings 1300–1800,,2,Gallery 642,40.779698723,-73.963611754,False,38d94c919730f344a35b99de3145cc35
642,Look Again: European Paintings 1300–1800,,2,Gallery 642,40.779698723,-73.963611754,False,38d94c919730f344a35b99de3145cc35
642,Look Again: European Paintings 1300–1800,,2,Gallery 642,40.779698723,-73.963611754,False,38d94c919730f344a35b99de3145cc35
642,Look Again: European Paintings 1300–1800,,2,Gallery 642,40.779698723,-73.963611754,False,38d94c919730f344a35b99de3145cc35
643,Look Again: European Paintings 1300–1800,,2,Gallery 643,40.779758667,-73.963568043,False,1861be0340b39ce3a0d3b26014848bc1
643,Look Again: European Paintings 1300–1800,,2,Gallery 643,40.779758667,-73.963568043,False,1861be0340b39ce3a0d3b26014848bc1
643,Look Again: European Paintings 1300–1800,,2,Gallery 643,40.779758667,-73.963568043,False,1861be0340b39ce3a0d3b26014848bc1
643,Look Again: European Paintings 1300–1800,,2,Gallery 643,40.779758667,-73.963568043,False,1861be0340b39ce3a0d3b26014848bc1
643,Look Again: European Paintings 1300–1800,,2,Gallery 643,40.779758667,-73.963568043,False,1861be0340b39ce3a0d3b26014848bc1
643,Look Again: European Paintings 1300–1800,,2,Gallery 643,40.779758667,-73.963568043,False,1861be0340b39ce3a0d3b26014848bc1
643,Look Again: European Paintings 1300–1800,,2,Gallery 643,40.779758667,-73.963568043,False,1861be0340b39ce3a0d3b26014848bc1
644,Look Again: European Paintings 1300–1800,,2,Gallery 644,40.77981923,-73.963523881,False,d91568846e4f3ca0783c3dcd6b36a18f
644,Look Again: European Paintings 1300–1800,,2,Gallery 644,40.77981923,-73.963523881,False,d91568846e4f3ca0783c3dcd6b36a18f
644,Look Again: European Paintings 1300–1800,,2,Gallery 644,40.77981923,-73.963523881,False,d91568846e4f3ca0783c3dcd6b36a18f
644,Look Again: European Paintings 1300–1800,,2,Gallery 644,40.77981923,-73.963523881,False,d91568846e4f3ca0783c3dcd6b36a18f
644,Look Again: European Paintings 1300–1800,,2,Gallery 644,40.77981923,-73.963523881,False,d91568846e4f3ca0783c3dcd6b36a18f
644,Look Again: European Paintings 1300–1800,,2,Gallery 644,40.77981923,-73.963523881,False,d91568846e4f3ca0783c3dcd6b36a18f
644,Look Again: European Paintings 1300–1800,,2,Gallery 644,40.77981923,-73.963523881,False,d91568846e4f3ca0783c3dcd6b36a18f
680,Musical Instruments,The André Mertens Galleries for Musical Instruments,2,Gallery 680,40.779884175,-73.96318275,False,614b76db0d5f9c263c194dd7f65d1629
680,Musical Instruments,The André Mertens Galleries for Musical Instruments,2,Gallery 680,40.779884175,-73.96318275,False,614b76db0d5f9c263c194dd7f65d1629
680,Musical Instruments,The André Mertens Galleries for Musical Instruments,2,Gallery 680,40.779884175,-73.96318275,False,614b76db0d5f9c263c194dd7f65d1629
680,Musical Instruments,The André Mertens Galleries for Musical Instruments,2,Gallery 680,40.779884175,-73.96318275,False,614b76db0d5f9c263c194dd7f65d1629
680,Musical Instruments,The André Mertens Galleries for Musical Instruments,2,Gallery 680,40.779884175,-73.96318275,False,614b76db0d5f9c263c194dd7f65d1629
680,Musical Instruments,The André Mertens Galleries for Musical Instruments,2,Gallery 680,40.779884175,-73.96318275,False,614b76db0d5f9c263c194dd7f65d1629
680,Musical Instruments,The André Mertens Galleries for Musical Instruments,2,Gallery 680,40.779884175,-73.96318275,False,614b76db0d5f9c263c194dd7f65d1629
681,Musical Instruments,The André Mertens Galleries for Musical Instruments,2,Gallery 681,40.779978701,-73.962974486,False,e00a437e265b5670c8cf974696fc6f23
681,Musical Instruments,The André Mertens Galleries for Musical Instruments,2,Gallery 681,40.779978701,-73.962974486,False,e00a437e265b5670c8cf974696fc6f23
681,Musical Instruments,The André Mertens Galleries for Musical Instruments,2,Gallery 681,40.779978701,-73.962974486,False,e00a437e265b5670c8cf974696fc6f23
681,Musical Instruments,The André Mertens Galleries for Musical Instruments,2,Gallery 681,40.779978701,-73.962974486,False,e00a437e265b5670c8cf974696fc6f23
681,Musical Instruments,The André Mertens Galleries for Musical Instruments,2,Gallery 681,40.779978701,-73.962974486,False,e00a437e265b5670c8cf974696fc6f23
681,Musical Instruments,The André Mertens Galleries for Musical Instruments,2,Gallery 681,40.779978701,-73.962974486,False,e00a437e265b5670c8cf974696fc6f23
681,Musical Instruments,The André Mertens Galleries for Musical Instruments,2,Gallery 681,40.779978701,-73.962974486,False,e00a437e265b5670c8cf974696fc6f23
682,Musical Instruments,The André Mertens Galleries for Musical Instruments,2,Gallery 682,40.78016028,-73.962807863,False,2ae88cd55b17ed6cb45dfe8823f66a12
682,Musical Instruments,The André Mertens Galleries for Musical Instruments,2,Gallery 682,40.78016028,-73.962807863,False,2ae88cd55b17ed6cb45dfe8823f66a12
682,Musical Instruments,The André Mertens Galleries for Musical Instruments,2,Gallery 682,40.78016028,-73.962807863,False,2ae88cd55b17ed6cb45dfe8823f66a12
682,Musical Instruments,The André Mertens Galleries for Musical Instruments,2,Gallery 682,40.78016028,-73.962807863,False,2ae88cd55b17ed6cb45dfe8823f66a12
682,Musical Instruments,The André Mertens Galleries for Musical Instruments,2,Gallery 682,40.78016028,-73.962807863,False,2ae88cd55b17ed6cb45dfe8823f66a12
682,Musical Instruments,The André Mertens Galleries for Musical Instruments,2,Gallery 682,40.78016028,-73.962807863,False,2ae88cd55b17ed6cb45dfe8823f66a12
682,Musical Instruments,The André Mertens Galleries for Musical Instruments,2,Gallery 682,40.78016028,-73.962807863,False,2ae88cd55b17ed6cb45dfe8823f66a12
683,Musical Instruments,The André Mertens Galleries for Musical Instruments,2,Gallery 683,40.780209974,-73.96295181,False,64d786842e2576f81292e9b3aa3fc6a3
683,Musical Instruments,The André Mertens Galleries for Musical Instruments,2,Gallery 683,40.780209974,-73.96295181,False,64d786842e2576f81292e9b3aa3fc6a3
683,Musical Instruments,The André Mertens Galleries for Musical Instruments,2,Gallery 683,40.780209974,-73.96295181,False,64d786842e2576f81292e9b3aa3fc6a3
683,Musical Instruments,The André Mertens Galleries for Musical Instruments,2,Gallery 683,40.780209974,-73.96295181,False,64d786842e2576f81292e9b3aa3fc6a3
683,Musical Instruments,The André Mertens Galleries for Musical Instruments,2,Gallery 683,40.780209974,-73.96295181,False,64d786842e2576f81292e9b3aa3fc6a3
683,Musical Instruments,The André Mertens Galleries for Musical Instruments,2,Gallery 683,40.780209974,-73.96295181,False,64d786842e2576f81292e9b3aa3fc6a3
683,Musical Instruments,The André Mertens Galleries for Musical Instruments,2,Gallery 683,40.780209974,-73.96295181,False,64d786842e2576f81292e9b3aa3fc6a3
684,Musical Instruments,The André Mertens Galleries for Musical Instruments,2,Gallery 684,40.780070181,-73.963188445,False,93a5d1090507d8c55ac171847f46d3f2
684,Musical Instruments,The André Mertens Galleries for Musical Instruments,2,Gallery 684,40.780070181,-73.963188445,False,93a5d1090507d8c55ac171847f46d3f2
684,Musical Instruments,The André Mertens Galleries for Musical Instruments,2,Gallery 684,40.780070181,-73.963188445,False,93a5d1090507d8c55ac171847f46d3f2
684,Musical Instruments,The André Mertens Galleries for Musical Instruments,2,Gallery 684,40.780070181,-73.963188445,False,93a5d1090507d8c55ac171847f46d3f2
684,Musical Instruments,The André Mertens Galleries for Musical Instruments,2,Gallery 684,40.780070181,-73.963188445,False,93a5d1090507d8c55ac171847f46d3f2
684,Musical Instruments,The André Mertens Galleries for Musical Instruments,2,Gallery 684,40.780070181,-73.963188445,False,93a5d1090507d8c55ac171847f46d3f2
684,Musical Instruments,The André Mertens Galleries for Musical Instruments,2,Gallery 684,40.780070181,-73.963188445,False,93a5d1090507d8c55ac171847f46d3f2
690,Independence and Identity: Selections from the Department of Drawings and Prints,,2,Gallery 690,40.779186733,-73.963454129,False,72411fa1f07c33e4fd36dec66d94c3d5
690,Independence and Identity: Selections from the Department of Drawings and Prints,,2,Gallery 690,40.779186733,-73.963454129,False,72411fa1f07c33e4fd36dec66d94c3d5
690,Independence and Identity: Selections from the Department of Drawings and Prints,,2,Gallery 690,40.779186733,-73.963454129,False,72411fa1f07c33e4fd36dec66d94c3d5
690,Independence and Identity: Selections from the Department of Drawings and Prints,,2,Gallery 690,40.779186733,-73.963454129,False,72411fa1f07c33e4fd36dec66d94c3d5
690,Independence and Identity: Selections from the Department of Drawings and Prints,,2,Gallery 690,40.779186733,-73.963454129,False,72411fa1f07c33e4fd36dec66d94c3d5
690,Independence and Identity: Selections from the Department of Drawings and Prints,,2,Gallery 690,40.779186733,-73.963454129,False,72411fa1f07c33e4fd36dec66d94c3d5
690,Independence and Identity: Selections from the Department of Drawings and Prints,,2,Gallery 690,40.779186733,-73.963454129,False,72411fa1f07c33e4fd36dec66d94c3d5
691,Gothic by Design: The Dawn of Architectural Draftsmanship,,2,Gallery 691,40.778829985,-73.963609985,False,2a86f206d11c45f30e93e322de675c7b
691,Gothic by Design: The Dawn of Architectural Draftsmanship,,2,Gallery 691,40.778829985,-73.963609985,False,2a86f206d11c45f30e93e322de675c7b
691,Gothic by Design: The Dawn of Architectural Draftsmanship,,2,Gallery 691,40.778829985,-73.963609985,False,2a86f206d11c45f30e93e322de675c7b
691,Gothic by Design: The Dawn of Architectural Draftsmanship,,2,Gallery 691,40.778829985,-73.963609985,False,2a86f206d11c45f30e93e322de675c7b
691,Gothic by Design: The Dawn of Architectural Draftsmanship,,2,Gallery 691,40.778829985,-73.963609985,False,2a86f206d11c45f30e93e322de675c7b
691,Gothic by Design: The Dawn of Architectural Draftsmanship,,2,Gallery 691,40.778829985,-73.963609985,False,2a86f206d11c45f30e93e322de675c7b
691,Gothic by Design: The Dawn of Architectural Draftsmanship,,2,Gallery 691,40.778829985,-73.963609985,False,2a86f206d11c45f30e93e322de675c7b
692,Gothic by Design: The Dawn of Architectural Draftsmanship,,2,Gallery 692,40.77874446,-73.963613421,False,baa3cd9917f1bfcf44ecbbf4b25217d5
692,Gothic by Design: The Dawn of Architectural Draftsmanship,,2,Gallery 692,40.77874446,-73.963613421,False,baa3cd9917f1bfcf44ecbbf4b25217d5
692,Gothic by Design: The Dawn of Architectural Draftsmanship,,2,Gallery 692,40.77874446,-73.963613421,False,baa3cd9917f1bfcf44ecbbf4b25217d5
692,Gothic by Design: The Dawn of Architectural Draftsmanship,,2,Gallery 692,40.77874446,-73.963613421,False,baa3cd9917f1bfcf44ecbbf4b25217d5
692,Gothic by Design: The Dawn of Architectural Draftsmanship,,2,Gallery 692,40.77874446,-73.963613421,False,baa3cd9917f1bfcf44ecbbf4b25217d5
692,Gothic by Design: The Dawn of Architectural Draftsmanship,,2,Gallery 692,40.77874446,-73.963613421,False,baa3cd9917f1bfcf44ecbbf4b25217d5
692,Gothic by Design: The Dawn of Architectural Draftsmanship,,2,Gallery 692,40.77874446,-73.963613421,False,baa3cd9917f1bfcf44ecbbf4b25217d5
693,Gothic by Design: The Dawn of Architectural Draftsmanship,,2,Gallery 693,40.778707111,-73.963699582,False,450d1b9edc84f18a8a04b9fd85e44075
693,Gothic by Design: The Dawn of Architectural Draftsmanship,,2,Gallery 693,40.778707111,-73.963699582,False,450d1b9edc84f18a8a04b9fd85e44075
693,Gothic by Design: The Dawn of Architectural Draftsmanship,,2,Gallery 693,40.778707111,-73.963699582,False,450d1b9edc84f18a8a04b9fd85e44075
693,Gothic by Design: The Dawn of Architectural Draftsmanship,,2,Gallery 693,40.778707111,-73.963699582,False,450d1b9edc84f18a8a04b9fd85e44075
693,Gothic by Design: The Dawn of Architectural Draftsmanship,,2,Gallery 693,40.778707111,-73.963699582,False,450d1b9edc84f18a8a04b9fd85e44075
693,Gothic by Design: The Dawn of Architectural Draftsmanship,,2,Gallery 693,40.778707111,-73.963699582,False,450d1b9edc84f18a8a04b9fd85e44075
693,Gothic by Design: The Dawn of Architectural Draftsmanship,,2,Gallery 693,40.778707111,-73.963699582,False,450d1b9edc84f18a8a04b9fd85e44075
700,The Charles Engelhard Court,,1,Gallery 700,40.780180919,-73.963457527,False,0b0729e35f31966b91561ae41ad4645e
700,The Charles Engelhard Court,,1,Gallery 700,40.780180919,-73.963457527,False,0b0729e35f31966b91561ae41ad4645e
700,The Charles Engelhard Court,,1,Gallery 700,40.780180919,-73.963457527,False,0b0729e35f31966b91561ae41ad4645e
700,The Charles Engelhard Court,,1,Gallery 700,40.780180919,-73.963457527,False,0b0729e35f31966b91561ae41ad4645e
700,The Charles Engelhard Court,,1,Gallery 700,40.780180919,-73.963457527,False,0b0729e35f31966b91561ae41ad4645e
700,The Charles Engelhard Court,,1,Gallery 700,40.780180919,-73.963457527,False,0b0729e35f31966b91561ae41ad4645e
700,The Charles Engelhard Court,,1,Gallery 700,40.780180919,-73.963457527,False,0b0729e35f31966b91561ae41ad4645e
701,The Charles Engelhard Court—South End,,1,Gallery 701,40.78006015,-73.963545591,False,bf64ab1eaf2c1a9279d5c9283a372989
701,The Charles Engelhard Court—South End,,1,Gallery 701,40.78006015,-73.963545591,False,bf64ab1eaf2c1a9279d5c9283a372989
701,The Charles Engelhard Court—South End,,1,Gallery 701,40.78006015,-73.963545591,False,bf64ab1eaf2c1a9279d5c9283a372989
701,The Charles Engelhard Court—South End,,1,Gallery 701,40.78006015,-73.963545591,False,bf64ab1eaf2c1a9279d5c9283a372989
701,The Charles Engelhard Court—South End,,1,Gallery 701,40.78006015,-73.963545591,False,bf64ab1eaf2c1a9279d5c9283a372989
701,The Charles Engelhard Court—South End,,1,Gallery 701,40.78006015,-73.963545591,False,bf64ab1eaf2c1a9279d5c9283a372989
701,The Charles Engelhard Court—South End,,1,Gallery 701,40.78006015,-73.963545591,False,bf64ab1eaf2c1a9279d5c9283a372989
703,Anthony W. and Lulu C. Wang Galleries of Eighteenth-Century American Art,Anthony W. and Lulu C. Wang Galleries of Eighteenth-Century American Art,2,Gallery 703,40.78033321,-73.963122581,False,e028cbd589728036062d0c55f35268ca
703,Anthony W. and Lulu C. Wang Galleries of Eighteenth-Century American Art,Anthony W. and Lulu C. Wang Galleries of Eighteenth-Century American Art,2,Gallery 703,40.78033321,-73.963122581,False,e028cbd589728036062d0c55f35268ca
703,Anthony W. and Lulu C. Wang Galleries of Eighteenth-Century American Art,Anthony W. and Lulu C. Wang Galleries of Eighteenth-Century American Art,2,Gallery 703,40.78033321,-73.963122581,False,e028cbd589728036062d0c55f35268ca
703,Anthony W. and Lulu C. Wang Galleries of Eighteenth-Century American Art,Anthony W. and Lulu C. Wang Galleries of Eighteenth-Century American Art,2,Gallery 703,40.78033321,-73.963122581,False,e028cbd589728036062d0c55f35268ca
703,Anthony W. and Lulu C. Wang Galleries of Eighteenth-Century American Art,Anthony W. and Lulu C. Wang Galleries of Eighteenth-Century American Art,2,Gallery 703,40.78033321,-73.963122581,False,e028cbd589728036062d0c55f35268ca
703,Anthony W. and Lulu C. Wang Galleries of Eighteenth-Century American Art,Anthony W. and Lulu C. Wang Galleries of Eighteenth-Century American Art,2,Gallery 703,40.78033321,-73.963122581,False,e028cbd589728036062d0c55f35268ca
703,Anthony W. and Lulu C. Wang Galleries of Eighteenth-Century American Art,Anthony W. and Lulu C. Wang Galleries of Eighteenth-Century American Art,2,Gallery 703,40.78033321,-73.963122581,False,e028cbd589728036062d0c55f35268ca
704,"Silver, Pewter, Ceramics, and Glass",,2,Gallery 704,40.780133246,-73.96327878,False,bcb60e10856fff06ad34b809e0bf92e3
704,"Silver, Pewter, Ceramics, and Glass",,2,Gallery 704,40.780133246,-73.96327878,False,bcb60e10856fff06ad34b809e0bf92e3
704,"Silver, Pewter, Ceramics, and Glass",,2,Gallery 704,40.780133246,-73.96327878,False,bcb60e10856fff06ad34b809e0bf92e3
704,"Silver, Pewter, Ceramics, and Glass",,2,Gallery 704,40.780133246,-73.96327878,False,bcb60e10856fff06ad34b809e0bf92e3
704,"Silver, Pewter, Ceramics, and Glass",,2,Gallery 704,40.780133246,-73.96327878,False,bcb60e10856fff06ad34b809e0bf92e3
704,"Silver, Pewter, Ceramics, and Glass",,2,Gallery 704,40.780133246,-73.96327878,False,bcb60e10856fff06ad34b809e0bf92e3
704,"Silver, Pewter, Ceramics, and Glass",,2,Gallery 704,40.780133246,-73.96327878,False,bcb60e10856fff06ad34b809e0bf92e3
705,"Silver, Ceramics, and Glass",,2,Gallery 705,40.78006015,-73.963545591,False,deb927242886b3da7993d7fa65ab757c
705,"Silver, Ceramics, and Glass",,2,Gallery 705,40.78006015,-73.963545591,False,deb927242886b3da7993d7fa65ab757c
705,"Silver, Ceramics, and Glass",,2,Gallery 705,40.78006015,-73.963545591,False,deb927242886b3da7993d7fa65ab757c
705,"Silver, Ceramics, and Glass",,2,Gallery 705,40.78006015,-73.963545591,False,deb927242886b3da7993d7fa65ab757c
705,"Silver, Ceramics, and Glass",,2,Gallery 705,40.78006015,-73.963545591,False,deb927242886b3da7993d7fa65ab757c
705,"Silver, Ceramics, and Glass",,2,Gallery 705,40.78006015,-73.963545591,False,deb927242886b3da7993d7fa65ab757c
705,"Silver, Ceramics, and Glass",,2,Gallery 705,40.78006015,-73.963545591,False,deb927242886b3da7993d7fa65ab757c
706,"Silver, Ceramics, Glass, and Jewelry",,2,Gallery 706,40.780273522,-73.963612997,False,bb858ef8b9008caa4cd1ca3a225453e5
706,"Silver, Ceramics, Glass, and Jewelry",,2,Gallery 706,40.780273522,-73.963612997,False,bb858ef8b9008caa4cd1ca3a225453e5
706,"Silver, Ceramics, Glass, and Jewelry",,2,Gallery 706,40.780273522,-73.963612997,False,bb858ef8b9008caa4cd1ca3a225453e5
706,"Silver, Ceramics, Glass, and Jewelry",,2,Gallery 706,40.780273522,-73.963612997,False,bb858ef8b9008caa4cd1ca3a225453e5
706,"Silver, Ceramics, Glass, and Jewelry",,2,Gallery 706,40.780273522,-73.963612997,False,bb858ef8b9008caa4cd1ca3a225453e5
706,"Silver, Ceramics, Glass, and Jewelry",,2,Gallery 706,40.780273522,-73.963612997,False,bb858ef8b9008caa4cd1ca3a225453e5
706,"Silver, Ceramics, Glass, and Jewelry",,2,Gallery 706,40.780273522,-73.963612997,False,bb858ef8b9008caa4cd1ca3a225453e5
707,"American Ceramics, 1876–1956",,1M,Gallery 707,40.78026549,-73.963615606,False,282f7ed9c5bf1bcca0fc23e95908bf31
707,"American Ceramics, 1876–1956",,1M,Gallery 707,40.78026549,-73.963615606,False,282f7ed9c5bf1bcca0fc23e95908bf31
707,"American Ceramics, 1876–1956",,1M,Gallery 707,40.78026549,-73.963615606,False,282f7ed9c5bf1bcca0fc23e95908bf31
707,"American Ceramics, 1876–1956",,1M,Gallery 707,40.78026549,-73.963615606,False,282f7ed9c5bf1bcca0fc23e95908bf31
707,"American Ceramics, 1876–1956",,1M,Gallery 707,40.78026549,-73.963615606,False,282f7ed9c5bf1bcca0fc23e95908bf31
707,"American Ceramics, 1876–1956",,1M,Gallery 707,40.78026549,-73.963615606,False,282f7ed9c5bf1bcca0fc23e95908bf31
707,"American Ceramics, 1876–1956",,1M,Gallery 707,40.78026549,-73.963615606,False,282f7ed9c5bf1bcca0fc23e95908bf31
708,"European Migration and North American Furniture, 1600-1730",The Anthony W. and Lulu C. Wang Galleries of Eighteenth-Century American Art,3,Gallery 708,40.780383216,-73.96318745,True,b543c8605dec0bb25c5140322aa4be1f
708,"European Migration and North American Furniture, 1600-1730",The Anthony W. and Lulu C. Wang Galleries of Eighteenth-Century American Art,3,Gallery 708,40.780383216,-73.96318745,True,b543c8605dec0bb25c5140322aa4be1f
708,"European Migration and North American Furniture, 1600-1730",The Anthony W. and Lulu C. Wang Galleries of Eighteenth-Century American Art,3,Gallery 708,40.780383216,-73.96318745,True,b543c8605dec0bb25c5140322aa4be1f
708,"European Migration and North American Furniture, 1600-1730",The Anthony W. and Lulu C. Wang Galleries of Eighteenth-Century American Art,3,Gallery 708,40.780383216,-73.96318745,True,b543c8605dec0bb25c5140322aa4be1f
708,"European Migration and North American Furniture, 1600-1730",The Anthony W. and Lulu C. Wang Galleries of Eighteenth-Century American Art,3,Gallery 708,40.780383216,-73.96318745,True,b543c8605dec0bb25c5140322aa4be1f
708,"European Migration and North American Furniture, 1600-1730",The Anthony W. and Lulu C. Wang Galleries of Eighteenth-Century American Art,3,Gallery 708,40.780383216,-73.96318745,True,b543c8605dec0bb25c5140322aa4be1f
708,"European Migration and North American Furniture, 1600-1730",The Anthony W. and Lulu C. Wang Galleries of Eighteenth-Century American Art,3,Gallery 708,40.780383216,-73.96318745,True,b543c8605dec0bb25c5140322aa4be1f
709,"Samuel Hart Room, ca. 1680",,3,Gallery 709,40.780435459,-73.963149354,True,67e0b41172d9e12875d5cc192eb47963
709,"Samuel Hart Room, ca. 1680",,3,Gallery 709,40.780435459,-73.963149354,True,67e0b41172d9e12875d5cc192eb47963
709,"Samuel Hart Room, ca. 1680",,3,Gallery 709,40.780435459,-73.963149354,True,67e0b41172d9e12875d5cc192eb47963
709,"Samuel Hart Room, ca. 1680",,3,Gallery 709,40.780435459,-73.963149354,True,67e0b41172d9e12875d5cc192eb47963
709,"Samuel Hart Room, ca. 1680",,3,Gallery 709,40.780435459,-73.963149354,True,67e0b41172d9e12875d5cc192eb47963
709,"Samuel Hart Room, ca. 1680",,3,Gallery 709,40.780435459,-73.963149354,True,67e0b41172d9e12875d5cc192eb47963
709,"Samuel Hart Room, ca. 1680",,3,Gallery 709,40.780435459,-73.963149354,True,67e0b41172d9e12875d5cc192eb47963
710,Household Goods in Early America,Jan and Warren Adelson Gallery,3,Gallery 710,40.780455577,-73.963197102,True,7a4afffca8b90af1da7a5f262ad04df6
710,Household Goods in Early America,Jan and Warren Adelson Gallery,3,Gallery 710,40.780455577,-73.963197102,True,7a4afffca8b90af1da7a5f262ad04df6
710,Household Goods in Early America,Jan and Warren Adelson Gallery,3,Gallery 710,40.780455577,-73.963197102,True,7a4afffca8b90af1da7a5f262ad04df6
710,Household Goods in Early America,Jan and Warren Adelson Gallery,3,Gallery 710,40.780455577,-73.963197102,True,7a4afffca8b90af1da7a5f262ad04df6
710,Household Goods in Early America,Jan and Warren Adelson Gallery,3,Gallery 710,40.780455577,-73.963197102,True,7a4afffca8b90af1da7a5f262ad04df6
710,Household Goods in Early America,Jan and Warren Adelson Gallery,3,Gallery 710,40.780455577,-73.963197102,True,7a4afffca8b90af1da7a5f262ad04df6
710,Household Goods in Early America,Jan and Warren Adelson Gallery,3,Gallery 710,40.780455577,-73.963197102,True,7a4afffca8b90af1da7a5f262ad04df6
711,"Wentworth Room, 1695–1700",,3,Gallery 711,40.780492496,-73.963253643,True,26bf52bc384ba355d9877cb983188696
711,"Wentworth Room, 1695–1700",,3,Gallery 711,40.780492496,-73.963253643,True,26bf52bc384ba355d9877cb983188696
711,"Wentworth Room, 1695–1700",,3,Gallery 711,40.780492496,-73.963253643,True,26bf52bc384ba355d9877cb983188696
711,"Wentworth Room, 1695–1700",,3,Gallery 711,40.780492496,-73.963253643,True,26bf52bc384ba355d9877cb983188696
711,"Wentworth Room, 1695–1700",,3,Gallery 711,40.780492496,-73.963253643,True,26bf52bc384ba355d9877cb983188696
711,"Wentworth Room, 1695–1700",,3,Gallery 711,40.780492496,-73.963253643,True,26bf52bc384ba355d9877cb983188696
711,"Wentworth Room, 1695–1700",,3,Gallery 711,40.780492496,-73.963253643,True,26bf52bc384ba355d9877cb983188696
712,"New York Dutch Room, 1751",,3,Gallery 712,40.780490528,-73.963354111,True,d992f1d5967c2cfe3997ead94d1bd32b
712,"New York Dutch Room, 1751",,3,Gallery 712,40.780490528,-73.963354111,True,d992f1d5967c2cfe3997ead94d1bd32b
712,"New York Dutch Room, 1751",,3,Gallery 712,40.780490528,-73.963354111,True,d992f1d5967c2cfe3997ead94d1bd32b
712,"New York Dutch Room, 1751",,3,Gallery 712,40.780490528,-73.963354111,True,d992f1d5967c2cfe3997ead94d1bd32b
712,"New York Dutch Room, 1751",,3,Gallery 712,40.780490528,-73.963354111,True,d992f1d5967c2cfe3997ead94d1bd32b
712,"New York Dutch Room, 1751",,3,Gallery 712,40.780490528,-73.963354111,True,d992f1d5967c2cfe3997ead94d1bd32b
712,"New York Dutch Room, 1751",,3,Gallery 712,40.780490528,-73.963354111,True,d992f1d5967c2cfe3997ead94d1bd32b
713,Meetinghouse Gallery,,3,Gallery 713,40.780420637,-73.963283579,True,a09f1f2e90b26d27f6c67b9f5d470fe5
713,Meetinghouse Gallery,,3,Gallery 713,40.780420637,-73.963283579,True,a09f1f2e90b26d27f6c67b9f5d470fe5
713,Meetinghouse Gallery,,3,Gallery 713,40.780420637,-73.963283579,True,a09f1f2e90b26d27f6c67b9f5d470fe5
713,Meetinghouse Gallery,,3,Gallery 713,40.780420637,-73.963283579,True,a09f1f2e90b26d27f6c67b9f5d470fe5
713,Meetinghouse Gallery,,3,Gallery 713,40.780420637,-73.963283579,True,a09f1f2e90b26d27f6c67b9f5d470fe5
713,Meetinghouse Gallery,,3,Gallery 713,40.780420637,-73.963283579,True,a09f1f2e90b26d27f6c67b9f5d470fe5
713,Meetinghouse Gallery,,3,Gallery 713,40.780420637,-73.963283579,True,a09f1f2e90b26d27f6c67b9f5d470fe5
714,"Hewlett Room, 1740–60",,3,Gallery 714,40.780448164,-73.963385987,True,dd39fbfddba17240b38071c1a5fb43a8
714,"Hewlett Room, 1740–60",,3,Gallery 714,40.780448164,-73.963385987,True,dd39fbfddba17240b38071c1a5fb43a8
714,"Hewlett Room, 1740–60",,3,Gallery 714,40.780448164,-73.963385987,True,dd39fbfddba17240b38071c1a5fb43a8
714,"Hewlett Room, 1740–60",,3,Gallery 714,40.780448164,-73.963385987,True,dd39fbfddba17240b38071c1a5fb43a8
714,"Hewlett Room, 1740–60",,3,Gallery 714,40.780448164,-73.963385987,True,dd39fbfddba17240b38071c1a5fb43a8
714,"Hewlett Room, 1740–60",,3,Gallery 714,40.780448164,-73.963385987,True,dd39fbfddba17240b38071c1a5fb43a8
714,"Hewlett Room, 1740–60",,3,Gallery 714,40.780448164,-73.963385987,True,dd39fbfddba17240b38071c1a5fb43a8
715,"New York Alcove, ca. 1750",,3,Gallery 715,40.780372628,-73.963319086,True,b063799fbd3d0b3079a300ff8b889b8e
715,"New York Alcove, ca. 1750",,3,Gallery 715,40.780372628,-73.963319086,True,b063799fbd3d0b3079a300ff8b889b8e
715,"New York Alcove, ca. 1750",,3,Gallery 715,40.780372628,-73.963319086,True,b063799fbd3d0b3079a300ff8b889b8e
715,"New York Alcove, ca. 1750",,3,Gallery 715,40.780372628,-73.963319086,True,b063799fbd3d0b3079a300ff8b889b8e
715,"New York Alcove, ca. 1750",,3,Gallery 715,40.780372628,-73.963319086,True,b063799fbd3d0b3079a300ff8b889b8e
715,"New York Alcove, ca. 1750",,3,Gallery 715,40.780372628,-73.963319086,True,b063799fbd3d0b3079a300ff8b889b8e
715,"New York Alcove, ca. 1750",,3,Gallery 715,40.780372628,-73.963319086,True,b063799fbd3d0b3079a300ff8b889b8e
716,"Wentworth Staircase, 1695–1700",,3,Gallery 716,40.780353533,-73.963273769,True,2ff1b1133a35df0fc7c53539b3de1472
716,"Wentworth Staircase, 1695–1700",,3,Gallery 716,40.780353533,-73.963273769,True,2ff1b1133a35df0fc7c53539b3de1472
716,"Wentworth Staircase, 1695–1700",,3,Gallery 716,40.780353533,-73.963273769,True,2ff1b1133a35df0fc7c53539b3de1472
716,"Wentworth Staircase, 1695–1700",,3,Gallery 716,40.780353533,-73.963273769,True,2ff1b1133a35df0fc7c53539b3de1472
716,"Wentworth Staircase, 1695–1700",,3,Gallery 716,40.780353533,-73.963273769,True,2ff1b1133a35df0fc7c53539b3de1472
716,"Wentworth Staircase, 1695–1700",,3,Gallery 716,40.780353533,-73.963273769,True,2ff1b1133a35df0fc7c53539b3de1472
716,"Wentworth Staircase, 1695–1700",,3,Gallery 716,40.780353533,-73.963273769,True,2ff1b1133a35df0fc7c53539b3de1472
717,Art in the Atlantic World,The Doris and Stanley Tananbaum Galleries,2,Gallery 717,40.780390176,-73.963305522,True,c51ddb65b094898ba22016eadff49b3f
717,Art in the Atlantic World,The Doris and Stanley Tananbaum Galleries,2,Gallery 717,40.780390176,-73.963305522,True,c51ddb65b094898ba22016eadff49b3f
717,Art in the Atlantic World,The Doris and Stanley Tananbaum Galleries,2,Gallery 717,40.780390176,-73.963305522,True,c51ddb65b094898ba22016eadff49b3f
717,Art in the Atlantic World,The Doris and Stanley Tananbaum Galleries,2,Gallery 717,40.780390176,-73.963305522,True,c51ddb65b094898ba22016eadff49b3f
717,Art in the Atlantic World,The Doris and Stanley Tananbaum Galleries,2,Gallery 717,40.780390176,-73.963305522,True,c51ddb65b094898ba22016eadff49b3f
717,Art in the Atlantic World,The Doris and Stanley Tananbaum Galleries,2,Gallery 717,40.780390176,-73.963305522,True,c51ddb65b094898ba22016eadff49b3f
717,Art in the Atlantic World,The Doris and Stanley Tananbaum Galleries,2,Gallery 717,40.780390176,-73.963305522,True,c51ddb65b094898ba22016eadff49b3f
718,"Verplanck Room, 1767",The Doris and Stanley Tananbaum Galleries,2,Gallery 718,40.78045101,-73.963374587,True,001485f4f6f23ee8664ab9d008db94f5
718,"Verplanck Room, 1767",The Doris and Stanley Tananbaum Galleries,2,Gallery 718,40.78045101,-73.963374587,True,001485f4f6f23ee8664ab9d008db94f5
718,"Verplanck Room, 1767",The Doris and Stanley Tananbaum Galleries,2,Gallery 718,40.78045101,-73.963374587,True,001485f4f6f23ee8664ab9d008db94f5
718,"Verplanck Room, 1767",The Doris and Stanley Tananbaum Galleries,2,Gallery 718,40.78045101,-73.963374587,True,001485f4f6f23ee8664ab9d008db94f5
718,"Verplanck Room, 1767",The Doris and Stanley Tananbaum Galleries,2,Gallery 718,40.78045101,-73.963374587,True,001485f4f6f23ee8664ab9d008db94f5
718,"Verplanck Room, 1767",The Doris and Stanley Tananbaum Galleries,2,Gallery 718,40.78045101,-73.963374587,True,001485f4f6f23ee8664ab9d008db94f5
718,"Verplanck Room, 1767",The Doris and Stanley Tananbaum Galleries,2,Gallery 718,40.78045101,-73.963374587,True,001485f4f6f23ee8664ab9d008db94f5
719,Alexandria Ballroom,The Doris and Stanley Tananbaum Galleries,2,Gallery 719,40.780488128,-73.963293482,True,4c82f8730dc98add33435ae534d07a05
719,Alexandria Ballroom,The Doris and Stanley Tananbaum Galleries,2,Gallery 719,40.780488128,-73.963293482,True,4c82f8730dc98add33435ae534d07a05
719,Alexandria Ballroom,The Doris and Stanley Tananbaum Galleries,2,Gallery 719,40.780488128,-73.963293482,True,4c82f8730dc98add33435ae534d07a05
719,Alexandria Ballroom,The Doris and Stanley Tananbaum Galleries,2,Gallery 719,40.780488128,-73.963293482,True,4c82f8730dc98add33435ae534d07a05
719,Alexandria Ballroom,The Doris and Stanley Tananbaum Galleries,2,Gallery 719,40.780488128,-73.963293482,True,4c82f8730dc98add33435ae534d07a05
719,Alexandria Ballroom,The Doris and Stanley Tananbaum Galleries,2,Gallery 719,40.780488128,-73.963293482,True,4c82f8730dc98add33435ae534d07a05
719,Alexandria Ballroom,The Doris and Stanley Tananbaum Galleries,2,Gallery 719,40.780488128,-73.963293482,True,4c82f8730dc98add33435ae534d07a05
720,"Marmion Room, ca. 1756",The Doris and Stanley Tananbaum Galleries,2,Gallery 720,40.780446839,-73.963173955,True,182e58b5ecaf16bc73843467a8b3dd0a
720,"Marmion Room, ca. 1756",The Doris and Stanley Tananbaum Galleries,2,Gallery 720,40.780446839,-73.963173955,True,182e58b5ecaf16bc73843467a8b3dd0a
720,"Marmion Room, ca. 1756",The Doris and Stanley Tananbaum Galleries,2,Gallery 720,40.780446839,-73.963173955,True,182e58b5ecaf16bc73843467a8b3dd0a
720,"Marmion Room, ca. 1756",The Doris and Stanley Tananbaum Galleries,2,Gallery 720,40.780446839,-73.963173955,True,182e58b5ecaf16bc73843467a8b3dd0a
720,"Marmion Room, ca. 1756",The Doris and Stanley Tananbaum Galleries,2,Gallery 720,40.780446839,-73.963173955,True,182e58b5ecaf16bc73843467a8b3dd0a
720,"Marmion Room, ca. 1756",The Doris and Stanley Tananbaum Galleries,2,Gallery 720,40.780446839,-73.963173955,True,182e58b5ecaf16bc73843467a8b3dd0a
720,"Marmion Room, ca. 1756",The Doris and Stanley Tananbaum Galleries,2,Gallery 720,40.780446839,-73.963173955,True,182e58b5ecaf16bc73843467a8b3dd0a
721,Marmion Room Corridor,,2,Gallery 721,40.7804126,-73.963168742,True,22ec9ffba91d6b529e77de6d81a979ea
721,Marmion Room Corridor,,2,Gallery 721,40.7804126,-73.963168742,True,22ec9ffba91d6b529e77de6d81a979ea
721,Marmion Room Corridor,,2,Gallery 721,40.7804126,-73.963168742,True,22ec9ffba91d6b529e77de6d81a979ea
721,Marmion Room Corridor,,2,Gallery 721,40.7804126,-73.963168742,True,22ec9ffba91d6b529e77de6d81a979ea
721,Marmion Room Corridor,,2,Gallery 721,40.7804126,-73.963168742,True,22ec9ffba91d6b529e77de6d81a979ea
721,Marmion Room Corridor,,2,Gallery 721,40.7804126,-73.963168742,True,22ec9ffba91d6b529e77de6d81a979ea
721,Marmion Room Corridor,,2,Gallery 721,40.7804126,-73.963168742,True,22ec9ffba91d6b529e77de6d81a979ea
722,"Powel Room, 1765–66",The Doris and Stanley Tananbaum Galleries,2,Gallery 722,40.780362686,-73.963211929,True,c5db6c055986a63cc505979926fe7971
722,"Powel Room, 1765–66",The Doris and Stanley Tananbaum Galleries,2,Gallery 722,40.780362686,-73.963211929,True,c5db6c055986a63cc505979926fe7971
722,"Powel Room, 1765–66",The Doris and Stanley Tananbaum Galleries,2,Gallery 722,40.780362686,-73.963211929,True,c5db6c055986a63cc505979926fe7971
722,"Powel Room, 1765–66",The Doris and Stanley Tananbaum Galleries,2,Gallery 722,40.780362686,-73.963211929,True,c5db6c055986a63cc505979926fe7971
722,"Powel Room, 1765–66",The Doris and Stanley Tananbaum Galleries,2,Gallery 722,40.780362686,-73.963211929,True,c5db6c055986a63cc505979926fe7971
722,"Powel Room, 1765–66",The Doris and Stanley Tananbaum Galleries,2,Gallery 722,40.780362686,-73.963211929,True,c5db6c055986a63cc505979926fe7971
722,"Powel Room, 1765–66",The Doris and Stanley Tananbaum Galleries,2,Gallery 722,40.780362686,-73.963211929,True,c5db6c055986a63cc505979926fe7971
723,An Evolving Collection,,1,Gallery 723,40.78039935,-73.963298897,False,98062039a860db02db0a44c9c96f3963
723,An Evolving Collection,,1,Gallery 723,40.78039935,-73.963298897,False,98062039a860db02db0a44c9c96f3963
723,An Evolving Collection,,1,Gallery 723,40.78039935,-73.963298897,False,98062039a860db02db0a44c9c96f3963
723,An Evolving Collection,,1,Gallery 723,40.78039935,-73.963298897,False,98062039a860db02db0a44c9c96f3963
723,An Evolving Collection,,1,Gallery 723,40.78039935,-73.963298897,False,98062039a860db02db0a44c9c96f3963
723,An Evolving Collection,,1,Gallery 723,40.78039935,-73.963298897,False,98062039a860db02db0a44c9c96f3963
723,An Evolving Collection,,1,Gallery 723,40.78039935,-73.963298897,False,98062039a860db02db0a44c9c96f3963
724,Baltimore Room,,1,Gallery 724,40.78045101,-73.963374587,False,28ee6f77003acd8c5acfcc05eb98c7dc
724,Baltimore Room,,1,Gallery 724,40.78045101,-73.963374587,False,28ee6f77003acd8c5acfcc05eb98c7dc
724,Baltimore Room,,1,Gallery 724,40.78045101,-73.963374587,False,28ee6f77003acd8c5acfcc05eb98c7dc
724,Baltimore Room,,1,Gallery 724,40.78045101,-73.963374587,False,28ee6f77003acd8c5acfcc05eb98c7dc
724,Baltimore Room,,1,Gallery 724,40.78045101,-73.963374587,False,28ee6f77003acd8c5acfcc05eb98c7dc
724,Baltimore Room,,1,Gallery 724,40.78045101,-73.963374587,False,28ee6f77003acd8c5acfcc05eb98c7dc
724,Baltimore Room,,1,Gallery 724,40.78045101,-73.963374587,False,28ee6f77003acd8c5acfcc05eb98c7dc
725,"Benkard Room, ca. 1811",The Benkard Room,1,Gallery 725,40.780493333,-73.963305836,False,5f9b000127a80de25d37f304eabfbe53
725,"Benkard Room, ca. 1811",The Benkard Room,1,Gallery 725,40.780493333,-73.963305836,False,5f9b000127a80de25d37f304eabfbe53
725,"Benkard Room, ca. 1811",The Benkard Room,1,Gallery 725,40.780493333,-73.963305836,False,5f9b000127a80de25d37f304eabfbe53
725,"Benkard Room, ca. 1811",The Benkard Room,1,Gallery 725,40.780493333,-73.963305836,False,5f9b000127a80de25d37f304eabfbe53
725,"Benkard Room, ca. 1811",The Benkard Room,1,Gallery 725,40.780493333,-73.963305836,False,5f9b000127a80de25d37f304eabfbe53
725,"Benkard Room, ca. 1811",The Benkard Room,1,Gallery 725,40.780493333,-73.963305836,False,5f9b000127a80de25d37f304eabfbe53
725,"Benkard Room, ca. 1811",The Benkard Room,1,Gallery 725,40.780493333,-73.963305836,False,5f9b000127a80de25d37f304eabfbe53
726,"Early Classical Style, 1810–20",,1,Gallery 726,40.780469007,-73.963248102,False,70dda058ab0aea56603589bc8a91dc2b
726,"Early Classical Style, 1810–20",,1,Gallery 726,40.780469007,-73.963248102,False,70dda058ab0aea56603589bc8a91dc2b
726,"Early Classical Style, 1810–20",,1,Gallery 726,40.780469007,-73.963248102,False,70dda058ab0aea56603589bc8a91dc2b
726,"Early Classical Style, 1810–20",,1,Gallery 726,40.780469007,-73.963248102,False,70dda058ab0aea56603589bc8a91dc2b
726,"Early Classical Style, 1810–20",,1,Gallery 726,40.780469007,-73.963248102,False,70dda058ab0aea56603589bc8a91dc2b
726,"Early Classical Style, 1810–20",,1,Gallery 726,40.780469007,-73.963248102,False,70dda058ab0aea56603589bc8a91dc2b
726,"Early Classical Style, 1810–20",,1,Gallery 726,40.780469007,-73.963248102,False,70dda058ab0aea56603589bc8a91dc2b
727,Needlework Samplers,,1,Gallery 727,40.780449608,-73.963202061,False,5a435855a76658d8fc926af36055b721
727,Needlework Samplers,,1,Gallery 727,40.780449608,-73.963202061,False,5a435855a76658d8fc926af36055b721
727,Needlework Samplers,,1,Gallery 727,40.780449608,-73.963202061,False,5a435855a76658d8fc926af36055b721
727,Needlework Samplers,,1,Gallery 727,40.780449608,-73.963202061,False,5a435855a76658d8fc926af36055b721
727,Needlework Samplers,,1,Gallery 727,40.780449608,-73.963202061,False,5a435855a76658d8fc926af36055b721
727,Needlework Samplers,,1,Gallery 727,40.780449608,-73.963202061,False,5a435855a76658d8fc926af36055b721
727,Needlework Samplers,,1,Gallery 727,40.780449608,-73.963202061,False,5a435855a76658d8fc926af36055b721
728,"Richmond Room, 1810–11",,1,Gallery 728,40.780430277,-73.963156184,False,e32b2daa6b1b1d72b62367a919c4e66a
728,"Richmond Room, 1810–11",,1,Gallery 728,40.780430277,-73.963156184,False,e32b2daa6b1b1d72b62367a919c4e66a
728,"Richmond Room, 1810–11",,1,Gallery 728,40.780430277,-73.963156184,False,e32b2daa6b1b1d72b62367a919c4e66a
728,"Richmond Room, 1810–11",,1,Gallery 728,40.780430277,-73.963156184,False,e32b2daa6b1b1d72b62367a919c4e66a
728,"Richmond Room, 1810–11",,1,Gallery 728,40.780430277,-73.963156184,False,e32b2daa6b1b1d72b62367a919c4e66a
728,"Richmond Room, 1810–11",,1,Gallery 728,40.780430277,-73.963156184,False,e32b2daa6b1b1d72b62367a919c4e66a
728,"Richmond Room, 1810–11",,1,Gallery 728,40.780430277,-73.963156184,False,e32b2daa6b1b1d72b62367a919c4e66a
729,"Haverhill Room, ca. 1805",,1,Gallery 729,40.780377961,-73.963201218,False,b17c3fcf4d561ae6e33d9934dab680a4
729,"Haverhill Room, ca. 1805",,1,Gallery 729,40.780377961,-73.963201218,False,b17c3fcf4d561ae6e33d9934dab680a4
729,"Haverhill Room, ca. 1805",,1,Gallery 729,40.780377961,-73.963201218,False,b17c3fcf4d561ae6e33d9934dab680a4
729,"Haverhill Room, ca. 1805",,1,Gallery 729,40.780377961,-73.963201218,False,b17c3fcf4d561ae6e33d9934dab680a4
729,"Haverhill Room, ca. 1805",,1,Gallery 729,40.780377961,-73.963201218,False,b17c3fcf4d561ae6e33d9934dab680a4
729,"Haverhill Room, ca. 1805",,1,Gallery 729,40.780377961,-73.963201218,False,b17c3fcf4d561ae6e33d9934dab680a4
729,"Haverhill Room, ca. 1805",,1,Gallery 729,40.780377961,-73.963201218,False,b17c3fcf4d561ae6e33d9934dab680a4
730,An Evolving Collection,,1,Gallery 730,40.780335956,-73.963231849,False,a58ee531bdba8aaf065db0509d954eb6
730,An Evolving Collection,,1,Gallery 730,40.780335956,-73.963231849,False,a58ee531bdba8aaf065db0509d954eb6
730,An Evolving Collection,,1,Gallery 730,40.780335956,-73.963231849,False,a58ee531bdba8aaf065db0509d954eb6
730,An Evolving Collection,,1,Gallery 730,40.780335956,-73.963231849,False,a58ee531bdba8aaf065db0509d954eb6
730,An Evolving Collection,,1,Gallery 730,40.780335956,-73.963231849,False,a58ee531bdba8aaf065db0509d954eb6
730,An Evolving Collection,,1,Gallery 730,40.780335956,-73.963231849,False,a58ee531bdba8aaf065db0509d954eb6
730,An Evolving Collection,,1,Gallery 730,40.780335956,-73.963231849,False,a58ee531bdba8aaf065db0509d954eb6
731,Global Trade and Cultural Exchange,,1,Gallery 731,40.780550989,-73.963188321,False,df548cf3173d261224fd86791bc84082
731,Global Trade and Cultural Exchange,,1,Gallery 731,40.780550989,-73.963188321,False,df548cf3173d261224fd86791bc84082
731,Global Trade and Cultural Exchange,,1,Gallery 731,40.780550989,-73.963188321,False,df548cf3173d261224fd86791bc84082
731,Global Trade and Cultural Exchange,,1,Gallery 731,40.780550989,-73.963188321,False,df548cf3173d261224fd86791bc84082
731,Global Trade and Cultural Exchange,,1,Gallery 731,40.780550989,-73.963188321,False,df548cf3173d261224fd86791bc84082
731,Global Trade and Cultural Exchange,,1,Gallery 731,40.780550989,-73.963188321,False,df548cf3173d261224fd86791bc84082
731,Global Trade and Cultural Exchange,,1,Gallery 731,40.780550989,-73.963188321,False,df548cf3173d261224fd86791bc84082
732,An Evolving Collection,The Israel Sack Galleries,1,Gallery 732,40.780656762,-73.963116531,False,67c882fdb368938f5b279d09bb9fcbb2
732,An Evolving Collection,The Israel Sack Galleries,1,Gallery 732,40.780656762,-73.963116531,False,67c882fdb368938f5b279d09bb9fcbb2
732,An Evolving Collection,The Israel Sack Galleries,1,Gallery 732,40.780656762,-73.963116531,False,67c882fdb368938f5b279d09bb9fcbb2
732,An Evolving Collection,The Israel Sack Galleries,1,Gallery 732,40.780656762,-73.963116531,False,67c882fdb368938f5b279d09bb9fcbb2
732,An Evolving Collection,The Israel Sack Galleries,1,Gallery 732,40.780656762,-73.963116531,False,67c882fdb368938f5b279d09bb9fcbb2
732,An Evolving Collection,The Israel Sack Galleries,1,Gallery 732,40.780656762,-73.963116531,False,67c882fdb368938f5b279d09bb9fcbb2
732,An Evolving Collection,The Israel Sack Galleries,1,Gallery 732,40.780656762,-73.963116531,False,67c882fdb368938f5b279d09bb9fcbb2
733,Neo-Classisism,The Israel Sack Galleries,1,Gallery 733,40.780612286,-73.96307972,False,17eae1d7eda1df2d46dff51f0c00ccf3
733,Neo-Classisism,The Israel Sack Galleries,1,Gallery 733,40.780612286,-73.96307972,False,17eae1d7eda1df2d46dff51f0c00ccf3
733,Neo-Classisism,The Israel Sack Galleries,1,Gallery 733,40.780612286,-73.96307972,False,17eae1d7eda1df2d46dff51f0c00ccf3
733,Neo-Classisism,The Israel Sack Galleries,1,Gallery 733,40.780612286,-73.96307972,False,17eae1d7eda1df2d46dff51f0c00ccf3
733,Neo-Classisism,The Israel Sack Galleries,1,Gallery 733,40.780612286,-73.96307972,False,17eae1d7eda1df2d46dff51f0c00ccf3
733,Neo-Classisism,The Israel Sack Galleries,1,Gallery 733,40.780612286,-73.96307972,False,17eae1d7eda1df2d46dff51f0c00ccf3
733,Neo-Classisism,The Israel Sack Galleries,1,Gallery 733,40.780612286,-73.96307972,False,17eae1d7eda1df2d46dff51f0c00ccf3
734,"Shaker Retiring Room, ca. 1830–40",,1,Gallery 734,40.780664375,-73.963024051,False,ec39672f4056b27823f11f985d75bdb1
734,"Shaker Retiring Room, ca. 1830–40",,1,Gallery 734,40.780664375,-73.963024051,False,ec39672f4056b27823f11f985d75bdb1
734,"Shaker Retiring Room, ca. 1830–40",,1,Gallery 734,40.780664375,-73.963024051,False,ec39672f4056b27823f11f985d75bdb1
734,"Shaker Retiring Room, ca. 1830–40",,1,Gallery 734,40.780664375,-73.963024051,False,ec39672f4056b27823f11f985d75bdb1
734,"Shaker Retiring Room, ca. 1830–40",,1,Gallery 734,40.780664375,-73.963024051,False,ec39672f4056b27823f11f985d75bdb1
734,"Shaker Retiring Room, ca. 1830–40",,1,Gallery 734,40.780664375,-73.963024051,False,ec39672f4056b27823f11f985d75bdb1
734,"Shaker Retiring Room, ca. 1830–40",,1,Gallery 734,40.780664375,-73.963024051,False,ec39672f4056b27823f11f985d75bdb1
735,Vanderlyn Panorama,The Lawrence A. and Barbara Fleischman Gallery,1,Gallery 735,40.780701998,-73.963242697,False,a0b800278ee77f46f53c63f160a9e06f
735,Vanderlyn Panorama,The Lawrence A. and Barbara Fleischman Gallery,1,Gallery 735,40.780701998,-73.963242697,False,a0b800278ee77f46f53c63f160a9e06f
735,Vanderlyn Panorama,The Lawrence A. and Barbara Fleischman Gallery,1,Gallery 735,40.780701998,-73.963242697,False,a0b800278ee77f46f53c63f160a9e06f
735,Vanderlyn Panorama,The Lawrence A. and Barbara Fleischman Gallery,1,Gallery 735,40.780701998,-73.963242697,False,a0b800278ee77f46f53c63f160a9e06f
735,Vanderlyn Panorama,The Lawrence A. and Barbara Fleischman Gallery,1,Gallery 735,40.780701998,-73.963242697,False,a0b800278ee77f46f53c63f160a9e06f
735,Vanderlyn Panorama,The Lawrence A. and Barbara Fleischman Gallery,1,Gallery 735,40.780701998,-73.963242697,False,a0b800278ee77f46f53c63f160a9e06f
735,Vanderlyn Panorama,The Lawrence A. and Barbara Fleischman Gallery,1,Gallery 735,40.780701998,-73.963242697,False,a0b800278ee77f46f53c63f160a9e06f
736,"Art, Industry, and Innovation",Martha J. Fleischman Gallery,1,Gallery 736,40.780703015,-73.96341842,True,00be4d4ecc29aa49ca0da6755a1820b7
736,"Art, Industry, and Innovation",Martha J. Fleischman Gallery,1,Gallery 736,40.780703015,-73.96341842,True,00be4d4ecc29aa49ca0da6755a1820b7
736,"Art, Industry, and Innovation",Martha J. Fleischman Gallery,1,Gallery 736,40.780703015,-73.96341842,True,00be4d4ecc29aa49ca0da6755a1820b7
736,"Art, Industry, and Innovation",Martha J. Fleischman Gallery,1,Gallery 736,40.780703015,-73.96341842,True,00be4d4ecc29aa49ca0da6755a1820b7
736,"Art, Industry, and Innovation",Martha J. Fleischman Gallery,1,Gallery 736,40.780703015,-73.96341842,True,00be4d4ecc29aa49ca0da6755a1820b7
736,"Art, Industry, and Innovation",Martha J. Fleischman Gallery,1,Gallery 736,40.780703015,-73.96341842,True,00be4d4ecc29aa49ca0da6755a1820b7
736,"Art, Industry, and Innovation",Martha J. Fleischman Gallery,1,Gallery 736,40.780703015,-73.96341842,True,00be4d4ecc29aa49ca0da6755a1820b7
737,"Renaissance Revival Parlor, 1870",,1,Gallery 737,40.78064854,-73.963458146,True,201a362b375469d268dde8c50ececd53
737,"Renaissance Revival Parlor, 1870",,1,Gallery 737,40.78064854,-73.963458146,True,201a362b375469d268dde8c50ececd53
737,"Renaissance Revival Parlor, 1870",,1,Gallery 737,40.78064854,-73.963458146,True,201a362b375469d268dde8c50ececd53
737,"Renaissance Revival Parlor, 1870",,1,Gallery 737,40.78064854,-73.963458146,True,201a362b375469d268dde8c50ececd53
737,"Renaissance Revival Parlor, 1870",,1,Gallery 737,40.78064854,-73.963458146,True,201a362b375469d268dde8c50ececd53
737,"Renaissance Revival Parlor, 1870",,1,Gallery 737,40.78064854,-73.963458146,True,201a362b375469d268dde8c50ececd53
737,"Renaissance Revival Parlor, 1870",,1,Gallery 737,40.78064854,-73.963458146,True,201a362b375469d268dde8c50ececd53
738,Greek Revival Parlor,Richard and Gloria Manney Rooms,1,Gallery 738,40.780823512,-73.963432548,True,2128f8c6f262d12efc1f03b96ba7874e
738,Greek Revival Parlor,Richard and Gloria Manney Rooms,1,Gallery 738,40.780823512,-73.963432548,True,2128f8c6f262d12efc1f03b96ba7874e
738,Greek Revival Parlor,Richard and Gloria Manney Rooms,1,Gallery 738,40.780823512,-73.963432548,True,2128f8c6f262d12efc1f03b96ba7874e
738,Greek Revival Parlor,Richard and Gloria Manney Rooms,1,Gallery 738,40.780823512,-73.963432548,True,2128f8c6f262d12efc1f03b96ba7874e
738,Greek Revival Parlor,Richard and Gloria Manney Rooms,1,Gallery 738,40.780823512,-73.963432548,True,2128f8c6f262d12efc1f03b96ba7874e
738,Greek Revival Parlor,Richard and Gloria Manney Rooms,1,Gallery 738,40.780823512,-73.963432548,True,2128f8c6f262d12efc1f03b96ba7874e
738,Greek Revival Parlor,Richard and Gloria Manney Rooms,1,Gallery 738,40.780823512,-73.963432548,True,2128f8c6f262d12efc1f03b96ba7874e
739,Rococo Revival Parlor,Richard and Gloria Manney Rooms,1,Gallery 739,40.780735889,-73.963496441,True,4072cabacb40e7c19d02e5671b1366b3
739,Rococo Revival Parlor,Richard and Gloria Manney Rooms,1,Gallery 739,40.780735889,-73.963496441,True,4072cabacb40e7c19d02e5671b1366b3
739,Rococo Revival Parlor,Richard and Gloria Manney Rooms,1,Gallery 739,40.780735889,-73.963496441,True,4072cabacb40e7c19d02e5671b1366b3
739,Rococo Revival Parlor,Richard and Gloria Manney Rooms,1,Gallery 739,40.780735889,-73.963496441,True,4072cabacb40e7c19d02e5671b1366b3
739,Rococo Revival Parlor,Richard and Gloria Manney Rooms,1,Gallery 739,40.780735889,-73.963496441,True,4072cabacb40e7c19d02e5671b1366b3
739,Rococo Revival Parlor,Richard and Gloria Manney Rooms,1,Gallery 739,40.780735889,-73.963496441,True,4072cabacb40e7c19d02e5671b1366b3
739,Rococo Revival Parlor,Richard and Gloria Manney Rooms,1,Gallery 739,40.780735889,-73.963496441,True,4072cabacb40e7c19d02e5671b1366b3
740,"Gothic Revival Library, 1859",,1,Gallery 740,40.780824569,-73.963549772,True,691d2d8c5b040b4f16aa6260fcd3a6b4
740,"Gothic Revival Library, 1859",,1,Gallery 740,40.780824569,-73.963549772,True,691d2d8c5b040b4f16aa6260fcd3a6b4
740,"Gothic Revival Library, 1859",,1,Gallery 740,40.780824569,-73.963549772,True,691d2d8c5b040b4f16aa6260fcd3a6b4
740,"Gothic Revival Library, 1859",,1,Gallery 740,40.780824569,-73.963549772,True,691d2d8c5b040b4f16aa6260fcd3a6b4
740,"Gothic Revival Library, 1859",,1,Gallery 740,40.780824569,-73.963549772,True,691d2d8c5b040b4f16aa6260fcd3a6b4
740,"Gothic Revival Library, 1859",,1,Gallery 740,40.780824569,-73.963549772,True,691d2d8c5b040b4f16aa6260fcd3a6b4
740,"Gothic Revival Library, 1859",,1,Gallery 740,40.780824569,-73.963549772,True,691d2d8c5b040b4f16aa6260fcd3a6b4
741,"McKim, Mead & White Stair Hall, 1882–84",,1,Gallery 741,40.780757741,-73.963598503,False,bda2c5607b11400bc7b97e151164d7b7
741,"McKim, Mead & White Stair Hall, 1882–84",,1,Gallery 741,40.780757741,-73.963598503,False,bda2c5607b11400bc7b97e151164d7b7
741,"McKim, Mead & White Stair Hall, 1882–84",,1,Gallery 741,40.780757741,-73.963598503,False,bda2c5607b11400bc7b97e151164d7b7
741,"McKim, Mead & White Stair Hall, 1882–84",,1,Gallery 741,40.780757741,-73.963598503,False,bda2c5607b11400bc7b97e151164d7b7
741,"McKim, Mead & White Stair Hall, 1882–84",,1,Gallery 741,40.780757741,-73.963598503,False,bda2c5607b11400bc7b97e151164d7b7
741,"McKim, Mead & White Stair Hall, 1882–84",,1,Gallery 741,40.780757741,-73.963598503,False,bda2c5607b11400bc7b97e151164d7b7
741,"McKim, Mead & White Stair Hall, 1882–84",,1,Gallery 741,40.780757741,-73.963598503,False,bda2c5607b11400bc7b97e151164d7b7
742,Worsham-Rockefeller Dressing Room,,1,Gallery 742,40.780681415,-73.963536169,False,104f308c58b1236ad1743971e052d932
742,Worsham-Rockefeller Dressing Room,,1,Gallery 742,40.780681415,-73.963536169,False,104f308c58b1236ad1743971e052d932
742,Worsham-Rockefeller Dressing Room,,1,Gallery 742,40.780681415,-73.963536169,False,104f308c58b1236ad1743971e052d932
742,Worsham-Rockefeller Dressing Room,,1,Gallery 742,40.780681415,-73.963536169,False,104f308c58b1236ad1743971e052d932
742,Worsham-Rockefeller Dressing Room,,1,Gallery 742,40.780681415,-73.963536169,False,104f308c58b1236ad1743971e052d932
742,Worsham-Rockefeller Dressing Room,,1,Gallery 742,40.780681415,-73.963536169,False,104f308c58b1236ad1743971e052d932
742,Worsham-Rockefeller Dressing Room,,1,Gallery 742,40.780681415,-73.963536169,False,104f308c58b1236ad1743971e052d932
743,"Aesthetic, Arts and Crafts, and Louis C. Tiffany",Deedee Wigmore Galleries,1,Gallery 743,40.78062718,-73.963657484,False,4e94f398a86e9aef45d98245dac88723
743,"Aesthetic, Arts and Crafts, and Louis C. Tiffany",Deedee Wigmore Galleries,1,Gallery 743,40.78062718,-73.963657484,False,4e94f398a86e9aef45d98245dac88723
743,"Aesthetic, Arts and Crafts, and Louis C. Tiffany",Deedee Wigmore Galleries,1,Gallery 743,40.78062718,-73.963657484,False,4e94f398a86e9aef45d98245dac88723
743,"Aesthetic, Arts and Crafts, and Louis C. Tiffany",Deedee Wigmore Galleries,1,Gallery 743,40.78062718,-73.963657484,False,4e94f398a86e9aef45d98245dac88723
743,"Aesthetic, Arts and Crafts, and Louis C. Tiffany",Deedee Wigmore Galleries,1,Gallery 743,40.78062718,-73.963657484,False,4e94f398a86e9aef45d98245dac88723
743,"Aesthetic, Arts and Crafts, and Louis C. Tiffany",Deedee Wigmore Galleries,1,Gallery 743,40.78062718,-73.963657484,False,4e94f398a86e9aef45d98245dac88723
743,"Aesthetic, Arts and Crafts, and Louis C. Tiffany",Deedee Wigmore Galleries,1,Gallery 743,40.78062718,-73.963657484,False,4e94f398a86e9aef45d98245dac88723
744,Gallery 744,"The entrance foyer to ""Art of Native America,"" with rotating displays of Native American art.",1,Gallery 744,40.780463881,-73.963482508,False,e1a3fe18ea65c9725b5fd1274a7d0541
744,Gallery 744,"The entrance foyer to ""Art of Native America,"" with rotating displays of Native American art.",1,Gallery 744,40.780463881,-73.963482508,False,e1a3fe18ea65c9725b5fd1274a7d0541
744,Gallery 744,"The entrance foyer to ""Art of Native America,"" with rotating displays of Native American art.",1,Gallery 744,40.780463881,-73.963482508,False,e1a3fe18ea65c9725b5fd1274a7d0541
744,Gallery 744,"The entrance foyer to ""Art of Native America,"" with rotating displays of Native American art.",1,Gallery 744,40.780463881,-73.963482508,False,e1a3fe18ea65c9725b5fd1274a7d0541
744,Gallery 744,"The entrance foyer to ""Art of Native America,"" with rotating displays of Native American art.",1,Gallery 744,40.780463881,-73.963482508,False,e1a3fe18ea65c9725b5fd1274a7d0541
744,Gallery 744,"The entrance foyer to ""Art of Native America,"" with rotating displays of Native American art.",1,Gallery 744,40.780463881,-73.963482508,False,e1a3fe18ea65c9725b5fd1274a7d0541
744,Gallery 744,"The entrance foyer to ""Art of Native America,"" with rotating displays of Native American art.",1,Gallery 744,40.780463881,-73.963482508,False,e1a3fe18ea65c9725b5fd1274a7d0541
745,"The Frank Lloyd Wright Room, 1912–14",,1,Gallery 745,40.7804904,-73.963612381,False,e2455431126252d31ed61c2a3d069dd7
745,"The Frank Lloyd Wright Room, 1912–14",,1,Gallery 745,40.7804904,-73.963612381,False,e2455431126252d31ed61c2a3d069dd7
745,"The Frank Lloyd Wright Room, 1912–14",,1,Gallery 745,40.7804904,-73.963612381,False,e2455431126252d31ed61c2a3d069dd7
745,"The Frank Lloyd Wright Room, 1912–14",,1,Gallery 745,40.7804904,-73.963612381,False,e2455431126252d31ed61c2a3d069dd7
745,"The Frank Lloyd Wright Room, 1912–14",,1,Gallery 745,40.7804904,-73.963612381,False,e2455431126252d31ed61c2a3d069dd7
745,"The Frank Lloyd Wright Room, 1912–14",,1,Gallery 745,40.7804904,-73.963612381,False,e2455431126252d31ed61c2a3d069dd7
745,"The Frank Lloyd Wright Room, 1912–14",,1,Gallery 745,40.7804904,-73.963612381,False,e2455431126252d31ed61c2a3d069dd7
747,The Calculated Curve: Eighteenth-Century American Furniture,,2,Gallery 747,40.7804174,-73.963061761,False,bf65ef192eaa165a8a95751b2d03bd73
747,The Calculated Curve: Eighteenth-Century American Furniture,,2,Gallery 747,40.7804174,-73.963061761,False,bf65ef192eaa165a8a95751b2d03bd73
747,The Calculated Curve: Eighteenth-Century American Furniture,,2,Gallery 747,40.7804174,-73.963061761,False,bf65ef192eaa165a8a95751b2d03bd73
747,The Calculated Curve: Eighteenth-Century American Furniture,,2,Gallery 747,40.7804174,-73.963061761,False,bf65ef192eaa165a8a95751b2d03bd73
747,The Calculated Curve: Eighteenth-Century American Furniture,,2,Gallery 747,40.7804174,-73.963061761,False,bf65ef192eaa165a8a95751b2d03bd73
747,The Calculated Curve: Eighteenth-Century American Furniture,,2,Gallery 747,40.7804174,-73.963061761,False,bf65ef192eaa165a8a95751b2d03bd73
747,The Calculated Curve: Eighteenth-Century American Furniture,,2,Gallery 747,40.7804174,-73.963061761,False,bf65ef192eaa165a8a95751b2d03bd73
748,The Calculated Curve: Eighteenth-Century American Furniture,,2,Gallery 748,40.780491469,-73.963019602,False,cd45d07052d33d3e7854231d68931416
748,The Calculated Curve: Eighteenth-Century American Furniture,,2,Gallery 748,40.780491469,-73.963019602,False,cd45d07052d33d3e7854231d68931416
748,The Calculated Curve: Eighteenth-Century American Furniture,,2,Gallery 748,40.780491469,-73.963019602,False,cd45d07052d33d3e7854231d68931416
748,The Calculated Curve: Eighteenth-Century American Furniture,,2,Gallery 748,40.780491469,-73.963019602,False,cd45d07052d33d3e7854231d68931416
748,The Calculated Curve: Eighteenth-Century American Furniture,,2,Gallery 748,40.780491469,-73.963019602,False,cd45d07052d33d3e7854231d68931416
748,The Calculated Curve: Eighteenth-Century American Furniture,,2,Gallery 748,40.780491469,-73.963019602,False,cd45d07052d33d3e7854231d68931416
748,The Calculated Curve: Eighteenth-Century American Furniture,,2,Gallery 748,40.780491469,-73.963019602,False,cd45d07052d33d3e7854231d68931416
749,The Calculated Curve: Eighteenth-Century American Furniture,,2,Gallery 749,40.780552956,-73.962962912,False,ea7a93d474ec47c133d61f3a268f7f6b
749,The Calculated Curve: Eighteenth-Century American Furniture,,2,Gallery 749,40.780552956,-73.962962912,False,ea7a93d474ec47c133d61f3a268f7f6b
749,The Calculated Curve: Eighteenth-Century American Furniture,,2,Gallery 749,40.780552956,-73.962962912,False,ea7a93d474ec47c133d61f3a268f7f6b
749,The Calculated Curve: Eighteenth-Century American Furniture,,2,Gallery 749,40.780552956,-73.962962912,False,ea7a93d474ec47c133d61f3a268f7f6b
749,The Calculated Curve: Eighteenth-Century American Furniture,,2,Gallery 749,40.780552956,-73.962962912,False,ea7a93d474ec47c133d61f3a268f7f6b
749,The Calculated Curve: Eighteenth-Century American Furniture,,2,Gallery 749,40.780552956,-73.962962912,False,ea7a93d474ec47c133d61f3a268f7f6b
749,The Calculated Curve: Eighteenth-Century American Furniture,,2,Gallery 749,40.780552956,-73.962962912,False,ea7a93d474ec47c133d61f3a268f7f6b
750,"Silver, 1660–1800",,2,Gallery 750,40.780614726,-73.962917869,False,c0cd1e2079606ac0d0fa04eeead10fcd
750,"Silver, 1660–1800",,2,Gallery 750,40.780614726,-73.962917869,False,c0cd1e2079606ac0d0fa04eeead10fcd
750,"Silver, 1660–1800",,2,Gallery 750,40.780614726,-73.962917869,False,c0cd1e2079606ac0d0fa04eeead10fcd
750,"Silver, 1660–1800",,2,Gallery 750,40.780614726,-73.962917869,False,c0cd1e2079606ac0d0fa04eeead10fcd
750,"Silver, 1660–1800",,2,Gallery 750,40.780614726,-73.962917869,False,c0cd1e2079606ac0d0fa04eeead10fcd
750,"Silver, 1660–1800",,2,Gallery 750,40.780614726,-73.962917869,False,c0cd1e2079606ac0d0fa04eeead10fcd
750,"Silver, 1660–1800",,2,Gallery 750,40.780614726,-73.962917869,False,c0cd1e2079606ac0d0fa04eeead10fcd
751,The Calculated Curve: Eighteenth-Century American Furniture,,2,Gallery 751,40.780665117,-73.963037464,False,b85d1ad766e53960b5499753eeddf8c9
751,The Calculated Curve: Eighteenth-Century American Furniture,,2,Gallery 751,40.780665117,-73.963037464,False,b85d1ad766e53960b5499753eeddf8c9
751,The Calculated Curve: Eighteenth-Century American Furniture,,2,Gallery 751,40.780665117,-73.963037464,False,b85d1ad766e53960b5499753eeddf8c9
751,The Calculated Curve: Eighteenth-Century American Furniture,,2,Gallery 751,40.780665117,-73.963037464,False,b85d1ad766e53960b5499753eeddf8c9
751,The Calculated Curve: Eighteenth-Century American Furniture,,2,Gallery 751,40.780665117,-73.963037464,False,b85d1ad766e53960b5499753eeddf8c9
751,The Calculated Curve: Eighteenth-Century American Furniture,,2,Gallery 751,40.780665117,-73.963037464,False,b85d1ad766e53960b5499753eeddf8c9
751,The Calculated Curve: Eighteenth-Century American Furniture,,2,Gallery 751,40.780665117,-73.963037464,False,b85d1ad766e53960b5499753eeddf8c9
752,The Calculated Curve: Eighteenth-Century American Furniture,,2,Gallery 752,40.780607331,-73.963079602,False,a129768a852c1268111f34e7226bb1c9
752,The Calculated Curve: Eighteenth-Century American Furniture,,2,Gallery 752,40.780607331,-73.963079602,False,a129768a852c1268111f34e7226bb1c9
752,The Calculated Curve: Eighteenth-Century American Furniture,,2,Gallery 752,40.780607331,-73.963079602,False,a129768a852c1268111f34e7226bb1c9
752,The Calculated Curve: Eighteenth-Century American Furniture,,2,Gallery 752,40.780607331,-73.963079602,False,a129768a852c1268111f34e7226bb1c9
752,The Calculated Curve: Eighteenth-Century American Furniture,,2,Gallery 752,40.780607331,-73.963079602,False,a129768a852c1268111f34e7226bb1c9
752,The Calculated Curve: Eighteenth-Century American Furniture,,2,Gallery 752,40.780607331,-73.963079602,False,a129768a852c1268111f34e7226bb1c9
752,The Calculated Curve: Eighteenth-Century American Furniture,,2,Gallery 752,40.780607331,-73.963079602,False,a129768a852c1268111f34e7226bb1c9
753,The Calculated Curve: Eighteenth-Century American Furniture,,2,Gallery 753,40.780550758,-73.963120856,False,d98efbb2bf57707904e8b31287537f82
753,The Calculated Curve: Eighteenth-Century American Furniture,,2,Gallery 753,40.780550758,-73.963120856,False,d98efbb2bf57707904e8b31287537f82
753,The Calculated Curve: Eighteenth-Century American Furniture,,2,Gallery 753,40.780550758,-73.963120856,False,d98efbb2bf57707904e8b31287537f82
753,The Calculated Curve: Eighteenth-Century American Furniture,,2,Gallery 753,40.780550758,-73.963120856,False,d98efbb2bf57707904e8b31287537f82
753,The Calculated Curve: Eighteenth-Century American Furniture,,2,Gallery 753,40.780550758,-73.963120856,False,d98efbb2bf57707904e8b31287537f82
753,The Calculated Curve: Eighteenth-Century American Furniture,,2,Gallery 753,40.780550758,-73.963120856,False,d98efbb2bf57707904e8b31287537f82
753,The Calculated Curve: Eighteenth-Century American Furniture,,2,Gallery 753,40.780550758,-73.963120856,False,d98efbb2bf57707904e8b31287537f82
754,Portrait Miniatures by American Women Artists,Anthony W. and Lulu C. Wang Galleries of Eighteenth-Century American Art,2,Gallery 754,40.780529419,-73.963213744,False,4198b1e4c6fc618f59e9354331dd1ab9
754,Portrait Miniatures by American Women Artists,Anthony W. and Lulu C. Wang Galleries of Eighteenth-Century American Art,2,Gallery 754,40.780529419,-73.963213744,False,4198b1e4c6fc618f59e9354331dd1ab9
754,Portrait Miniatures by American Women Artists,Anthony W. and Lulu C. Wang Galleries of Eighteenth-Century American Art,2,Gallery 754,40.780529419,-73.963213744,False,4198b1e4c6fc618f59e9354331dd1ab9
754,Portrait Miniatures by American Women Artists,Anthony W. and Lulu C. Wang Galleries of Eighteenth-Century American Art,2,Gallery 754,40.780529419,-73.963213744,False,4198b1e4c6fc618f59e9354331dd1ab9
754,Portrait Miniatures by American Women Artists,Anthony W. and Lulu C. Wang Galleries of Eighteenth-Century American Art,2,Gallery 754,40.780529419,-73.963213744,False,4198b1e4c6fc618f59e9354331dd1ab9
754,Portrait Miniatures by American Women Artists,Anthony W. and Lulu C. Wang Galleries of Eighteenth-Century American Art,2,Gallery 754,40.780529419,-73.963213744,False,4198b1e4c6fc618f59e9354331dd1ab9
754,Portrait Miniatures by American Women Artists,Anthony W. and Lulu C. Wang Galleries of Eighteenth-Century American Art,2,Gallery 754,40.780529419,-73.963213744,False,4198b1e4c6fc618f59e9354331dd1ab9
755,American Identities,The Joan Whitney Payson Galleries,2,Gallery 755,40.780611221,-73.963257655,False,4c7aa7d4ead832cea4f7f4dfedeacc9e
755,American Identities,The Joan Whitney Payson Galleries,2,Gallery 755,40.780611221,-73.963257655,False,4c7aa7d4ead832cea4f7f4dfedeacc9e
755,American Identities,The Joan Whitney Payson Galleries,2,Gallery 755,40.780611221,-73.963257655,False,4c7aa7d4ead832cea4f7f4dfedeacc9e
755,American Identities,The Joan Whitney Payson Galleries,2,Gallery 755,40.780611221,-73.963257655,False,4c7aa7d4ead832cea4f7f4dfedeacc9e
755,American Identities,The Joan Whitney Payson Galleries,2,Gallery 755,40.780611221,-73.963257655,False,4c7aa7d4ead832cea4f7f4dfedeacc9e
755,American Identities,The Joan Whitney Payson Galleries,2,Gallery 755,40.780611221,-73.963257655,False,4c7aa7d4ead832cea4f7f4dfedeacc9e
755,American Identities,The Joan Whitney Payson Galleries,2,Gallery 755,40.780611221,-73.963257655,False,4c7aa7d4ead832cea4f7f4dfedeacc9e
756,American Places,The Joan Whitney Payson Galleries,2,Gallery 756,40.780667795,-73.963216401,False,4d3d320440f3c5a30dbd9498cdcf3d20
756,American Places,The Joan Whitney Payson Galleries,2,Gallery 756,40.780667795,-73.963216401,False,4d3d320440f3c5a30dbd9498cdcf3d20
756,American Places,The Joan Whitney Payson Galleries,2,Gallery 756,40.780667795,-73.963216401,False,4d3d320440f3c5a30dbd9498cdcf3d20
756,American Places,The Joan Whitney Payson Galleries,2,Gallery 756,40.780667795,-73.963216401,False,4d3d320440f3c5a30dbd9498cdcf3d20
756,American Places,The Joan Whitney Payson Galleries,2,Gallery 756,40.780667795,-73.963216401,False,4d3d320440f3c5a30dbd9498cdcf3d20
756,American Places,The Joan Whitney Payson Galleries,2,Gallery 756,40.780667795,-73.963216401,False,4d3d320440f3c5a30dbd9498cdcf3d20
756,American Places,The Joan Whitney Payson Galleries,2,Gallery 756,40.780667795,-73.963216401,False,4d3d320440f3c5a30dbd9498cdcf3d20
757,American Modernisms,Barbara and Martha Fleischman Gallery,2,Gallery 757,40.780723421,-73.963175838,False,18b0bb080255d39cb25339e4df1c35dc
757,American Modernisms,Barbara and Martha Fleischman Gallery,2,Gallery 757,40.780723421,-73.963175838,False,18b0bb080255d39cb25339e4df1c35dc
757,American Modernisms,Barbara and Martha Fleischman Gallery,2,Gallery 757,40.780723421,-73.963175838,False,18b0bb080255d39cb25339e4df1c35dc
757,American Modernisms,Barbara and Martha Fleischman Gallery,2,Gallery 757,40.780723421,-73.963175838,False,18b0bb080255d39cb25339e4df1c35dc
757,American Modernisms,Barbara and Martha Fleischman Gallery,2,Gallery 757,40.780723421,-73.963175838,False,18b0bb080255d39cb25339e4df1c35dc
757,American Modernisms,Barbara and Martha Fleischman Gallery,2,Gallery 757,40.780723421,-73.963175838,False,18b0bb080255d39cb25339e4df1c35dc
757,American Modernisms,Barbara and Martha Fleischman Gallery,2,Gallery 757,40.780723421,-73.963175838,False,18b0bb080255d39cb25339e4df1c35dc
758,Revolution!,,2,Gallery 758,40.780634098,-73.963358385,False,5f9144a111ea899255148d5564c6dbe5
758,Revolution!,,2,Gallery 758,40.780634098,-73.963358385,False,5f9144a111ea899255148d5564c6dbe5
758,Revolution!,,2,Gallery 758,40.780634098,-73.963358385,False,5f9144a111ea899255148d5564c6dbe5
758,Revolution!,,2,Gallery 758,40.780634098,-73.963358385,False,5f9144a111ea899255148d5564c6dbe5
758,Revolution!,,2,Gallery 758,40.780634098,-73.963358385,False,5f9144a111ea899255148d5564c6dbe5
758,Revolution!,,2,Gallery 758,40.780634098,-73.963358385,False,5f9144a111ea899255148d5564c6dbe5
758,Revolution!,,2,Gallery 758,40.780634098,-73.963358385,False,5f9144a111ea899255148d5564c6dbe5
759,In Search of Wilderness,Jack and Susan Warner Gallery in the The Joan Whitney Payson Galleries,2,Gallery 759,40.780733757,-73.963285713,False,aa45baddcd9e8fe98d765a6b190d5893
759,In Search of Wilderness,Jack and Susan Warner Gallery in the The Joan Whitney Payson Galleries,2,Gallery 759,40.780733757,-73.963285713,False,aa45baddcd9e8fe98d765a6b190d5893
759,In Search of Wilderness,Jack and Susan Warner Gallery in the The Joan Whitney Payson Galleries,2,Gallery 759,40.780733757,-73.963285713,False,aa45baddcd9e8fe98d765a6b190d5893
759,In Search of Wilderness,Jack and Susan Warner Gallery in the The Joan Whitney Payson Galleries,2,Gallery 759,40.780733757,-73.963285713,False,aa45baddcd9e8fe98d765a6b190d5893
759,In Search of Wilderness,Jack and Susan Warner Gallery in the The Joan Whitney Payson Galleries,2,Gallery 759,40.780733757,-73.963285713,False,aa45baddcd9e8fe98d765a6b190d5893
759,In Search of Wilderness,Jack and Susan Warner Gallery in the The Joan Whitney Payson Galleries,2,Gallery 759,40.780733757,-73.963285713,False,aa45baddcd9e8fe98d765a6b190d5893
759,In Search of Wilderness,Jack and Susan Warner Gallery in the The Joan Whitney Payson Galleries,2,Gallery 759,40.780733757,-73.963285713,False,aa45baddcd9e8fe98d765a6b190d5893
760,Exploration and Excavation,Peter Jay Sharp Foundation Gallery in the The Joan Whitney Payson Galleries,2,Gallery 760,40.78068219,-73.963472524,False,710fa576c3f07180fcebcd562e997308
760,Exploration and Excavation,Peter Jay Sharp Foundation Gallery in the The Joan Whitney Payson Galleries,2,Gallery 760,40.78068219,-73.963472524,False,710fa576c3f07180fcebcd562e997308
760,Exploration and Excavation,Peter Jay Sharp Foundation Gallery in the The Joan Whitney Payson Galleries,2,Gallery 760,40.78068219,-73.963472524,False,710fa576c3f07180fcebcd562e997308
760,Exploration and Excavation,Peter Jay Sharp Foundation Gallery in the The Joan Whitney Payson Galleries,2,Gallery 760,40.78068219,-73.963472524,False,710fa576c3f07180fcebcd562e997308
760,Exploration and Excavation,Peter Jay Sharp Foundation Gallery in the The Joan Whitney Payson Galleries,2,Gallery 760,40.78068219,-73.963472524,False,710fa576c3f07180fcebcd562e997308
760,Exploration and Excavation,Peter Jay Sharp Foundation Gallery in the The Joan Whitney Payson Galleries,2,Gallery 760,40.78068219,-73.963472524,False,710fa576c3f07180fcebcd562e997308
760,Exploration and Excavation,Peter Jay Sharp Foundation Gallery in the The Joan Whitney Payson Galleries,2,Gallery 760,40.78068219,-73.963472524,False,710fa576c3f07180fcebcd562e997308
761,Escape into Nature,Thomas and Georgia Gosnell Gallery in the The Joan Whitney Payson Galleries,2,Gallery 761,40.780760292,-73.963363885,False,389c13389bad741bdad4dafea47a7f2f
761,Escape into Nature,Thomas and Georgia Gosnell Gallery in the The Joan Whitney Payson Galleries,2,Gallery 761,40.780760292,-73.963363885,False,389c13389bad741bdad4dafea47a7f2f
761,Escape into Nature,Thomas and Georgia Gosnell Gallery in the The Joan Whitney Payson Galleries,2,Gallery 761,40.780760292,-73.963363885,False,389c13389bad741bdad4dafea47a7f2f
761,Escape into Nature,Thomas and Georgia Gosnell Gallery in the The Joan Whitney Payson Galleries,2,Gallery 761,40.780760292,-73.963363885,False,389c13389bad741bdad4dafea47a7f2f
761,Escape into Nature,Thomas and Georgia Gosnell Gallery in the The Joan Whitney Payson Galleries,2,Gallery 761,40.780760292,-73.963363885,False,389c13389bad741bdad4dafea47a7f2f
761,Escape into Nature,Thomas and Georgia Gosnell Gallery in the The Joan Whitney Payson Galleries,2,Gallery 761,40.780760292,-73.963363885,False,389c13389bad741bdad4dafea47a7f2f
761,Escape into Nature,Thomas and Georgia Gosnell Gallery in the The Joan Whitney Payson Galleries,2,Gallery 761,40.780760292,-73.963363885,False,389c13389bad741bdad4dafea47a7f2f
762,Civil War and Reconstruction Eras,Peter M. Sacerdote Gallery in The Joan Whitney Payson Galleries,2,Gallery 762,40.780790508,-73.963445918,False,e57548d064ec38f528ca630d9d5a724e
762,Civil War and Reconstruction Eras,Peter M. Sacerdote Gallery in The Joan Whitney Payson Galleries,2,Gallery 762,40.780790508,-73.963445918,False,e57548d064ec38f528ca630d9d5a724e
762,Civil War and Reconstruction Eras,Peter M. Sacerdote Gallery in The Joan Whitney Payson Galleries,2,Gallery 762,40.780790508,-73.963445918,False,e57548d064ec38f528ca630d9d5a724e
762,Civil War and Reconstruction Eras,Peter M. Sacerdote Gallery in The Joan Whitney Payson Galleries,2,Gallery 762,40.780790508,-73.963445918,False,e57548d064ec38f528ca630d9d5a724e
762,Civil War and Reconstruction Eras,Peter M. Sacerdote Gallery in The Joan Whitney Payson Galleries,2,Gallery 762,40.780790508,-73.963445918,False,e57548d064ec38f528ca630d9d5a724e
762,Civil War and Reconstruction Eras,Peter M. Sacerdote Gallery in The Joan Whitney Payson Galleries,2,Gallery 762,40.780790508,-73.963445918,False,e57548d064ec38f528ca630d9d5a724e
762,Civil War and Reconstruction Eras,Peter M. Sacerdote Gallery in The Joan Whitney Payson Galleries,2,Gallery 762,40.780790508,-73.963445918,False,e57548d064ec38f528ca630d9d5a724e
763,On the World Stage: The Centennial Age,The Joan Whitney Payson Galleries,2,Gallery 763,40.780821952,-73.963520546,False,c36295878da009953317a67329db057b
763,On the World Stage: The Centennial Age,The Joan Whitney Payson Galleries,2,Gallery 763,40.780821952,-73.963520546,False,c36295878da009953317a67329db057b
763,On the World Stage: The Centennial Age,The Joan Whitney Payson Galleries,2,Gallery 763,40.780821952,-73.963520546,False,c36295878da009953317a67329db057b
763,On the World Stage: The Centennial Age,The Joan Whitney Payson Galleries,2,Gallery 763,40.780821952,-73.963520546,False,c36295878da009953317a67329db057b
763,On the World Stage: The Centennial Age,The Joan Whitney Payson Galleries,2,Gallery 763,40.780821952,-73.963520546,False,c36295878da009953317a67329db057b
763,On the World Stage: The Centennial Age,The Joan Whitney Payson Galleries,2,Gallery 763,40.780821952,-73.963520546,False,c36295878da009953317a67329db057b
763,On the World Stage: The Centennial Age,The Joan Whitney Payson Galleries,2,Gallery 763,40.780821952,-73.963520546,False,c36295878da009953317a67329db057b
764,Art Worlds,The Joan Whitney Payson Galleries,2,Gallery 764,40.780730517,-73.963587221,False,986457d59abd1fa81cdfb5bb7dea6f01
764,Art Worlds,The Joan Whitney Payson Galleries,2,Gallery 764,40.780730517,-73.963587221,False,986457d59abd1fa81cdfb5bb7dea6f01
764,Art Worlds,The Joan Whitney Payson Galleries,2,Gallery 764,40.780730517,-73.963587221,False,986457d59abd1fa81cdfb5bb7dea6f01
764,Art Worlds,The Joan Whitney Payson Galleries,2,Gallery 764,40.780730517,-73.963587221,False,986457d59abd1fa81cdfb5bb7dea6f01
764,Art Worlds,The Joan Whitney Payson Galleries,2,Gallery 764,40.780730517,-73.963587221,False,986457d59abd1fa81cdfb5bb7dea6f01
764,Art Worlds,The Joan Whitney Payson Galleries,2,Gallery 764,40.780730517,-73.963587221,False,986457d59abd1fa81cdfb5bb7dea6f01
764,Art Worlds,The Joan Whitney Payson Galleries,2,Gallery 764,40.780730517,-73.963587221,False,986457d59abd1fa81cdfb5bb7dea6f01
765,The West,The Joan Whitney Payson Galleries,2,Gallery 765,40.780638201,-73.963654539,False,be6cc3aa61baf8e0b36aa45971df9ff3
765,The West,The Joan Whitney Payson Galleries,2,Gallery 765,40.780638201,-73.963654539,False,be6cc3aa61baf8e0b36aa45971df9ff3
765,The West,The Joan Whitney Payson Galleries,2,Gallery 765,40.780638201,-73.963654539,False,be6cc3aa61baf8e0b36aa45971df9ff3
765,The West,The Joan Whitney Payson Galleries,2,Gallery 765,40.780638201,-73.963654539,False,be6cc3aa61baf8e0b36aa45971df9ff3
765,The West,The Joan Whitney Payson Galleries,2,Gallery 765,40.780638201,-73.963654539,False,be6cc3aa61baf8e0b36aa45971df9ff3
765,The West,The Joan Whitney Payson Galleries,2,Gallery 765,40.780638201,-73.963654539,False,be6cc3aa61baf8e0b36aa45971df9ff3
765,The West,The Joan Whitney Payson Galleries,2,Gallery 765,40.780638201,-73.963654539,False,be6cc3aa61baf8e0b36aa45971df9ff3
766,On the World Stage: The Columbia Exposition,The Joan Whitney Payson Galleries,2,Gallery 766,40.780547014,-73.963721032,False,ebaa232f4dfad776f7d4ffd9a7c08eeb
766,On the World Stage: The Columbia Exposition,The Joan Whitney Payson Galleries,2,Gallery 766,40.780547014,-73.963721032,False,ebaa232f4dfad776f7d4ffd9a7c08eeb
766,On the World Stage: The Columbia Exposition,The Joan Whitney Payson Galleries,2,Gallery 766,40.780547014,-73.963721032,False,ebaa232f4dfad776f7d4ffd9a7c08eeb
766,On the World Stage: The Columbia Exposition,The Joan Whitney Payson Galleries,2,Gallery 766,40.780547014,-73.963721032,False,ebaa232f4dfad776f7d4ffd9a7c08eeb
766,On the World Stage: The Columbia Exposition,The Joan Whitney Payson Galleries,2,Gallery 766,40.780547014,-73.963721032,False,ebaa232f4dfad776f7d4ffd9a7c08eeb
766,On the World Stage: The Columbia Exposition,The Joan Whitney Payson Galleries,2,Gallery 766,40.780547014,-73.963721032,False,ebaa232f4dfad776f7d4ffd9a7c08eeb
766,On the World Stage: The Columbia Exposition,The Joan Whitney Payson Galleries,2,Gallery 766,40.780547014,-73.963721032,False,ebaa232f4dfad776f7d4ffd9a7c08eeb
767,Empires,Margaret and Raymond J. Horowitz Galleries in the The Joan Whitney Payson Galleries,2,Gallery 767,40.780606756,-73.96357991,False,1349970c71f234b8b7619fc74c08c5d8
767,Empires,Margaret and Raymond J. Horowitz Galleries in the The Joan Whitney Payson Galleries,2,Gallery 767,40.780606756,-73.96357991,False,1349970c71f234b8b7619fc74c08c5d8
767,Empires,Margaret and Raymond J. Horowitz Galleries in the The Joan Whitney Payson Galleries,2,Gallery 767,40.780606756,-73.96357991,False,1349970c71f234b8b7619fc74c08c5d8
767,Empires,Margaret and Raymond J. Horowitz Galleries in the The Joan Whitney Payson Galleries,2,Gallery 767,40.780606756,-73.96357991,False,1349970c71f234b8b7619fc74c08c5d8
767,Empires,Margaret and Raymond J. Horowitz Galleries in the The Joan Whitney Payson Galleries,2,Gallery 767,40.780606756,-73.96357991,False,1349970c71f234b8b7619fc74c08c5d8
767,Empires,Margaret and Raymond J. Horowitz Galleries in the The Joan Whitney Payson Galleries,2,Gallery 767,40.780606756,-73.96357991,False,1349970c71f234b8b7619fc74c08c5d8
767,Empires,Margaret and Raymond J. Horowitz Galleries in the The Joan Whitney Payson Galleries,2,Gallery 767,40.780606756,-73.96357991,False,1349970c71f234b8b7619fc74c08c5d8
768,Americans Abroad and at Home,Richard and Maureen Chilton Gallery in the The Joan Whitney Payson Galleries,2,Gallery 768,40.78051557,-73.963646404,False,77a8993517c08f2f0df88b0a3ee7fa6b
768,Americans Abroad and at Home,Richard and Maureen Chilton Gallery in the The Joan Whitney Payson Galleries,2,Gallery 768,40.78051557,-73.963646404,False,77a8993517c08f2f0df88b0a3ee7fa6b
768,Americans Abroad and at Home,Richard and Maureen Chilton Gallery in the The Joan Whitney Payson Galleries,2,Gallery 768,40.78051557,-73.963646404,False,77a8993517c08f2f0df88b0a3ee7fa6b
768,Americans Abroad and at Home,Richard and Maureen Chilton Gallery in the The Joan Whitney Payson Galleries,2,Gallery 768,40.78051557,-73.963646404,False,77a8993517c08f2f0df88b0a3ee7fa6b
768,Americans Abroad and at Home,Richard and Maureen Chilton Gallery in the The Joan Whitney Payson Galleries,2,Gallery 768,40.78051557,-73.963646404,False,77a8993517c08f2f0df88b0a3ee7fa6b
768,Americans Abroad and at Home,Richard and Maureen Chilton Gallery in the The Joan Whitney Payson Galleries,2,Gallery 768,40.78051557,-73.963646404,False,77a8993517c08f2f0df88b0a3ee7fa6b
768,Americans Abroad and at Home,Richard and Maureen Chilton Gallery in the The Joan Whitney Payson Galleries,2,Gallery 768,40.78051557,-73.963646404,False,77a8993517c08f2f0df88b0a3ee7fa6b
769,Artist Colonies,"Frank A. Cosgrove, Jr. Gallery in the The Joan Whitney Payson Galleries",2,Gallery 769,40.78047866,-73.963569231,False,ae413e63d530146279c32a1a8c58be1d
769,Artist Colonies,"Frank A. Cosgrove, Jr. Gallery in the The Joan Whitney Payson Galleries",2,Gallery 769,40.78047866,-73.963569231,False,ae413e63d530146279c32a1a8c58be1d
769,Artist Colonies,"Frank A. Cosgrove, Jr. Gallery in the The Joan Whitney Payson Galleries",2,Gallery 769,40.78047866,-73.963569231,False,ae413e63d530146279c32a1a8c58be1d
769,Artist Colonies,"Frank A. Cosgrove, Jr. Gallery in the The Joan Whitney Payson Galleries",2,Gallery 769,40.78047866,-73.963569231,False,ae413e63d530146279c32a1a8c58be1d
769,Artist Colonies,"Frank A. Cosgrove, Jr. Gallery in the The Joan Whitney Payson Galleries",2,Gallery 769,40.78047866,-73.963569231,False,ae413e63d530146279c32a1a8c58be1d
769,Artist Colonies,"Frank A. Cosgrove, Jr. Gallery in the The Joan Whitney Payson Galleries",2,Gallery 769,40.78047866,-73.963569231,False,ae413e63d530146279c32a1a8c58be1d
769,Artist Colonies,"Frank A. Cosgrove, Jr. Gallery in the The Joan Whitney Payson Galleries",2,Gallery 769,40.78047866,-73.963569231,False,ae413e63d530146279c32a1a8c58be1d
770,On the World Stage: The Paris Exposition,Margaret and Raymond J. Horowitz Galleries in the The Joan Whitney Payson Galleries,2,Gallery 770,40.780573882,-73.963501888,False,f834ec736a4f7c28232f27fc442e52e9
770,On the World Stage: The Paris Exposition,Margaret and Raymond J. Horowitz Galleries in the The Joan Whitney Payson Galleries,2,Gallery 770,40.780573882,-73.963501888,False,f834ec736a4f7c28232f27fc442e52e9
770,On the World Stage: The Paris Exposition,Margaret and Raymond J. Horowitz Galleries in the The Joan Whitney Payson Galleries,2,Gallery 770,40.780573882,-73.963501888,False,f834ec736a4f7c28232f27fc442e52e9
770,On the World Stage: The Paris Exposition,Margaret and Raymond J. Horowitz Galleries in the The Joan Whitney Payson Galleries,2,Gallery 770,40.780573882,-73.963501888,False,f834ec736a4f7c28232f27fc442e52e9
770,On the World Stage: The Paris Exposition,Margaret and Raymond J. Horowitz Galleries in the The Joan Whitney Payson Galleries,2,Gallery 770,40.780573882,-73.963501888,False,f834ec736a4f7c28232f27fc442e52e9
770,On the World Stage: The Paris Exposition,Margaret and Raymond J. Horowitz Galleries in the The Joan Whitney Payson Galleries,2,Gallery 770,40.780573882,-73.963501888,False,f834ec736a4f7c28232f27fc442e52e9
770,On the World Stage: The Paris Exposition,Margaret and Raymond J. Horowitz Galleries in the The Joan Whitney Payson Galleries,2,Gallery 770,40.780573882,-73.963501888,False,f834ec736a4f7c28232f27fc442e52e9
771,Gilded Age Portraiture,Terian Family Gallery in the The Joan Whitney Payson Galleries,2,Gallery 771,40.780541782,-73.963425703,False,d9b3c2d1827ea7f9322af7ac21746934
771,Gilded Age Portraiture,Terian Family Gallery in the The Joan Whitney Payson Galleries,2,Gallery 771,40.780541782,-73.963425703,False,d9b3c2d1827ea7f9322af7ac21746934
771,Gilded Age Portraiture,Terian Family Gallery in the The Joan Whitney Payson Galleries,2,Gallery 771,40.780541782,-73.963425703,False,d9b3c2d1827ea7f9322af7ac21746934
771,Gilded Age Portraiture,Terian Family Gallery in the The Joan Whitney Payson Galleries,2,Gallery 771,40.780541782,-73.963425703,False,d9b3c2d1827ea7f9322af7ac21746934
771,Gilded Age Portraiture,Terian Family Gallery in the The Joan Whitney Payson Galleries,2,Gallery 771,40.780541782,-73.963425703,False,d9b3c2d1827ea7f9322af7ac21746934
771,Gilded Age Portraiture,Terian Family Gallery in the The Joan Whitney Payson Galleries,2,Gallery 771,40.780541782,-73.963425703,False,d9b3c2d1827ea7f9322af7ac21746934
771,Gilded Age Portraiture,Terian Family Gallery in the The Joan Whitney Payson Galleries,2,Gallery 771,40.780541782,-73.963425703,False,d9b3c2d1827ea7f9322af7ac21746934
772,Urban Realism,Jan and Warren Adelson Gallery in the The Joan Whitney Payson Galleries,2,Gallery 772,40.780463879,-73.96348251,False,31016dd621bc37afd110f832793decb5
772,Urban Realism,Jan and Warren Adelson Gallery in the The Joan Whitney Payson Galleries,2,Gallery 772,40.780463879,-73.96348251,False,31016dd621bc37afd110f832793decb5
772,Urban Realism,Jan and Warren Adelson Gallery in the The Joan Whitney Payson Galleries,2,Gallery 772,40.780463879,-73.96348251,False,31016dd621bc37afd110f832793decb5
772,Urban Realism,Jan and Warren Adelson Gallery in the The Joan Whitney Payson Galleries,2,Gallery 772,40.780463879,-73.96348251,False,31016dd621bc37afd110f832793decb5
772,Urban Realism,Jan and Warren Adelson Gallery in the The Joan Whitney Payson Galleries,2,Gallery 772,40.780463879,-73.96348251,False,31016dd621bc37afd110f832793decb5
772,Urban Realism,Jan and Warren Adelson Gallery in the The Joan Whitney Payson Galleries,2,Gallery 772,40.780463879,-73.96348251,False,31016dd621bc37afd110f832793decb5
772,Urban Realism,Jan and Warren Adelson Gallery in the The Joan Whitney Payson Galleries,2,Gallery 772,40.780463879,-73.96348251,False,31016dd621bc37afd110f832793decb5
773,Henry R. Luce Center for the Study of American Art Corridor,The Henry R. Luce Center for the Study of American Art,1M,Gallery 773,40.780476266,-73.963034732,True,8773a2be05f88c4a0cf350b68f91e40c
773,Henry R. Luce Center for the Study of American Art Corridor,The Henry R. Luce Center for the Study of American Art,1M,Gallery 773,40.780476266,-73.963034732,True,8773a2be05f88c4a0cf350b68f91e40c
773,Henry R. Luce Center for the Study of American Art Corridor,The Henry R. Luce Center for the Study of American Art,1M,Gallery 773,40.780476266,-73.963034732,True,8773a2be05f88c4a0cf350b68f91e40c
773,Henry R. Luce Center for the Study of American Art Corridor,The Henry R. Luce Center for the Study of American Art,1M,Gallery 773,40.780476266,-73.963034732,True,8773a2be05f88c4a0cf350b68f91e40c
773,Henry R. Luce Center for the Study of American Art Corridor,The Henry R. Luce Center for the Study of American Art,1M,Gallery 773,40.780476266,-73.963034732,True,8773a2be05f88c4a0cf350b68f91e40c
773,Henry R. Luce Center for the Study of American Art Corridor,The Henry R. Luce Center for the Study of American Art,1M,Gallery 773,40.780476266,-73.963034732,True,8773a2be05f88c4a0cf350b68f91e40c
773,Henry R. Luce Center for the Study of American Art Corridor,The Henry R. Luce Center for the Study of American Art,1M,Gallery 773,40.780476266,-73.963034732,True,8773a2be05f88c4a0cf350b68f91e40c
774,Henry R. Luce Center for the Study of American Art,The Henry R. Luce Center for the Study of American Art,1M,Gallery 774,40.780661692,-73.963209172,True,419a03660148b7a408d07f082cbeb854
774,Henry R. Luce Center for the Study of American Art,The Henry R. Luce Center for the Study of American Art,1M,Gallery 774,40.780661692,-73.963209172,True,419a03660148b7a408d07f082cbeb854
774,Henry R. Luce Center for the Study of American Art,The Henry R. Luce Center for the Study of American Art,1M,Gallery 774,40.780661692,-73.963209172,True,419a03660148b7a408d07f082cbeb854
774,Henry R. Luce Center for the Study of American Art,The Henry R. Luce Center for the Study of American Art,1M,Gallery 774,40.780661692,-73.963209172,True,419a03660148b7a408d07f082cbeb854
774,Henry R. Luce Center for the Study of American Art,The Henry R. Luce Center for the Study of American Art,1M,Gallery 774,40.780661692,-73.963209172,True,419a03660148b7a408d07f082cbeb854
774,Henry R. Luce Center for the Study of American Art,The Henry R. Luce Center for the Study of American Art,1M,Gallery 774,40.780661692,-73.963209172,True,419a03660148b7a408d07f082cbeb854
774,Henry R. Luce Center for the Study of American Art,The Henry R. Luce Center for the Study of American Art,1M,Gallery 774,40.780661692,-73.963209172,True,419a03660148b7a408d07f082cbeb854
800,Rodin and European Painting,B. Gerald Cantor Sculpture Gallery,2,Gallery 800,40.778644622,-73.963932162,False,73af12ef9be5d0b27dd7cffb786130fe
800,Rodin and European Painting,B. Gerald Cantor Sculpture Gallery,2,Gallery 800,40.778644622,-73.963932162,False,73af12ef9be5d0b27dd7cffb786130fe
800,Rodin and European Painting,B. Gerald Cantor Sculpture Gallery,2,Gallery 800,40.778644622,-73.963932162,False,73af12ef9be5d0b27dd7cffb786130fe
800,Rodin and European Painting,B. Gerald Cantor Sculpture Gallery,2,Gallery 800,40.778644622,-73.963932162,False,73af12ef9be5d0b27dd7cffb786130fe
800,Rodin and European Painting,B. Gerald Cantor Sculpture Gallery,2,Gallery 800,40.778644622,-73.963932162,False,73af12ef9be5d0b27dd7cffb786130fe
800,Rodin and European Painting,B. Gerald Cantor Sculpture Gallery,2,Gallery 800,40.778644622,-73.963932162,False,73af12ef9be5d0b27dd7cffb786130fe
800,Rodin and European Painting,B. Gerald Cantor Sculpture Gallery,2,Gallery 800,40.778644622,-73.963932162,False,73af12ef9be5d0b27dd7cffb786130fe
801,Neoclassicism and Romanticism,The André Meyer Galleries,2,Gallery 801,40.778470777,-73.963734477,False,29253dad7cac900a13f7088094aef594
801,Neoclassicism and Romanticism,The André Meyer Galleries,2,Gallery 801,40.778470777,-73.963734477,False,29253dad7cac900a13f7088094aef594
801,Neoclassicism and Romanticism,The André Meyer Galleries,2,Gallery 801,40.778470777,-73.963734477,False,29253dad7cac900a13f7088094aef594
801,Neoclassicism and Romanticism,The André Meyer Galleries,2,Gallery 801,40.778470777,-73.963734477,False,29253dad7cac900a13f7088094aef594
801,Neoclassicism and Romanticism,The André Meyer Galleries,2,Gallery 801,40.778470777,-73.963734477,False,29253dad7cac900a13f7088094aef594
801,Neoclassicism and Romanticism,The André Meyer Galleries,2,Gallery 801,40.778470777,-73.963734477,False,29253dad7cac900a13f7088094aef594
801,Neoclassicism and Romanticism,The André Meyer Galleries,2,Gallery 801,40.778470777,-73.963734477,False,29253dad7cac900a13f7088094aef594
802,Barbizon School,The André Meyer Galleries,2,Gallery 802,40.778381442,-73.963799618,False,7992c01a9efe3303da3e0e35735023df
802,Barbizon School,The André Meyer Galleries,2,Gallery 802,40.778381442,-73.963799618,False,7992c01a9efe3303da3e0e35735023df
802,Barbizon School,The André Meyer Galleries,2,Gallery 802,40.778381442,-73.963799618,False,7992c01a9efe3303da3e0e35735023df
802,Barbizon School,The André Meyer Galleries,2,Gallery 802,40.778381442,-73.963799618,False,7992c01a9efe3303da3e0e35735023df
802,Barbizon School,The André Meyer Galleries,2,Gallery 802,40.778381442,-73.963799618,False,7992c01a9efe3303da3e0e35735023df
802,Barbizon School,The André Meyer Galleries,2,Gallery 802,40.778381442,-73.963799618,False,7992c01a9efe3303da3e0e35735023df
802,Barbizon School,The André Meyer Galleries,2,Gallery 802,40.778381442,-73.963799618,False,7992c01a9efe3303da3e0e35735023df
803,Corot,Janice H. Levin Gallery,2,Gallery 803,40.778295026,-73.96385116,False,4da6f6d06e6e439dbd4db4a3362b7f5a
803,Corot,Janice H. Levin Gallery,2,Gallery 803,40.778295026,-73.96385116,False,4da6f6d06e6e439dbd4db4a3362b7f5a
803,Corot,Janice H. Levin Gallery,2,Gallery 803,40.778295026,-73.96385116,False,4da6f6d06e6e439dbd4db4a3362b7f5a
803,Corot,Janice H. Levin Gallery,2,Gallery 803,40.778295026,-73.96385116,False,4da6f6d06e6e439dbd4db4a3362b7f5a
803,Corot,Janice H. Levin Gallery,2,Gallery 803,40.778295026,-73.96385116,False,4da6f6d06e6e439dbd4db4a3362b7f5a
803,Corot,Janice H. Levin Gallery,2,Gallery 803,40.778295026,-73.96385116,False,4da6f6d06e6e439dbd4db4a3362b7f5a
803,Corot,Janice H. Levin Gallery,2,Gallery 803,40.778295026,-73.96385116,False,4da6f6d06e6e439dbd4db4a3362b7f5a
804,European Vision of North Africa,Kenneth Jay Lane Gallery in the Henry J. Heinz II Galleries,2,Gallery 804,40.77820827,-73.963875415,False,d7aa2496e2d25258a25e3ca24e46d759
804,European Vision of North Africa,Kenneth Jay Lane Gallery in the Henry J. Heinz II Galleries,2,Gallery 804,40.77820827,-73.963875415,False,d7aa2496e2d25258a25e3ca24e46d759
804,European Vision of North Africa,Kenneth Jay Lane Gallery in the Henry J. Heinz II Galleries,2,Gallery 804,40.77820827,-73.963875415,False,d7aa2496e2d25258a25e3ca24e46d759
804,European Vision of North Africa,Kenneth Jay Lane Gallery in the Henry J. Heinz II Galleries,2,Gallery 804,40.77820827,-73.963875415,False,d7aa2496e2d25258a25e3ca24e46d759
804,European Vision of North Africa,Kenneth Jay Lane Gallery in the Henry J. Heinz II Galleries,2,Gallery 804,40.77820827,-73.963875415,False,d7aa2496e2d25258a25e3ca24e46d759
804,European Vision of North Africa,Kenneth Jay Lane Gallery in the Henry J. Heinz II Galleries,2,Gallery 804,40.77820827,-73.963875415,False,d7aa2496e2d25258a25e3ca24e46d759
804,European Vision of North Africa,Kenneth Jay Lane Gallery in the Henry J. Heinz II Galleries,2,Gallery 804,40.77820827,-73.963875415,False,d7aa2496e2d25258a25e3ca24e46d759
805,The Rise of Plein-Air Oil Sketching and Landscape Painting about 1800,Henry J. Heinz II Galleries,2,Gallery 805,40.77820038,-73.963976442,False,5bc96b8c628fa447e7079b4bc002178f
805,The Rise of Plein-Air Oil Sketching and Landscape Painting about 1800,Henry J. Heinz II Galleries,2,Gallery 805,40.77820038,-73.963976442,False,5bc96b8c628fa447e7079b4bc002178f
805,The Rise of Plein-Air Oil Sketching and Landscape Painting about 1800,Henry J. Heinz II Galleries,2,Gallery 805,40.77820038,-73.963976442,False,5bc96b8c628fa447e7079b4bc002178f
805,The Rise of Plein-Air Oil Sketching and Landscape Painting about 1800,Henry J. Heinz II Galleries,2,Gallery 805,40.77820038,-73.963976442,False,5bc96b8c628fa447e7079b4bc002178f
805,The Rise of Plein-Air Oil Sketching and Landscape Painting about 1800,Henry J. Heinz II Galleries,2,Gallery 805,40.77820038,-73.963976442,False,5bc96b8c628fa447e7079b4bc002178f
805,The Rise of Plein-Air Oil Sketching and Landscape Painting about 1800,Henry J. Heinz II Galleries,2,Gallery 805,40.77820038,-73.963976442,False,5bc96b8c628fa447e7079b4bc002178f
805,The Rise of Plein-Air Oil Sketching and Landscape Painting about 1800,Henry J. Heinz II Galleries,2,Gallery 805,40.77820038,-73.963976442,False,5bc96b8c628fa447e7079b4bc002178f
806,Northern European Painters in Italy about 1800,Henry J. Heinz II Galleries,2,Gallery 806,40.778251463,-73.963939194,False,acf902f460039b91eb9d4dd0bc755114
806,Northern European Painters in Italy about 1800,Henry J. Heinz II Galleries,2,Gallery 806,40.778251463,-73.963939194,False,acf902f460039b91eb9d4dd0bc755114
806,Northern European Painters in Italy about 1800,Henry J. Heinz II Galleries,2,Gallery 806,40.778251463,-73.963939194,False,acf902f460039b91eb9d4dd0bc755114
806,Northern European Painters in Italy about 1800,Henry J. Heinz II Galleries,2,Gallery 806,40.778251463,-73.963939194,False,acf902f460039b91eb9d4dd0bc755114
806,Northern European Painters in Italy about 1800,Henry J. Heinz II Galleries,2,Gallery 806,40.778251463,-73.963939194,False,acf902f460039b91eb9d4dd0bc755114
806,Northern European Painters in Italy about 1800,Henry J. Heinz II Galleries,2,Gallery 806,40.778251463,-73.963939194,False,acf902f460039b91eb9d4dd0bc755114
806,Northern European Painters in Italy about 1800,Henry J. Heinz II Galleries,2,Gallery 806,40.778251463,-73.963939194,False,acf902f460039b91eb9d4dd0bc755114
807,Northern European Landscape Painting,Christen Sveaas Gallery in the Henry J. Heinz II Galleries,2,Gallery 807,40.778282893,-73.964013787,False,4b528b4920d9a9fe0bedd2a3118692fd
807,Northern European Landscape Painting,Christen Sveaas Gallery in the Henry J. Heinz II Galleries,2,Gallery 807,40.778282893,-73.964013787,False,4b528b4920d9a9fe0bedd2a3118692fd
807,Northern European Landscape Painting,Christen Sveaas Gallery in the Henry J. Heinz II Galleries,2,Gallery 807,40.778282893,-73.964013787,False,4b528b4920d9a9fe0bedd2a3118692fd
807,Northern European Landscape Painting,Christen Sveaas Gallery in the Henry J. Heinz II Galleries,2,Gallery 807,40.778282893,-73.964013787,False,4b528b4920d9a9fe0bedd2a3118692fd
807,Northern European Landscape Painting,Christen Sveaas Gallery in the Henry J. Heinz II Galleries,2,Gallery 807,40.778282893,-73.964013787,False,4b528b4920d9a9fe0bedd2a3118692fd
807,Northern European Landscape Painting,Christen Sveaas Gallery in the Henry J. Heinz II Galleries,2,Gallery 807,40.778282893,-73.964013787,False,4b528b4920d9a9fe0bedd2a3118692fd
807,Northern European Landscape Painting,Christen Sveaas Gallery in the Henry J. Heinz II Galleries,2,Gallery 807,40.778282893,-73.964013787,False,4b528b4920d9a9fe0bedd2a3118692fd
808,Nineteenth-Century British Painting,Henry J. Heinz II Galleries,2,Gallery 808,40.77823181,-73.964051035,False,71fd8ee498cdf369152a74f718cd9cfa
808,Nineteenth-Century British Painting,Henry J. Heinz II Galleries,2,Gallery 808,40.77823181,-73.964051035,False,71fd8ee498cdf369152a74f718cd9cfa
808,Nineteenth-Century British Painting,Henry J. Heinz II Galleries,2,Gallery 808,40.77823181,-73.964051035,False,71fd8ee498cdf369152a74f718cd9cfa
808,Nineteenth-Century British Painting,Henry J. Heinz II Galleries,2,Gallery 808,40.77823181,-73.964051035,False,71fd8ee498cdf369152a74f718cd9cfa
808,Nineteenth-Century British Painting,Henry J. Heinz II Galleries,2,Gallery 808,40.77823181,-73.964051035,False,71fd8ee498cdf369152a74f718cd9cfa
808,Nineteenth-Century British Painting,Henry J. Heinz II Galleries,2,Gallery 808,40.77823181,-73.964051035,False,71fd8ee498cdf369152a74f718cd9cfa
808,Nineteenth-Century British Painting,Henry J. Heinz II Galleries,2,Gallery 808,40.77823181,-73.964051035,False,71fd8ee498cdf369152a74f718cd9cfa
809,Courbet Portraits,,2,Gallery 809,40.778574448,-73.963917609,False,e9f1020d2c5ddd49e5287914a9320452
809,Courbet Portraits,,2,Gallery 809,40.778574448,-73.963917609,False,e9f1020d2c5ddd49e5287914a9320452
809,Courbet Portraits,,2,Gallery 809,40.778574448,-73.963917609,False,e9f1020d2c5ddd49e5287914a9320452
809,Courbet Portraits,,2,Gallery 809,40.778574448,-73.963917609,False,e9f1020d2c5ddd49e5287914a9320452
809,Courbet Portraits,,2,Gallery 809,40.778574448,-73.963917609,False,e9f1020d2c5ddd49e5287914a9320452
809,Courbet Portraits,,2,Gallery 809,40.778574448,-73.963917609,False,e9f1020d2c5ddd49e5287914a9320452
809,Courbet Portraits,,2,Gallery 809,40.778574448,-73.963917609,False,e9f1020d2c5ddd49e5287914a9320452
810,Manet and His Contemporaries,,2,Gallery 810,40.778485113,-73.963982749,False,7b3885e14a2fb23df25c58513e5b589f
810,Manet and His Contemporaries,,2,Gallery 810,40.778485113,-73.963982749,False,7b3885e14a2fb23df25c58513e5b589f
810,Manet and His Contemporaries,,2,Gallery 810,40.778485113,-73.963982749,False,7b3885e14a2fb23df25c58513e5b589f
810,Manet and His Contemporaries,,2,Gallery 810,40.778485113,-73.963982749,False,7b3885e14a2fb23df25c58513e5b589f
810,Manet and His Contemporaries,,2,Gallery 810,40.778485113,-73.963982749,False,7b3885e14a2fb23df25c58513e5b589f
810,Manet and His Contemporaries,,2,Gallery 810,40.778485113,-73.963982749,False,7b3885e14a2fb23df25c58513e5b589f
810,Manet and His Contemporaries,,2,Gallery 810,40.778485113,-73.963982749,False,7b3885e14a2fb23df25c58513e5b589f
811,Courbet,,2,Gallery 811,40.778382116,-73.964057851,False,b39978f4a2c346b946457fa137228147
811,Courbet,,2,Gallery 811,40.778382116,-73.964057851,False,b39978f4a2c346b946457fa137228147
811,Courbet,,2,Gallery 811,40.778382116,-73.964057851,False,b39978f4a2c346b946457fa137228147
811,Courbet,,2,Gallery 811,40.778382116,-73.964057851,False,b39978f4a2c346b946457fa137228147
811,Courbet,,2,Gallery 811,40.778382116,-73.964057851,False,b39978f4a2c346b946457fa137228147
811,Courbet,,2,Gallery 811,40.778382116,-73.964057851,False,b39978f4a2c346b946457fa137228147
811,Courbet,,2,Gallery 811,40.778382116,-73.964057851,False,b39978f4a2c346b946457fa137228147
812,Courbet,Henry J. Heinz II Galleries,2,Gallery 812,40.778295363,-73.964121194,False,7777ca345f19cab6bb6859dbdd94c7aa
812,Courbet,Henry J. Heinz II Galleries,2,Gallery 812,40.778295363,-73.964121194,False,7777ca345f19cab6bb6859dbdd94c7aa
812,Courbet,Henry J. Heinz II Galleries,2,Gallery 812,40.778295363,-73.964121194,False,7777ca345f19cab6bb6859dbdd94c7aa
812,Courbet,Henry J. Heinz II Galleries,2,Gallery 812,40.778295363,-73.964121194,False,7777ca345f19cab6bb6859dbdd94c7aa
812,Courbet,Henry J. Heinz II Galleries,2,Gallery 812,40.778295363,-73.964121194,False,7777ca345f19cab6bb6859dbdd94c7aa
812,Courbet,Henry J. Heinz II Galleries,2,Gallery 812,40.778295363,-73.964121194,False,7777ca345f19cab6bb6859dbdd94c7aa
812,Courbet,Henry J. Heinz II Galleries,2,Gallery 812,40.778295363,-73.964121194,False,7777ca345f19cab6bb6859dbdd94c7aa
813,"Fin de Siècle Art and Design: Wisteria Room, ca. 1914",,2,Gallery 813,40.778335709,-73.963947713,True,4c8e5072bf10d834792fc4bb13926070
813,"Fin de Siècle Art and Design: Wisteria Room, ca. 1914",,2,Gallery 813,40.778335709,-73.963947713,True,4c8e5072bf10d834792fc4bb13926070
813,"Fin de Siècle Art and Design: Wisteria Room, ca. 1914",,2,Gallery 813,40.778335709,-73.963947713,True,4c8e5072bf10d834792fc4bb13926070
813,"Fin de Siècle Art and Design: Wisteria Room, ca. 1914",,2,Gallery 813,40.778335709,-73.963947713,True,4c8e5072bf10d834792fc4bb13926070
813,"Fin de Siècle Art and Design: Wisteria Room, ca. 1914",,2,Gallery 813,40.778335709,-73.963947713,True,4c8e5072bf10d834792fc4bb13926070
813,"Fin de Siècle Art and Design: Wisteria Room, ca. 1914",,2,Gallery 813,40.778335709,-73.963947713,True,4c8e5072bf10d834792fc4bb13926070
813,"Fin de Siècle Art and Design: Wisteria Room, ca. 1914",,2,Gallery 813,40.778335709,-73.963947713,True,4c8e5072bf10d834792fc4bb13926070
814,Degas Sculptures,The Havemeyer Galleries,2,Gallery 814,40.778398607,-73.963923425,True,940bdec3ad527b61dfe4114f05a9a118
814,Degas Sculptures,The Havemeyer Galleries,2,Gallery 814,40.778398607,-73.963923425,True,940bdec3ad527b61dfe4114f05a9a118
814,Degas Sculptures,The Havemeyer Galleries,2,Gallery 814,40.778398607,-73.963923425,True,940bdec3ad527b61dfe4114f05a9a118
814,Degas Sculptures,The Havemeyer Galleries,2,Gallery 814,40.778398607,-73.963923425,True,940bdec3ad527b61dfe4114f05a9a118
814,Degas Sculptures,The Havemeyer Galleries,2,Gallery 814,40.778398607,-73.963923425,True,940bdec3ad527b61dfe4114f05a9a118
814,Degas Sculptures,The Havemeyer Galleries,2,Gallery 814,40.778398607,-73.963923425,True,940bdec3ad527b61dfe4114f05a9a118
814,Degas Sculptures,The Havemeyer Galleries,2,Gallery 814,40.778398607,-73.963923425,True,940bdec3ad527b61dfe4114f05a9a118
815,Degas Paintings,The Havemeyer Galleries,2,Gallery 815,40.778445629,-73.963889138,False,aadad42839fa337c0589bf27df670196
815,Degas Paintings,The Havemeyer Galleries,2,Gallery 815,40.778445629,-73.963889138,False,aadad42839fa337c0589bf27df670196
815,Degas Paintings,The Havemeyer Galleries,2,Gallery 815,40.778445629,-73.963889138,False,aadad42839fa337c0589bf27df670196
815,Degas Paintings,The Havemeyer Galleries,2,Gallery 815,40.778445629,-73.963889138,False,aadad42839fa337c0589bf27df670196
815,Degas Paintings,The Havemeyer Galleries,2,Gallery 815,40.778445629,-73.963889138,False,aadad42839fa337c0589bf27df670196
815,Degas Paintings,The Havemeyer Galleries,2,Gallery 815,40.778445629,-73.963889138,False,aadad42839fa337c0589bf27df670196
815,Degas Paintings,The Havemeyer Galleries,2,Gallery 815,40.778445629,-73.963889138,False,aadad42839fa337c0589bf27df670196
816,Degas Pastels,The Havemeyer Galleries,2,Gallery 816,40.778492683,-73.963854828,True,64df315dbb9eaeec4547599525e2418b
816,Degas Pastels,The Havemeyer Galleries,2,Gallery 816,40.778492683,-73.963854828,True,64df315dbb9eaeec4547599525e2418b
816,Degas Pastels,The Havemeyer Galleries,2,Gallery 816,40.778492683,-73.963854828,True,64df315dbb9eaeec4547599525e2418b
816,Degas Pastels,The Havemeyer Galleries,2,Gallery 816,40.778492683,-73.963854828,True,64df315dbb9eaeec4547599525e2418b
816,Degas Pastels,The Havemeyer Galleries,2,Gallery 816,40.778492683,-73.963854828,True,64df315dbb9eaeec4547599525e2418b
816,Degas Pastels,The Havemeyer Galleries,2,Gallery 816,40.778492683,-73.963854828,True,64df315dbb9eaeec4547599525e2418b
816,Degas Pastels,The Havemeyer Galleries,2,Gallery 816,40.778492683,-73.963854828,True,64df315dbb9eaeec4547599525e2418b
817,"Degas, Manet, and Lautrec",The Havemeyer Galleries,2,Gallery 817,40.778534995,-73.963823975,True,dce0a05017dc43013b0ec8b5f8826b62
817,"Degas, Manet, and Lautrec",The Havemeyer Galleries,2,Gallery 817,40.778534995,-73.963823975,True,dce0a05017dc43013b0ec8b5f8826b62
817,"Degas, Manet, and Lautrec",The Havemeyer Galleries,2,Gallery 817,40.778534995,-73.963823975,True,dce0a05017dc43013b0ec8b5f8826b62
817,"Degas, Manet, and Lautrec",The Havemeyer Galleries,2,Gallery 817,40.778534995,-73.963823975,True,dce0a05017dc43013b0ec8b5f8826b62
817,"Degas, Manet, and Lautrec",The Havemeyer Galleries,2,Gallery 817,40.778534995,-73.963823975,True,dce0a05017dc43013b0ec8b5f8826b62
817,"Degas, Manet, and Lautrec",The Havemeyer Galleries,2,Gallery 817,40.778534995,-73.963823975,True,dce0a05017dc43013b0ec8b5f8826b62
817,"Degas, Manet, and Lautrec",The Havemeyer Galleries,2,Gallery 817,40.778534995,-73.963823975,True,dce0a05017dc43013b0ec8b5f8826b62
818,Early Monet,The Annenberg Galleries,2,Gallery 818,40.778600118,-73.964020352,False,f9f32fed0cb763c71a4c6bba3ad34ad3
818,Early Monet,The Annenberg Galleries,2,Gallery 818,40.778600118,-73.964020352,False,f9f32fed0cb763c71a4c6bba3ad34ad3
818,Early Monet,The Annenberg Galleries,2,Gallery 818,40.778600118,-73.964020352,False,f9f32fed0cb763c71a4c6bba3ad34ad3
818,Early Monet,The Annenberg Galleries,2,Gallery 818,40.778600118,-73.964020352,False,f9f32fed0cb763c71a4c6bba3ad34ad3
818,Early Monet,The Annenberg Galleries,2,Gallery 818,40.778600118,-73.964020352,False,f9f32fed0cb763c71a4c6bba3ad34ad3
818,Early Monet,The Annenberg Galleries,2,Gallery 818,40.778600118,-73.964020352,False,f9f32fed0cb763c71a4c6bba3ad34ad3
818,Early Monet,The Annenberg Galleries,2,Gallery 818,40.778600118,-73.964020352,False,f9f32fed0cb763c71a4c6bba3ad34ad3
819,Monet Mid-to-Late Career,The Annenberg Galleries,2,Gallery 819,40.778643845,-73.964124128,False,1b5aea645b1c53b78974807f125113fe
819,Monet Mid-to-Late Career,The Annenberg Galleries,2,Gallery 819,40.778643845,-73.964124128,False,1b5aea645b1c53b78974807f125113fe
819,Monet Mid-to-Late Career,The Annenberg Galleries,2,Gallery 819,40.778643845,-73.964124128,False,1b5aea645b1c53b78974807f125113fe
819,Monet Mid-to-Late Career,The Annenberg Galleries,2,Gallery 819,40.778643845,-73.964124128,False,1b5aea645b1c53b78974807f125113fe
819,Monet Mid-to-Late Career,The Annenberg Galleries,2,Gallery 819,40.778643845,-73.964124128,False,1b5aea645b1c53b78974807f125113fe
819,Monet Mid-to-Late Career,The Annenberg Galleries,2,Gallery 819,40.778643845,-73.964124128,False,1b5aea645b1c53b78974807f125113fe
819,Monet Mid-to-Late Career,The Annenberg Galleries,2,Gallery 819,40.778643845,-73.964124128,False,1b5aea645b1c53b78974807f125113fe
820,Pissarro,The Annenberg Galleries,2,Gallery 820,40.778689201,-73.964231773,False,04e582aeb5631f3c2bdcf0ae8bed4670
820,Pissarro,The Annenberg Galleries,2,Gallery 820,40.778689201,-73.964231773,False,04e582aeb5631f3c2bdcf0ae8bed4670
820,Pissarro,The Annenberg Galleries,2,Gallery 820,40.778689201,-73.964231773,False,04e582aeb5631f3c2bdcf0ae8bed4670
820,Pissarro,The Annenberg Galleries,2,Gallery 820,40.778689201,-73.964231773,False,04e582aeb5631f3c2bdcf0ae8bed4670
820,Pissarro,The Annenberg Galleries,2,Gallery 820,40.778689201,-73.964231773,False,04e582aeb5631f3c2bdcf0ae8bed4670
820,Pissarro,The Annenberg Galleries,2,Gallery 820,40.778689201,-73.964231773,False,04e582aeb5631f3c2bdcf0ae8bed4670
820,Pissarro,The Annenberg Galleries,2,Gallery 820,40.778689201,-73.964231773,False,04e582aeb5631f3c2bdcf0ae8bed4670
821,The Annenberg Collection: Nineteenth- and Twentieth-Century Masters,The Annenberg Galleries,2,Gallery 821,40.778524514,-73.96407548,False,90ff38ba29e6e9eb2203ab77df1bc1de
821,The Annenberg Collection: Nineteenth- and Twentieth-Century Masters,The Annenberg Galleries,2,Gallery 821,40.778524514,-73.96407548,False,90ff38ba29e6e9eb2203ab77df1bc1de
821,The Annenberg Collection: Nineteenth- and Twentieth-Century Masters,The Annenberg Galleries,2,Gallery 821,40.778524514,-73.96407548,False,90ff38ba29e6e9eb2203ab77df1bc1de
821,The Annenberg Collection: Nineteenth- and Twentieth-Century Masters,The Annenberg Galleries,2,Gallery 821,40.778524514,-73.96407548,False,90ff38ba29e6e9eb2203ab77df1bc1de
821,The Annenberg Collection: Nineteenth- and Twentieth-Century Masters,The Annenberg Galleries,2,Gallery 821,40.778524514,-73.96407548,False,90ff38ba29e6e9eb2203ab77df1bc1de
821,The Annenberg Collection: Nineteenth- and Twentieth-Century Masters,The Annenberg Galleries,2,Gallery 821,40.778524514,-73.96407548,False,90ff38ba29e6e9eb2203ab77df1bc1de
821,The Annenberg Collection: Nineteenth- and Twentieth-Century Masters,The Annenberg Galleries,2,Gallery 821,40.778524514,-73.96407548,False,90ff38ba29e6e9eb2203ab77df1bc1de
822,The Annenberg Collection: Nineteenth- and Twentieth-Century Masters,The Annenberg Galleries,2,Gallery 822,40.778568241,-73.964179256,False,535bd4c09f8f57bd861ddfe3392fbe1b
822,The Annenberg Collection: Nineteenth- and Twentieth-Century Masters,The Annenberg Galleries,2,Gallery 822,40.778568241,-73.964179256,False,535bd4c09f8f57bd861ddfe3392fbe1b
822,The Annenberg Collection: Nineteenth- and Twentieth-Century Masters,The Annenberg Galleries,2,Gallery 822,40.778568241,-73.964179256,False,535bd4c09f8f57bd861ddfe3392fbe1b
822,The Annenberg Collection: Nineteenth- and Twentieth-Century Masters,The Annenberg Galleries,2,Gallery 822,40.778568241,-73.964179256,False,535bd4c09f8f57bd861ddfe3392fbe1b
822,The Annenberg Collection: Nineteenth- and Twentieth-Century Masters,The Annenberg Galleries,2,Gallery 822,40.778568241,-73.964179256,False,535bd4c09f8f57bd861ddfe3392fbe1b
822,The Annenberg Collection: Nineteenth- and Twentieth-Century Masters,The Annenberg Galleries,2,Gallery 822,40.778568241,-73.964179256,False,535bd4c09f8f57bd861ddfe3392fbe1b
822,The Annenberg Collection: Nineteenth- and Twentieth-Century Masters,The Annenberg Galleries,2,Gallery 822,40.778568241,-73.964179256,False,535bd4c09f8f57bd861ddfe3392fbe1b
823,The Annenberg Collection: Nineteenth- and Twentieth-Century Masters,The Annenberg Galleries,2,Gallery 823,40.778613597,-73.964286901,False,ed1cea3aad421e5fb922ab18bc905eb8
823,The Annenberg Collection: Nineteenth- and Twentieth-Century Masters,The Annenberg Galleries,2,Gallery 823,40.778613597,-73.964286901,False,ed1cea3aad421e5fb922ab18bc905eb8
823,The Annenberg Collection: Nineteenth- and Twentieth-Century Masters,The Annenberg Galleries,2,Gallery 823,40.778613597,-73.964286901,False,ed1cea3aad421e5fb922ab18bc905eb8
823,The Annenberg Collection: Nineteenth- and Twentieth-Century Masters,The Annenberg Galleries,2,Gallery 823,40.778613597,-73.964286901,False,ed1cea3aad421e5fb922ab18bc905eb8
823,The Annenberg Collection: Nineteenth- and Twentieth-Century Masters,The Annenberg Galleries,2,Gallery 823,40.778613597,-73.964286901,False,ed1cea3aad421e5fb922ab18bc905eb8
823,The Annenberg Collection: Nineteenth- and Twentieth-Century Masters,The Annenberg Galleries,2,Gallery 823,40.778613597,-73.964286901,False,ed1cea3aad421e5fb922ab18bc905eb8
823,The Annenberg Collection: Nineteenth- and Twentieth-Century Masters,The Annenberg Galleries,2,Gallery 823,40.778613597,-73.964286901,False,ed1cea3aad421e5fb922ab18bc905eb8
824,Renoir and His Contemporaries,The Annenberg Galleries,2,Gallery 824,40.778434996,-73.964140753,False,d7559513fa3dfbef74bfed01ee3a87f4
824,Renoir and His Contemporaries,The Annenberg Galleries,2,Gallery 824,40.778434996,-73.964140753,False,d7559513fa3dfbef74bfed01ee3a87f4
824,Renoir and His Contemporaries,The Annenberg Galleries,2,Gallery 824,40.778434996,-73.964140753,False,d7559513fa3dfbef74bfed01ee3a87f4
824,Renoir and His Contemporaries,The Annenberg Galleries,2,Gallery 824,40.778434996,-73.964140753,False,d7559513fa3dfbef74bfed01ee3a87f4
824,Renoir and His Contemporaries,The Annenberg Galleries,2,Gallery 824,40.778434996,-73.964140753,False,d7559513fa3dfbef74bfed01ee3a87f4
824,Renoir and His Contemporaries,The Annenberg Galleries,2,Gallery 824,40.778434996,-73.964140753,False,d7559513fa3dfbef74bfed01ee3a87f4
824,Renoir and His Contemporaries,The Annenberg Galleries,2,Gallery 824,40.778434996,-73.964140753,False,d7559513fa3dfbef74bfed01ee3a87f4
825,"Van Gogh, Gauguin, and Seurat",The Annenberg Galleries,2,Gallery 825,40.778478722,-73.96424453,False,f43df91d42af1e9b18daa1c7d3719ed1
825,"Van Gogh, Gauguin, and Seurat",The Annenberg Galleries,2,Gallery 825,40.778478722,-73.96424453,False,f43df91d42af1e9b18daa1c7d3719ed1
825,"Van Gogh, Gauguin, and Seurat",The Annenberg Galleries,2,Gallery 825,40.778478722,-73.96424453,False,f43df91d42af1e9b18daa1c7d3719ed1
825,"Van Gogh, Gauguin, and Seurat",The Annenberg Galleries,2,Gallery 825,40.778478722,-73.96424453,False,f43df91d42af1e9b18daa1c7d3719ed1
825,"Van Gogh, Gauguin, and Seurat",The Annenberg Galleries,2,Gallery 825,40.778478722,-73.96424453,False,f43df91d42af1e9b18daa1c7d3719ed1
825,"Van Gogh, Gauguin, and Seurat",The Annenberg Galleries,2,Gallery 825,40.778478722,-73.96424453,False,f43df91d42af1e9b18daa1c7d3719ed1
825,"Van Gogh, Gauguin, and Seurat",The Annenberg Galleries,2,Gallery 825,40.778478722,-73.96424453,False,f43df91d42af1e9b18daa1c7d3719ed1
826,Cézanne,The Annenberg Galleries,2,Gallery 826,40.778524078,-73.964352174,False,1d534c27909ad78b01c3f465a038fea6
826,Cézanne,The Annenberg Galleries,2,Gallery 826,40.778524078,-73.964352174,False,1d534c27909ad78b01c3f465a038fea6
826,Cézanne,The Annenberg Galleries,2,Gallery 826,40.778524078,-73.964352174,False,1d534c27909ad78b01c3f465a038fea6
826,Cézanne,The Annenberg Galleries,2,Gallery 826,40.778524078,-73.964352174,False,1d534c27909ad78b01c3f465a038fea6
826,Cézanne,The Annenberg Galleries,2,Gallery 826,40.778524078,-73.964352174,False,1d534c27909ad78b01c3f465a038fea6
826,Cézanne,The Annenberg Galleries,2,Gallery 826,40.778524078,-73.964352174,False,1d534c27909ad78b01c3f465a038fea6
826,Cézanne,The Annenberg Galleries,2,Gallery 826,40.778524078,-73.964352174,False,1d534c27909ad78b01c3f465a038fea6
827,Salon Painting,Henry J. Heinz II Galleries,2,Gallery 827,40.778339034,-73.96422484,False,92d6318770357c9bbe4cb42fd881f13d
827,Salon Painting,Henry J. Heinz II Galleries,2,Gallery 827,40.778339034,-73.96422484,False,92d6318770357c9bbe4cb42fd881f13d
827,Salon Painting,Henry J. Heinz II Galleries,2,Gallery 827,40.778339034,-73.96422484,False,92d6318770357c9bbe4cb42fd881f13d
827,Salon Painting,Henry J. Heinz II Galleries,2,Gallery 827,40.778339034,-73.96422484,False,92d6318770357c9bbe4cb42fd881f13d
827,Salon Painting,Henry J. Heinz II Galleries,2,Gallery 827,40.778339034,-73.96422484,False,92d6318770357c9bbe4cb42fd881f13d
827,Salon Painting,Henry J. Heinz II Galleries,2,Gallery 827,40.778339034,-73.96422484,False,92d6318770357c9bbe4cb42fd881f13d
827,Salon Painting,Henry J. Heinz II Galleries,2,Gallery 827,40.778339034,-73.96422484,False,92d6318770357c9bbe4cb42fd881f13d
828,"Bonnard, Vuillard",Florence Gould Gallery in the Henry J. Heinz II Galleries,2,Gallery 828,40.778355517,-73.964344632,False,c5ae4e79631cdc33dfe05d30040aed6b
828,"Bonnard, Vuillard",Florence Gould Gallery in the Henry J. Heinz II Galleries,2,Gallery 828,40.778355517,-73.964344632,False,c5ae4e79631cdc33dfe05d30040aed6b
828,"Bonnard, Vuillard",Florence Gould Gallery in the Henry J. Heinz II Galleries,2,Gallery 828,40.778355517,-73.964344632,False,c5ae4e79631cdc33dfe05d30040aed6b
828,"Bonnard, Vuillard",Florence Gould Gallery in the Henry J. Heinz II Galleries,2,Gallery 828,40.778355517,-73.964344632,False,c5ae4e79631cdc33dfe05d30040aed6b
828,"Bonnard, Vuillard",Florence Gould Gallery in the Henry J. Heinz II Galleries,2,Gallery 828,40.778355517,-73.964344632,False,c5ae4e79631cdc33dfe05d30040aed6b
828,"Bonnard, Vuillard",Florence Gould Gallery in the Henry J. Heinz II Galleries,2,Gallery 828,40.778355517,-73.964344632,False,c5ae4e79631cdc33dfe05d30040aed6b
828,"Bonnard, Vuillard",Florence Gould Gallery in the Henry J. Heinz II Galleries,2,Gallery 828,40.778355517,-73.964344632,False,c5ae4e79631cdc33dfe05d30040aed6b
829,Fin de Siècle Avant-Garde,Henry J. Heinz II Galleries,2,Gallery 829,40.778406601,-73.964307384,False,212eecfab9c4b1d9837c2b43b87e4e9e
829,Fin de Siècle Avant-Garde,Henry J. Heinz II Galleries,2,Gallery 829,40.778406601,-73.964307384,False,212eecfab9c4b1d9837c2b43b87e4e9e
829,Fin de Siècle Avant-Garde,Henry J. Heinz II Galleries,2,Gallery 829,40.778406601,-73.964307384,False,212eecfab9c4b1d9837c2b43b87e4e9e
829,Fin de Siècle Avant-Garde,Henry J. Heinz II Galleries,2,Gallery 829,40.778406601,-73.964307384,False,212eecfab9c4b1d9837c2b43b87e4e9e
829,Fin de Siècle Avant-Garde,Henry J. Heinz II Galleries,2,Gallery 829,40.778406601,-73.964307384,False,212eecfab9c4b1d9837c2b43b87e4e9e
829,Fin de Siècle Avant-Garde,Henry J. Heinz II Galleries,2,Gallery 829,40.778406601,-73.964307384,False,212eecfab9c4b1d9837c2b43b87e4e9e
829,Fin de Siècle Avant-Garde,Henry J. Heinz II Galleries,2,Gallery 829,40.778406601,-73.964307384,False,212eecfab9c4b1d9837c2b43b87e4e9e
830,Early Picasso and Matisse,Henry J. Heinz II Galleries,2,Gallery 830,40.778423567,-73.964425464,False,243be4af76fa411b5b0ee99c37645dde
830,Early Picasso and Matisse,Henry J. Heinz II Galleries,2,Gallery 830,40.778423567,-73.964425464,False,243be4af76fa411b5b0ee99c37645dde
830,Early Picasso and Matisse,Henry J. Heinz II Galleries,2,Gallery 830,40.778423567,-73.964425464,False,243be4af76fa411b5b0ee99c37645dde
830,Early Picasso and Matisse,Henry J. Heinz II Galleries,2,Gallery 830,40.778423567,-73.964425464,False,243be4af76fa411b5b0ee99c37645dde
830,Early Picasso and Matisse,Henry J. Heinz II Galleries,2,Gallery 830,40.778423567,-73.964425464,False,243be4af76fa411b5b0ee99c37645dde
830,Early Picasso and Matisse,Henry J. Heinz II Galleries,2,Gallery 830,40.778423567,-73.964425464,False,243be4af76fa411b5b0ee99c37645dde
830,Early Picasso and Matisse,Henry J. Heinz II Galleries,2,Gallery 830,40.778423567,-73.964425464,False,243be4af76fa411b5b0ee99c37645dde
850,Photographs from the Permanent Collection,"Robert Wood Johnson, Jr. Gallery",2,Gallery 850,40.77902799,-73.963601724,False,222e069873a7ed15de9028b939b603d7
850,Photographs from the Permanent Collection,"Robert Wood Johnson, Jr. Gallery",2,Gallery 850,40.77902799,-73.963601724,False,222e069873a7ed15de9028b939b603d7
850,Photographs from the Permanent Collection,"Robert Wood Johnson, Jr. Gallery",2,Gallery 850,40.77902799,-73.963601724,False,222e069873a7ed15de9028b939b603d7
850,Photographs from the Permanent Collection,"Robert Wood Johnson, Jr. Gallery",2,Gallery 850,40.77902799,-73.963601724,False,222e069873a7ed15de9028b939b603d7
850,Photographs from the Permanent Collection,"Robert Wood Johnson, Jr. Gallery",2,Gallery 850,40.77902799,-73.963601724,False,222e069873a7ed15de9028b939b603d7
850,Photographs from the Permanent Collection,"Robert Wood Johnson, Jr. Gallery",2,Gallery 850,40.77902799,-73.963601724,False,222e069873a7ed15de9028b939b603d7
850,Photographs from the Permanent Collection,"Robert Wood Johnson, Jr. Gallery",2,Gallery 850,40.77902799,-73.963601724,False,222e069873a7ed15de9028b939b603d7
851,Contemporary Photographs,The Joyce and Robert Menschel Hall for Modern Photography,2,Gallery 851,40.778823425,-73.963842434,False,91fce20063181612950f776e4f3f699d
851,Contemporary Photographs,The Joyce and Robert Menschel Hall for Modern Photography,2,Gallery 851,40.778823425,-73.963842434,False,91fce20063181612950f776e4f3f699d
851,Contemporary Photographs,The Joyce and Robert Menschel Hall for Modern Photography,2,Gallery 851,40.778823425,-73.963842434,False,91fce20063181612950f776e4f3f699d
851,Contemporary Photographs,The Joyce and Robert Menschel Hall for Modern Photography,2,Gallery 851,40.778823425,-73.963842434,False,91fce20063181612950f776e4f3f699d
851,Contemporary Photographs,The Joyce and Robert Menschel Hall for Modern Photography,2,Gallery 851,40.778823425,-73.963842434,False,91fce20063181612950f776e4f3f699d
851,Contemporary Photographs,The Joyce and Robert Menschel Hall for Modern Photography,2,Gallery 851,40.778823425,-73.963842434,False,91fce20063181612950f776e4f3f699d
851,Contemporary Photographs,The Joyce and Robert Menschel Hall for Modern Photography,2,Gallery 851,40.778823425,-73.963842434,False,91fce20063181612950f776e4f3f699d
852,Lillian Bassman: Bazaar and Beyond,,2,Gallery 852,40.778642146,-73.963601385,False,a206a3cfdc615c45dd13a9ce6a3ff5cf
852,Lillian Bassman: Bazaar and Beyond,,2,Gallery 852,40.778642146,-73.963601385,False,a206a3cfdc615c45dd13a9ce6a3ff5cf
852,Lillian Bassman: Bazaar and Beyond,,2,Gallery 852,40.778642146,-73.963601385,False,a206a3cfdc615c45dd13a9ce6a3ff5cf
852,Lillian Bassman: Bazaar and Beyond,,2,Gallery 852,40.778642146,-73.963601385,False,a206a3cfdc615c45dd13a9ce6a3ff5cf
852,Lillian Bassman: Bazaar and Beyond,,2,Gallery 852,40.778642146,-73.963601385,False,a206a3cfdc615c45dd13a9ce6a3ff5cf
852,Lillian Bassman: Bazaar and Beyond,,2,Gallery 852,40.778642146,-73.963601385,False,a206a3cfdc615c45dd13a9ce6a3ff5cf
852,Lillian Bassman: Bazaar and Beyond,,2,Gallery 852,40.778642146,-73.963601385,False,a206a3cfdc615c45dd13a9ce6a3ff5cf
900,Retreat II,The Sharp Gallery in the Leonard A. Lauder Galleries,1,Gallery 900,40.778577568,-73.964622692,True,39e9aa4e9356c7497349557cf9966f61
900,Retreat II,The Sharp Gallery in the Leonard A. Lauder Galleries,1,Gallery 900,40.778577568,-73.964622692,True,39e9aa4e9356c7497349557cf9966f61
900,Retreat II,The Sharp Gallery in the Leonard A. Lauder Galleries,1,Gallery 900,40.778577568,-73.964622692,True,39e9aa4e9356c7497349557cf9966f61
900,Retreat II,The Sharp Gallery in the Leonard A. Lauder Galleries,1,Gallery 900,40.778577568,-73.964622692,True,39e9aa4e9356c7497349557cf9966f61
900,Retreat II,The Sharp Gallery in the Leonard A. Lauder Galleries,1,Gallery 900,40.778577568,-73.964622692,True,39e9aa4e9356c7497349557cf9966f61
900,Retreat II,The Sharp Gallery in the Leonard A. Lauder Galleries,1,Gallery 900,40.778577568,-73.964622692,True,39e9aa4e9356c7497349557cf9966f61
900,Retreat II,The Sharp Gallery in the Leonard A. Lauder Galleries,1,Gallery 900,40.778577568,-73.964622692,True,39e9aa4e9356c7497349557cf9966f61
901,Retreat I,Leonard A. Lauder Galleries,1,Gallery 901,40.778601295,-73.964679013,True,fa438e08922296a8419b416448e0652c
901,Retreat I,Leonard A. Lauder Galleries,1,Gallery 901,40.778601295,-73.964679013,True,fa438e08922296a8419b416448e0652c
901,Retreat I,Leonard A. Lauder Galleries,1,Gallery 901,40.778601295,-73.964679013,True,fa438e08922296a8419b416448e0652c
901,Retreat I,Leonard A. Lauder Galleries,1,Gallery 901,40.778601295,-73.964679013,True,fa438e08922296a8419b416448e0652c
901,Retreat I,Leonard A. Lauder Galleries,1,Gallery 901,40.778601295,-73.964679013,True,fa438e08922296a8419b416448e0652c
901,Retreat I,Leonard A. Lauder Galleries,1,Gallery 901,40.778601295,-73.964679013,True,fa438e08922296a8419b416448e0652c
901,Retreat I,Leonard A. Lauder Galleries,1,Gallery 901,40.778601295,-73.964679013,True,fa438e08922296a8419b416448e0652c
902,The Metropolis,Pierre and Maria-Gaetana Matisse Gallery in the Leonard A. Lauder Galleries,1,Gallery 902,40.778662656,-73.964824636,True,2f1f9fe1cc44afe48ddc82b0be16267f
902,The Metropolis,Pierre and Maria-Gaetana Matisse Gallery in the Leonard A. Lauder Galleries,1,Gallery 902,40.778662656,-73.964824636,True,2f1f9fe1cc44afe48ddc82b0be16267f
902,The Metropolis,Pierre and Maria-Gaetana Matisse Gallery in the Leonard A. Lauder Galleries,1,Gallery 902,40.778662656,-73.964824636,True,2f1f9fe1cc44afe48ddc82b0be16267f
902,The Metropolis,Pierre and Maria-Gaetana Matisse Gallery in the Leonard A. Lauder Galleries,1,Gallery 902,40.778662656,-73.964824636,True,2f1f9fe1cc44afe48ddc82b0be16267f
902,The Metropolis,Pierre and Maria-Gaetana Matisse Gallery in the Leonard A. Lauder Galleries,1,Gallery 902,40.778662656,-73.964824636,True,2f1f9fe1cc44afe48ddc82b0be16267f
902,The Metropolis,Pierre and Maria-Gaetana Matisse Gallery in the Leonard A. Lauder Galleries,1,Gallery 902,40.778662656,-73.964824636,True,2f1f9fe1cc44afe48ddc82b0be16267f
902,The Metropolis,Pierre and Maria-Gaetana Matisse Gallery in the Leonard A. Lauder Galleries,1,Gallery 902,40.778662656,-73.964824636,True,2f1f9fe1cc44afe48ddc82b0be16267f
903,Work and Industry,Leonard A. Lauder Galleries,1,Gallery 903,40.778676626,-73.964928442,True,662762914c43b571cde97bebc97022e9
903,Work and Industry,Leonard A. Lauder Galleries,1,Gallery 903,40.778676626,-73.964928442,True,662762914c43b571cde97bebc97022e9
903,Work and Industry,Leonard A. Lauder Galleries,1,Gallery 903,40.778676626,-73.964928442,True,662762914c43b571cde97bebc97022e9
903,Work and Industry,Leonard A. Lauder Galleries,1,Gallery 903,40.778676626,-73.964928442,True,662762914c43b571cde97bebc97022e9
903,Work and Industry,Leonard A. Lauder Galleries,1,Gallery 903,40.778676626,-73.964928442,True,662762914c43b571cde97bebc97022e9
903,Work and Industry,Leonard A. Lauder Galleries,1,Gallery 903,40.778676626,-73.964928442,True,662762914c43b571cde97bebc97022e9
903,Work and Industry,Leonard A. Lauder Galleries,1,Gallery 903,40.778676626,-73.964928442,True,662762914c43b571cde97bebc97022e9
904,European Modernism,Jacques and Natasha Gelman Galleries in the Leonard A. Lauder Galleries,1,Gallery 904,40.778740373,-73.965022393,True,d721f1c45f62607606a463bd3af7633e
904,European Modernism,Jacques and Natasha Gelman Galleries in the Leonard A. Lauder Galleries,1,Gallery 904,40.778740373,-73.965022393,True,d721f1c45f62607606a463bd3af7633e
904,European Modernism,Jacques and Natasha Gelman Galleries in the Leonard A. Lauder Galleries,1,Gallery 904,40.778740373,-73.965022393,True,d721f1c45f62607606a463bd3af7633e
904,European Modernism,Jacques and Natasha Gelman Galleries in the Leonard A. Lauder Galleries,1,Gallery 904,40.778740373,-73.965022393,True,d721f1c45f62607606a463bd3af7633e
904,European Modernism,Jacques and Natasha Gelman Galleries in the Leonard A. Lauder Galleries,1,Gallery 904,40.778740373,-73.965022393,True,d721f1c45f62607606a463bd3af7633e
904,European Modernism,Jacques and Natasha Gelman Galleries in the Leonard A. Lauder Galleries,1,Gallery 904,40.778740373,-73.965022393,True,d721f1c45f62607606a463bd3af7633e
904,European Modernism,Jacques and Natasha Gelman Galleries in the Leonard A. Lauder Galleries,1,Gallery 904,40.778740373,-73.965022393,True,d721f1c45f62607606a463bd3af7633e
905,European Modernism,Jacques and Natasha Gelman Galleries in the Leonard A. Lauder Galleries,1,Gallery 905,40.778795842,-73.964934167,True,dc9677ed8b473d20ba046c7383a3143a
905,European Modernism,Jacques and Natasha Gelman Galleries in the Leonard A. Lauder Galleries,1,Gallery 905,40.778795842,-73.964934167,True,dc9677ed8b473d20ba046c7383a3143a
905,European Modernism,Jacques and Natasha Gelman Galleries in the Leonard A. Lauder Galleries,1,Gallery 905,40.778795842,-73.964934167,True,dc9677ed8b473d20ba046c7383a3143a
905,European Modernism,Jacques and Natasha Gelman Galleries in the Leonard A. Lauder Galleries,1,Gallery 905,40.778795842,-73.964934167,True,dc9677ed8b473d20ba046c7383a3143a
905,European Modernism,Jacques and Natasha Gelman Galleries in the Leonard A. Lauder Galleries,1,Gallery 905,40.778795842,-73.964934167,True,dc9677ed8b473d20ba046c7383a3143a
905,European Modernism,Jacques and Natasha Gelman Galleries in the Leonard A. Lauder Galleries,1,Gallery 905,40.778795842,-73.964934167,True,dc9677ed8b473d20ba046c7383a3143a
905,European Modernism,Jacques and Natasha Gelman Galleries in the Leonard A. Lauder Galleries,1,Gallery 905,40.778795842,-73.964934167,True,dc9677ed8b473d20ba046c7383a3143a
906,European Modernism,Jacques and Natasha Gelman Galleries in the Leonard A. Lauder Galleries,1,Gallery 906,40.778902986,-73.964903826,True,cc673585a6a613971a357a95cf11aa60
906,European Modernism,Jacques and Natasha Gelman Galleries in the Leonard A. Lauder Galleries,1,Gallery 906,40.778902986,-73.964903826,True,cc673585a6a613971a357a95cf11aa60
906,European Modernism,Jacques and Natasha Gelman Galleries in the Leonard A. Lauder Galleries,1,Gallery 906,40.778902986,-73.964903826,True,cc673585a6a613971a357a95cf11aa60
906,European Modernism,Jacques and Natasha Gelman Galleries in the Leonard A. Lauder Galleries,1,Gallery 906,40.778902986,-73.964903826,True,cc673585a6a613971a357a95cf11aa60
906,European Modernism,Jacques and Natasha Gelman Galleries in the Leonard A. Lauder Galleries,1,Gallery 906,40.778902986,-73.964903826,True,cc673585a6a613971a357a95cf11aa60
906,European Modernism,Jacques and Natasha Gelman Galleries in the Leonard A. Lauder Galleries,1,Gallery 906,40.778902986,-73.964903826,True,cc673585a6a613971a357a95cf11aa60
906,European Modernism,Jacques and Natasha Gelman Galleries in the Leonard A. Lauder Galleries,1,Gallery 906,40.778902986,-73.964903826,True,cc673585a6a613971a357a95cf11aa60
907,European Modernism,Jacques and Natasha Gelman Galleries in the Leonard A. Lauder Galleries,1,Gallery 907,40.7789947,-73.964836949,True,086783806c1ffd0e4683cede7439249a
907,European Modernism,Jacques and Natasha Gelman Galleries in the Leonard A. Lauder Galleries,1,Gallery 907,40.7789947,-73.964836949,True,086783806c1ffd0e4683cede7439249a
907,European Modernism,Jacques and Natasha Gelman Galleries in the Leonard A. Lauder Galleries,1,Gallery 907,40.7789947,-73.964836949,True,086783806c1ffd0e4683cede7439249a
907,European Modernism,Jacques and Natasha Gelman Galleries in the Leonard A. Lauder Galleries,1,Gallery 907,40.7789947,-73.964836949,True,086783806c1ffd0e4683cede7439249a
907,European Modernism,Jacques and Natasha Gelman Galleries in the Leonard A. Lauder Galleries,1,Gallery 907,40.7789947,-73.964836949,True,086783806c1ffd0e4683cede7439249a
907,European Modernism,Jacques and Natasha Gelman Galleries in the Leonard A. Lauder Galleries,1,Gallery 907,40.7789947,-73.964836949,True,086783806c1ffd0e4683cede7439249a
907,European Modernism,Jacques and Natasha Gelman Galleries in the Leonard A. Lauder Galleries,1,Gallery 907,40.7789947,-73.964836949,True,086783806c1ffd0e4683cede7439249a
908,Avant-Garde,Muriel Kallis Steinberg Newman Gallery in the Leonard A. Lauder Galleries,1,Gallery 908,40.778817592,-73.96441846,True,2194f0a28fa254d7e3a62a06ee5c03f9
908,Avant-Garde,Muriel Kallis Steinberg Newman Gallery in the Leonard A. Lauder Galleries,1,Gallery 908,40.778817592,-73.96441846,True,2194f0a28fa254d7e3a62a06ee5c03f9
908,Avant-Garde,Muriel Kallis Steinberg Newman Gallery in the Leonard A. Lauder Galleries,1,Gallery 908,40.778817592,-73.96441846,True,2194f0a28fa254d7e3a62a06ee5c03f9
908,Avant-Garde,Muriel Kallis Steinberg Newman Gallery in the Leonard A. Lauder Galleries,1,Gallery 908,40.778817592,-73.96441846,True,2194f0a28fa254d7e3a62a06ee5c03f9
908,Avant-Garde,Muriel Kallis Steinberg Newman Gallery in the Leonard A. Lauder Galleries,1,Gallery 908,40.778817592,-73.96441846,True,2194f0a28fa254d7e3a62a06ee5c03f9
908,Avant-Garde,Muriel Kallis Steinberg Newman Gallery in the Leonard A. Lauder Galleries,1,Gallery 908,40.778817592,-73.96441846,True,2194f0a28fa254d7e3a62a06ee5c03f9
908,Avant-Garde,Muriel Kallis Steinberg Newman Gallery in the Leonard A. Lauder Galleries,1,Gallery 908,40.778817592,-73.96441846,True,2194f0a28fa254d7e3a62a06ee5c03f9
909,Thomas Hart Benton's America Today,Leonard A. Lauder Galleries,1,Gallery 909,40.778710673,-73.964525637,True,817906d3815d7e64fe83320ed6c1e198
909,Thomas Hart Benton's America Today,Leonard A. Lauder Galleries,1,Gallery 909,40.778710673,-73.964525637,True,817906d3815d7e64fe83320ed6c1e198
909,Thomas Hart Benton's America Today,Leonard A. Lauder Galleries,1,Gallery 909,40.778710673,-73.964525637,True,817906d3815d7e64fe83320ed6c1e198
909,Thomas Hart Benton's America Today,Leonard A. Lauder Galleries,1,Gallery 909,40.778710673,-73.964525637,True,817906d3815d7e64fe83320ed6c1e198
909,Thomas Hart Benton's America Today,Leonard A. Lauder Galleries,1,Gallery 909,40.778710673,-73.964525637,True,817906d3815d7e64fe83320ed6c1e198
909,Thomas Hart Benton's America Today,Leonard A. Lauder Galleries,1,Gallery 909,40.778710673,-73.964525637,True,817906d3815d7e64fe83320ed6c1e198
909,Thomas Hart Benton's America Today,Leonard A. Lauder Galleries,1,Gallery 909,40.778710673,-73.964525637,True,817906d3815d7e64fe83320ed6c1e198
910,Avant-Garde,The Esther Annenberg Simon Gallery in the Leonard A. Lauder Galleries,1,Gallery 910,40.778850739,-73.96449713,True,d967d1f94e928946316701d125bd8539
910,Avant-Garde,The Esther Annenberg Simon Gallery in the Leonard A. Lauder Galleries,1,Gallery 910,40.778850739,-73.96449713,True,d967d1f94e928946316701d125bd8539
910,Avant-Garde,The Esther Annenberg Simon Gallery in the Leonard A. Lauder Galleries,1,Gallery 910,40.778850739,-73.96449713,True,d967d1f94e928946316701d125bd8539
910,Avant-Garde,The Esther Annenberg Simon Gallery in the Leonard A. Lauder Galleries,1,Gallery 910,40.778850739,-73.96449713,True,d967d1f94e928946316701d125bd8539
910,Avant-Garde,The Esther Annenberg Simon Gallery in the Leonard A. Lauder Galleries,1,Gallery 910,40.778850739,-73.96449713,True,d967d1f94e928946316701d125bd8539
910,Avant-Garde,The Esther Annenberg Simon Gallery in the Leonard A. Lauder Galleries,1,Gallery 910,40.778850739,-73.96449713,True,d967d1f94e928946316701d125bd8539
910,Avant-Garde,The Esther Annenberg Simon Gallery in the Leonard A. Lauder Galleries,1,Gallery 910,40.778850739,-73.96449713,True,d967d1f94e928946316701d125bd8539
911,Direct Expression,Leonard A. Lauder Galleries,1,Gallery 911,40.778912097,-73.964642753,True,f0de94d7cf7d2891aa7220b514ab4fcb
911,Direct Expression,Leonard A. Lauder Galleries,1,Gallery 911,40.778912097,-73.964642753,True,f0de94d7cf7d2891aa7220b514ab4fcb
911,Direct Expression,Leonard A. Lauder Galleries,1,Gallery 911,40.778912097,-73.964642753,True,f0de94d7cf7d2891aa7220b514ab4fcb
911,Direct Expression,Leonard A. Lauder Galleries,1,Gallery 911,40.778912097,-73.964642753,True,f0de94d7cf7d2891aa7220b514ab4fcb
911,Direct Expression,Leonard A. Lauder Galleries,1,Gallery 911,40.778912097,-73.964642753,True,f0de94d7cf7d2891aa7220b514ab4fcb
911,Direct Expression,Leonard A. Lauder Galleries,1,Gallery 911,40.778912097,-73.964642753,True,f0de94d7cf7d2891aa7220b514ab4fcb
911,Direct Expression,Leonard A. Lauder Galleries,1,Gallery 911,40.778912097,-73.964642753,True,f0de94d7cf7d2891aa7220b514ab4fcb
912,Abstraction,The Marietta Lutze Sackler Gallery in the Leonard A. Lauder Galleries,1,Gallery 912,40.779000639,-73.964692182,True,2c27dc80b8384a790883794940cea037
912,Abstraction,The Marietta Lutze Sackler Gallery in the Leonard A. Lauder Galleries,1,Gallery 912,40.779000639,-73.964692182,True,2c27dc80b8384a790883794940cea037
912,Abstraction,The Marietta Lutze Sackler Gallery in the Leonard A. Lauder Galleries,1,Gallery 912,40.779000639,-73.964692182,True,2c27dc80b8384a790883794940cea037
912,Abstraction,The Marietta Lutze Sackler Gallery in the Leonard A. Lauder Galleries,1,Gallery 912,40.779000639,-73.964692182,True,2c27dc80b8384a790883794940cea037
912,Abstraction,The Marietta Lutze Sackler Gallery in the Leonard A. Lauder Galleries,1,Gallery 912,40.779000639,-73.964692182,True,2c27dc80b8384a790883794940cea037
912,Abstraction,The Marietta Lutze Sackler Gallery in the Leonard A. Lauder Galleries,1,Gallery 912,40.779000639,-73.964692182,True,2c27dc80b8384a790883794940cea037
912,Abstraction,The Marietta Lutze Sackler Gallery in the Leonard A. Lauder Galleries,1,Gallery 912,40.779000639,-73.964692182,True,2c27dc80b8384a790883794940cea037
913,Abstraction,The Helen and Milton A. Kimmelman Gallery in the Leonard A. Lauder Galleries,1,Gallery 913,40.778844701,-73.964805889,True,b11ee56083bd2cd2d1769f4df82df987
913,Abstraction,The Helen and Milton A. Kimmelman Gallery in the Leonard A. Lauder Galleries,1,Gallery 913,40.778844701,-73.964805889,True,b11ee56083bd2cd2d1769f4df82df987
913,Abstraction,The Helen and Milton A. Kimmelman Gallery in the Leonard A. Lauder Galleries,1,Gallery 913,40.778844701,-73.964805889,True,b11ee56083bd2cd2d1769f4df82df987
913,Abstraction,The Helen and Milton A. Kimmelman Gallery in the Leonard A. Lauder Galleries,1,Gallery 913,40.778844701,-73.964805889,True,b11ee56083bd2cd2d1769f4df82df987
913,Abstraction,The Helen and Milton A. Kimmelman Gallery in the Leonard A. Lauder Galleries,1,Gallery 913,40.778844701,-73.964805889,True,b11ee56083bd2cd2d1769f4df82df987
913,Abstraction,The Helen and Milton A. Kimmelman Gallery in the Leonard A. Lauder Galleries,1,Gallery 913,40.778844701,-73.964805889,True,b11ee56083bd2cd2d1769f4df82df987
913,Abstraction,The Helen and Milton A. Kimmelman Gallery in the Leonard A. Lauder Galleries,1,Gallery 913,40.778844701,-73.964805889,True,b11ee56083bd2cd2d1769f4df82df987
914,Gallery 914,Lila Acheson Wallace Wing,1M,Gallery 914,40.778988672,-73.964663778,False,8769e1a036abd86f048afc47093a0b48
914,Gallery 914,Lila Acheson Wallace Wing,1M,Gallery 914,40.778988672,-73.964663778,False,8769e1a036abd86f048afc47093a0b48
914,Gallery 914,Lila Acheson Wallace Wing,1M,Gallery 914,40.778988672,-73.964663778,False,8769e1a036abd86f048afc47093a0b48
914,Gallery 914,Lila Acheson Wallace Wing,1M,Gallery 914,40.778988672,-73.964663778,False,8769e1a036abd86f048afc47093a0b48
914,Gallery 914,Lila Acheson Wallace Wing,1M,Gallery 914,40.778988672,-73.964663778,False,8769e1a036abd86f048afc47093a0b48
914,Gallery 914,Lila Acheson Wallace Wing,1M,Gallery 914,40.778988672,-73.964663778,False,8769e1a036abd86f048afc47093a0b48
914,Gallery 914,Lila Acheson Wallace Wing,1M,Gallery 914,40.778988672,-73.964663778,False,8769e1a036abd86f048afc47093a0b48
915,The Blanche and A.L. Levine Court for Modern and Contemporary Art,Blanche and A.L. Levine Court,1M,Gallery 915,40.778984307,-73.964844502,False,270553b534378d6e3539a594505e3978
915,The Blanche and A.L. Levine Court for Modern and Contemporary Art,Blanche and A.L. Levine Court,1M,Gallery 915,40.778984307,-73.964844502,False,270553b534378d6e3539a594505e3978
915,The Blanche and A.L. Levine Court for Modern and Contemporary Art,Blanche and A.L. Levine Court,1M,Gallery 915,40.778984307,-73.964844502,False,270553b534378d6e3539a594505e3978
915,The Blanche and A.L. Levine Court for Modern and Contemporary Art,Blanche and A.L. Levine Court,1M,Gallery 915,40.778984307,-73.964844502,False,270553b534378d6e3539a594505e3978
915,The Blanche and A.L. Levine Court for Modern and Contemporary Art,Blanche and A.L. Levine Court,1M,Gallery 915,40.778984307,-73.964844502,False,270553b534378d6e3539a594505e3978
915,The Blanche and A.L. Levine Court for Modern and Contemporary Art,Blanche and A.L. Levine Court,1M,Gallery 915,40.778984307,-73.964844502,False,270553b534378d6e3539a594505e3978
915,The Blanche and A.L. Levine Court for Modern and Contemporary Art,Blanche and A.L. Levine Court,1M,Gallery 915,40.778984307,-73.964844502,False,270553b534378d6e3539a594505e3978
916,The Gioconda and Joseph King Gallery,The Gioconda and Joseph King Gallery in the Leonard A. Lauder Galleries,1M,Gallery 916,40.77866461,-73.964902876,False,35597eea5fd094d6425fa58e66c6a15a
916,The Gioconda and Joseph King Gallery,The Gioconda and Joseph King Gallery in the Leonard A. Lauder Galleries,1M,Gallery 916,40.77866461,-73.964902876,False,35597eea5fd094d6425fa58e66c6a15a
916,The Gioconda and Joseph King Gallery,The Gioconda and Joseph King Gallery in the Leonard A. Lauder Galleries,1M,Gallery 916,40.77866461,-73.964902876,False,35597eea5fd094d6425fa58e66c6a15a
916,The Gioconda and Joseph King Gallery,The Gioconda and Joseph King Gallery in the Leonard A. Lauder Galleries,1M,Gallery 916,40.77866461,-73.964902876,False,35597eea5fd094d6425fa58e66c6a15a
916,The Gioconda and Joseph King Gallery,The Gioconda and Joseph King Gallery in the Leonard A. Lauder Galleries,1M,Gallery 916,40.77866461,-73.964902876,False,35597eea5fd094d6425fa58e66c6a15a
916,The Gioconda and Joseph King Gallery,The Gioconda and Joseph King Gallery in the Leonard A. Lauder Galleries,1M,Gallery 916,40.77866461,-73.964902876,False,35597eea5fd094d6425fa58e66c6a15a
916,The Gioconda and Joseph King Gallery,The Gioconda and Joseph King Gallery in the Leonard A. Lauder Galleries,1M,Gallery 916,40.77866461,-73.964902876,False,35597eea5fd094d6425fa58e66c6a15a
917,Gallery 917,Lila Acheson Wallace Wing,2,Gallery 917,40.778491228,-73.964492066,True,a7cf2c91c37af93e0bb7a4a49672ade5
917,Gallery 917,Lila Acheson Wallace Wing,2,Gallery 917,40.778491228,-73.964492066,True,a7cf2c91c37af93e0bb7a4a49672ade5
917,Gallery 917,Lila Acheson Wallace Wing,2,Gallery 917,40.778491228,-73.964492066,True,a7cf2c91c37af93e0bb7a4a49672ade5
917,Gallery 917,Lila Acheson Wallace Wing,2,Gallery 917,40.778491228,-73.964492066,True,a7cf2c91c37af93e0bb7a4a49672ade5
917,Gallery 917,Lila Acheson Wallace Wing,2,Gallery 917,40.778491228,-73.964492066,True,a7cf2c91c37af93e0bb7a4a49672ade5
917,Gallery 917,Lila Acheson Wallace Wing,2,Gallery 917,40.778491228,-73.964492066,True,a7cf2c91c37af93e0bb7a4a49672ade5
917,Gallery 917,Lila Acheson Wallace Wing,2,Gallery 917,40.778491228,-73.964492066,True,a7cf2c91c37af93e0bb7a4a49672ade5
918,Gallery 918,Lila Acheson Wallace Wing,2,Gallery 918,40.778541667,-73.96461177,True,4d4315a79290e9d277d5d5183f9c7d74
918,Gallery 918,Lila Acheson Wallace Wing,2,Gallery 918,40.778541667,-73.96461177,True,4d4315a79290e9d277d5d5183f9c7d74
918,Gallery 918,Lila Acheson Wallace Wing,2,Gallery 918,40.778541667,-73.96461177,True,4d4315a79290e9d277d5d5183f9c7d74
918,Gallery 918,Lila Acheson Wallace Wing,2,Gallery 918,40.778541667,-73.96461177,True,4d4315a79290e9d277d5d5183f9c7d74
918,Gallery 918,Lila Acheson Wallace Wing,2,Gallery 918,40.778541667,-73.96461177,True,4d4315a79290e9d277d5d5183f9c7d74
918,Gallery 918,Lila Acheson Wallace Wing,2,Gallery 918,40.778541667,-73.96461177,True,4d4315a79290e9d277d5d5183f9c7d74
918,Gallery 918,Lila Acheson Wallace Wing,2,Gallery 918,40.778541667,-73.96461177,True,4d4315a79290e9d277d5d5183f9c7d74
919,Gallery 919,Donald and Vera Blinken Galleries,2,Gallery 919,40.77859885,-73.964747483,True,6254885854e8172376cdbb3d0b9b1264
919,Gallery 919,Donald and Vera Blinken Galleries,2,Gallery 919,40.77859885,-73.964747483,True,6254885854e8172376cdbb3d0b9b1264
919,Gallery 919,Donald and Vera Blinken Galleries,2,Gallery 919,40.77859885,-73.964747483,True,6254885854e8172376cdbb3d0b9b1264
919,Gallery 919,Donald and Vera Blinken Galleries,2,Gallery 919,40.77859885,-73.964747483,True,6254885854e8172376cdbb3d0b9b1264
919,Gallery 919,Donald and Vera Blinken Galleries,2,Gallery 919,40.77859885,-73.964747483,True,6254885854e8172376cdbb3d0b9b1264
919,Gallery 919,Donald and Vera Blinken Galleries,2,Gallery 919,40.77859885,-73.964747483,True,6254885854e8172376cdbb3d0b9b1264
919,Gallery 919,Donald and Vera Blinken Galleries,2,Gallery 919,40.77859885,-73.964747483,True,6254885854e8172376cdbb3d0b9b1264
920,Gallery 920,Lila Acheson Wallace Wing,2,Gallery 920,40.778653384,-73.964913047,True,f3c9983733ed6fd903b2eedcd01adc0e
920,Gallery 920,Lila Acheson Wallace Wing,2,Gallery 920,40.778653384,-73.964913047,True,f3c9983733ed6fd903b2eedcd01adc0e
920,Gallery 920,Lila Acheson Wallace Wing,2,Gallery 920,40.778653384,-73.964913047,True,f3c9983733ed6fd903b2eedcd01adc0e
920,Gallery 920,Lila Acheson Wallace Wing,2,Gallery 920,40.778653384,-73.964913047,True,f3c9983733ed6fd903b2eedcd01adc0e
920,Gallery 920,Lila Acheson Wallace Wing,2,Gallery 920,40.778653384,-73.964913047,True,f3c9983733ed6fd903b2eedcd01adc0e
920,Gallery 920,Lila Acheson Wallace Wing,2,Gallery 920,40.778653384,-73.964913047,True,f3c9983733ed6fd903b2eedcd01adc0e
920,Gallery 920,Lila Acheson Wallace Wing,2,Gallery 920,40.778653384,-73.964913047,True,f3c9983733ed6fd903b2eedcd01adc0e
921,Gallery 921,Lila Acheson Wallace Wing,2,Gallery 921,40.778719642,-73.964864735,True,0c97de671c07af7e1d03e7e04f0c683e
921,Gallery 921,Lila Acheson Wallace Wing,2,Gallery 921,40.778719642,-73.964864735,True,0c97de671c07af7e1d03e7e04f0c683e
921,Gallery 921,Lila Acheson Wallace Wing,2,Gallery 921,40.778719642,-73.964864735,True,0c97de671c07af7e1d03e7e04f0c683e
921,Gallery 921,Lila Acheson Wallace Wing,2,Gallery 921,40.778719642,-73.964864735,True,0c97de671c07af7e1d03e7e04f0c683e
921,Gallery 921,Lila Acheson Wallace Wing,2,Gallery 921,40.778719642,-73.964864735,True,0c97de671c07af7e1d03e7e04f0c683e
921,Gallery 921,Lila Acheson Wallace Wing,2,Gallery 921,40.778719642,-73.964864735,True,0c97de671c07af7e1d03e7e04f0c683e
921,Gallery 921,Lila Acheson Wallace Wing,2,Gallery 921,40.778719642,-73.964864735,True,0c97de671c07af7e1d03e7e04f0c683e
922,Gallery 922,Lila Acheson Wallace Wing,2,Gallery 922,40.778788657,-73.964814412,True,b6e7d135a37e0f31d8595e2b770f2047
922,Gallery 922,Lila Acheson Wallace Wing,2,Gallery 922,40.778788657,-73.964814412,True,b6e7d135a37e0f31d8595e2b770f2047
922,Gallery 922,Lila Acheson Wallace Wing,2,Gallery 922,40.778788657,-73.964814412,True,b6e7d135a37e0f31d8595e2b770f2047
922,Gallery 922,Lila Acheson Wallace Wing,2,Gallery 922,40.778788657,-73.964814412,True,b6e7d135a37e0f31d8595e2b770f2047
922,Gallery 922,Lila Acheson Wallace Wing,2,Gallery 922,40.778788657,-73.964814412,True,b6e7d135a37e0f31d8595e2b770f2047
922,Gallery 922,Lila Acheson Wallace Wing,2,Gallery 922,40.778788657,-73.964814412,True,b6e7d135a37e0f31d8595e2b770f2047
922,Gallery 922,Lila Acheson Wallace Wing,2,Gallery 922,40.778788657,-73.964814412,True,b6e7d135a37e0f31d8595e2b770f2047
923,Gallery 923,Lila Acheson Wallace Wing,2,Gallery 923,40.778855508,-73.964765667,True,010b34543ff2f495954cf16b0af84834
923,Gallery 923,Lila Acheson Wallace Wing,2,Gallery 923,40.778855508,-73.964765667,True,010b34543ff2f495954cf16b0af84834
923,Gallery 923,Lila Acheson Wallace Wing,2,Gallery 923,40.778855508,-73.964765667,True,010b34543ff2f495954cf16b0af84834
923,Gallery 923,Lila Acheson Wallace Wing,2,Gallery 923,40.778855508,-73.964765667,True,010b34543ff2f495954cf16b0af84834
923,Gallery 923,Lila Acheson Wallace Wing,2,Gallery 923,40.778855508,-73.964765667,True,010b34543ff2f495954cf16b0af84834
923,Gallery 923,Lila Acheson Wallace Wing,2,Gallery 923,40.778855508,-73.964765667,True,010b34543ff2f495954cf16b0af84834
923,Gallery 923,Lila Acheson Wallace Wing,2,Gallery 923,40.778855508,-73.964765667,True,010b34543ff2f495954cf16b0af84834
924,Gallery 924,Lila Acheson Wallace Wing,2,Gallery 924,40.778923899,-73.964715799,True,12e6a800113446e88e42c0120634a7f2
924,Gallery 924,Lila Acheson Wallace Wing,2,Gallery 924,40.778923899,-73.964715799,True,12e6a800113446e88e42c0120634a7f2
924,Gallery 924,Lila Acheson Wallace Wing,2,Gallery 924,40.778923899,-73.964715799,True,12e6a800113446e88e42c0120634a7f2
924,Gallery 924,Lila Acheson Wallace Wing,2,Gallery 924,40.778923899,-73.964715799,True,12e6a800113446e88e42c0120634a7f2
924,Gallery 924,Lila Acheson Wallace Wing,2,Gallery 924,40.778923899,-73.964715799,True,12e6a800113446e88e42c0120634a7f2
924,Gallery 924,Lila Acheson Wallace Wing,2,Gallery 924,40.778923899,-73.964715799,True,12e6a800113446e88e42c0120634a7f2
924,Gallery 924,Lila Acheson Wallace Wing,2,Gallery 924,40.778923899,-73.964715799,True,12e6a800113446e88e42c0120634a7f2
925,Gallery 925,Lila Acheson Wallace Wing,2,Gallery 925,40.778990216,-73.964667443,True,45e2c1046321f16ebc998da4dd300b10
925,Gallery 925,Lila Acheson Wallace Wing,2,Gallery 925,40.778990216,-73.964667443,True,45e2c1046321f16ebc998da4dd300b10
925,Gallery 925,Lila Acheson Wallace Wing,2,Gallery 925,40.778990216,-73.964667443,True,45e2c1046321f16ebc998da4dd300b10
925,Gallery 925,Lila Acheson Wallace Wing,2,Gallery 925,40.778990216,-73.964667443,True,45e2c1046321f16ebc998da4dd300b10
925,Gallery 925,Lila Acheson Wallace Wing,2,Gallery 925,40.778990216,-73.964667443,True,45e2c1046321f16ebc998da4dd300b10
925,Gallery 925,Lila Acheson Wallace Wing,2,Gallery 925,40.778990216,-73.964667443,True,45e2c1046321f16ebc998da4dd300b10
925,Gallery 925,Lila Acheson Wallace Wing,2,Gallery 925,40.778990216,-73.964667443,True,45e2c1046321f16ebc998da4dd300b10
926,The Iris and B. Gerald Cantor Roof Garden,Annie Laurie Aitken Galleries,5,Gallery 926,40.778732933,-73.964560892,True,6dde5a60fa49cde6418f5db4f864c5f4
926,The Iris and B. Gerald Cantor Roof Garden,Annie Laurie Aitken Galleries,5,Gallery 926,40.778732933,-73.964560892,True,6dde5a60fa49cde6418f5db4f864c5f4
926,The Iris and B. Gerald Cantor Roof Garden,Annie Laurie Aitken Galleries,5,Gallery 926,40.778732933,-73.964560892,True,6dde5a60fa49cde6418f5db4f864c5f4
926,The Iris and B. Gerald Cantor Roof Garden,Annie Laurie Aitken Galleries,5,Gallery 926,40.778732933,-73.964560892,True,6dde5a60fa49cde6418f5db4f864c5f4
926,The Iris and B. Gerald Cantor Roof Garden,Annie Laurie Aitken Galleries,5,Gallery 926,40.778732933,-73.964560892,True,6dde5a60fa49cde6418f5db4f864c5f4
926,The Iris and B. Gerald Cantor Roof Garden,Annie Laurie Aitken Galleries,5,Gallery 926,40.778732933,-73.964560892,True,6dde5a60fa49cde6418f5db4f864c5f4
926,The Iris and B. Gerald Cantor Roof Garden,Annie Laurie Aitken Galleries,5,Gallery 926,40.778732933,-73.964560892,True,6dde5a60fa49cde6418f5db4f864c5f4
950,Maiolica,Robert Lehman Collection,1,Gallery 950,40.779958005,-73.964091171,True,a2dd16fdb897f7cd3f79182f6b3b924b
950,Maiolica,Robert Lehman Collection,1,Gallery 950,40.779958005,-73.964091171,True,a2dd16fdb897f7cd3f79182f6b3b924b
950,Maiolica,Robert Lehman Collection,1,Gallery 950,40.779958005,-73.964091171,True,a2dd16fdb897f7cd3f79182f6b3b924b
950,Maiolica,Robert Lehman Collection,1,Gallery 950,40.779958005,-73.964091171,True,a2dd16fdb897f7cd3f79182f6b3b924b
950,Maiolica,Robert Lehman Collection,1,Gallery 950,40.779958005,-73.964091171,True,a2dd16fdb897f7cd3f79182f6b3b924b
950,Maiolica,Robert Lehman Collection,1,Gallery 950,40.779958005,-73.964091171,True,a2dd16fdb897f7cd3f79182f6b3b924b
950,Maiolica,Robert Lehman Collection,1,Gallery 950,40.779958005,-73.964091171,True,a2dd16fdb897f7cd3f79182f6b3b924b
951,Decorative Objects,Robert Lehman Collection,1,Gallery 951,40.779967856,-73.964166678,True,ef72d8c37e4e86a3e03116469f47c92b
951,Decorative Objects,Robert Lehman Collection,1,Gallery 951,40.779967856,-73.964166678,True,ef72d8c37e4e86a3e03116469f47c92b
951,Decorative Objects,Robert Lehman Collection,1,Gallery 951,40.779967856,-73.964166678,True,ef72d8c37e4e86a3e03116469f47c92b
951,Decorative Objects,Robert Lehman Collection,1,Gallery 951,40.779967856,-73.964166678,True,ef72d8c37e4e86a3e03116469f47c92b
951,Decorative Objects,Robert Lehman Collection,1,Gallery 951,40.779967856,-73.964166678,True,ef72d8c37e4e86a3e03116469f47c92b
951,Decorative Objects,Robert Lehman Collection,1,Gallery 951,40.779967856,-73.964166678,True,ef72d8c37e4e86a3e03116469f47c92b
951,Decorative Objects,Robert Lehman Collection,1,Gallery 951,40.779967856,-73.964166678,True,ef72d8c37e4e86a3e03116469f47c92b
952,Fourteenth- and Fifteenth-Century Italian Paintings,Robert Lehman Collection,1,Gallery 952,40.779951796,-73.964240305,True,2b1656df67391454ac1e709ce4697b34
952,Fourteenth- and Fifteenth-Century Italian Paintings,Robert Lehman Collection,1,Gallery 952,40.779951796,-73.964240305,True,2b1656df67391454ac1e709ce4697b34
952,Fourteenth- and Fifteenth-Century Italian Paintings,Robert Lehman Collection,1,Gallery 952,40.779951796,-73.964240305,True,2b1656df67391454ac1e709ce4697b34
952,Fourteenth- and Fifteenth-Century Italian Paintings,Robert Lehman Collection,1,Gallery 952,40.779951796,-73.964240305,True,2b1656df67391454ac1e709ce4697b34
952,Fourteenth- and Fifteenth-Century Italian Paintings,Robert Lehman Collection,1,Gallery 952,40.779951796,-73.964240305,True,2b1656df67391454ac1e709ce4697b34
952,Fourteenth- and Fifteenth-Century Italian Paintings,Robert Lehman Collection,1,Gallery 952,40.779951796,-73.964240305,True,2b1656df67391454ac1e709ce4697b34
952,Fourteenth- and Fifteenth-Century Italian Paintings,Robert Lehman Collection,1,Gallery 952,40.779951796,-73.964240305,True,2b1656df67391454ac1e709ce4697b34
953,Northern Renaissance Paintings,Robert Lehman Collection,1,Gallery 953,40.779936086,-73.96431229,True,aa6801cc294006c622b0f9f4f15349e2
953,Northern Renaissance Paintings,Robert Lehman Collection,1,Gallery 953,40.779936086,-73.96431229,True,aa6801cc294006c622b0f9f4f15349e2
953,Northern Renaissance Paintings,Robert Lehman Collection,1,Gallery 953,40.779936086,-73.96431229,True,aa6801cc294006c622b0f9f4f15349e2
953,Northern Renaissance Paintings,Robert Lehman Collection,1,Gallery 953,40.779936086,-73.96431229,True,aa6801cc294006c622b0f9f4f15349e2
953,Northern Renaissance Paintings,Robert Lehman Collection,1,Gallery 953,40.779936086,-73.96431229,True,aa6801cc294006c622b0f9f4f15349e2
953,Northern Renaissance Paintings,Robert Lehman Collection,1,Gallery 953,40.779936086,-73.96431229,True,aa6801cc294006c622b0f9f4f15349e2
953,Northern Renaissance Paintings,Robert Lehman Collection,1,Gallery 953,40.779936086,-73.96431229,True,aa6801cc294006c622b0f9f4f15349e2
954,European Glass,Robert Lehman Collection,1,Gallery 954,40.779920504,-73.964383771,True,b82e8042131716bd63c72776717480f5
954,European Glass,Robert Lehman Collection,1,Gallery 954,40.779920504,-73.964383771,True,b82e8042131716bd63c72776717480f5
954,European Glass,Robert Lehman Collection,1,Gallery 954,40.779920504,-73.964383771,True,b82e8042131716bd63c72776717480f5
954,European Glass,Robert Lehman Collection,1,Gallery 954,40.779920504,-73.964383771,True,b82e8042131716bd63c72776717480f5
954,European Glass,Robert Lehman Collection,1,Gallery 954,40.779920504,-73.964383771,True,b82e8042131716bd63c72776717480f5
954,European Glass,Robert Lehman Collection,1,Gallery 954,40.779920504,-73.964383771,True,b82e8042131716bd63c72776717480f5
954,European Glass,Robert Lehman Collection,1,Gallery 954,40.779920504,-73.964383771,True,b82e8042131716bd63c72776717480f5
955,Robert Lehman Collection Gallery for Special Exhibitions ,Robert Lehman Collection,1,Gallery 955,40.779871074,-73.964478802,False,7795a0bab88394589fffb61ac45c8399
955,Robert Lehman Collection Gallery for Special Exhibitions ,Robert Lehman Collection,1,Gallery 955,40.779871074,-73.964478802,False,7795a0bab88394589fffb61ac45c8399
955,Robert Lehman Collection Gallery for Special Exhibitions ,Robert Lehman Collection,1,Gallery 955,40.779871074,-73.964478802,False,7795a0bab88394589fffb61ac45c8399
955,Robert Lehman Collection Gallery for Special Exhibitions ,Robert Lehman Collection,1,Gallery 955,40.779871074,-73.964478802,False,7795a0bab88394589fffb61ac45c8399
955,Robert Lehman Collection Gallery for Special Exhibitions ,Robert Lehman Collection,1,Gallery 955,40.779871074,-73.964478802,False,7795a0bab88394589fffb61ac45c8399
955,Robert Lehman Collection Gallery for Special Exhibitions ,Robert Lehman Collection,1,Gallery 955,40.779871074,-73.964478802,False,7795a0bab88394589fffb61ac45c8399
955,Robert Lehman Collection Gallery for Special Exhibitions ,Robert Lehman Collection,1,Gallery 955,40.779871074,-73.964478802,False,7795a0bab88394589fffb61ac45c8399
956,Fifteenth-Century Sienese Paintings,Robert Lehman Collection,1,Gallery 956,40.77978935,-73.964485745,False,9e8c086aef54307bad4c660acc4e1257
956,Fifteenth-Century Sienese Paintings,Robert Lehman Collection,1,Gallery 956,40.77978935,-73.964485745,False,9e8c086aef54307bad4c660acc4e1257
956,Fifteenth-Century Sienese Paintings,Robert Lehman Collection,1,Gallery 956,40.77978935,-73.964485745,False,9e8c086aef54307bad4c660acc4e1257
956,Fifteenth-Century Sienese Paintings,Robert Lehman Collection,1,Gallery 956,40.77978935,-73.964485745,False,9e8c086aef54307bad4c660acc4e1257
956,Fifteenth-Century Sienese Paintings,Robert Lehman Collection,1,Gallery 956,40.77978935,-73.964485745,False,9e8c086aef54307bad4c660acc4e1257
956,Fifteenth-Century Sienese Paintings,Robert Lehman Collection,1,Gallery 956,40.77978935,-73.964485745,False,9e8c086aef54307bad4c660acc4e1257
956,Fifteenth-Century Sienese Paintings,Robert Lehman Collection,1,Gallery 956,40.77978935,-73.964485745,False,9e8c086aef54307bad4c660acc4e1257
957,Eighteenth- and Nineteenth-Century European Paintings,Robert Lehman Collection,1,Gallery 957,40.779737431,-73.96446616,False,860834827542e2f2bbd2c5a0e7907772
957,Eighteenth- and Nineteenth-Century European Paintings,Robert Lehman Collection,1,Gallery 957,40.779737431,-73.96446616,False,860834827542e2f2bbd2c5a0e7907772
957,Eighteenth- and Nineteenth-Century European Paintings,Robert Lehman Collection,1,Gallery 957,40.779737431,-73.96446616,False,860834827542e2f2bbd2c5a0e7907772
957,Eighteenth- and Nineteenth-Century European Paintings,Robert Lehman Collection,1,Gallery 957,40.779737431,-73.96446616,False,860834827542e2f2bbd2c5a0e7907772
957,Eighteenth- and Nineteenth-Century European Paintings,Robert Lehman Collection,1,Gallery 957,40.779737431,-73.96446616,False,860834827542e2f2bbd2c5a0e7907772
957,Eighteenth- and Nineteenth-Century European Paintings,Robert Lehman Collection,1,Gallery 957,40.779737431,-73.96446616,False,860834827542e2f2bbd2c5a0e7907772
957,Eighteenth- and Nineteenth-Century European Paintings,Robert Lehman Collection,1,Gallery 957,40.779737431,-73.96446616,False,860834827542e2f2bbd2c5a0e7907772
958,Seventeenth-Century European Paintings,Robert Lehman Collection,1,Gallery 958,40.779682304,-73.964445426,False,f4484716c57a8c2c66ae1c4fed879785
958,Seventeenth-Century European Paintings,Robert Lehman Collection,1,Gallery 958,40.779682304,-73.964445426,False,f4484716c57a8c2c66ae1c4fed879785
958,Seventeenth-Century European Paintings,Robert Lehman Collection,1,Gallery 958,40.779682304,-73.964445426,False,f4484716c57a8c2c66ae1c4fed879785
958,Seventeenth-Century European Paintings,Robert Lehman Collection,1,Gallery 958,40.779682304,-73.964445426,False,f4484716c57a8c2c66ae1c4fed879785
958,Seventeenth-Century European Paintings,Robert Lehman Collection,1,Gallery 958,40.779682304,-73.964445426,False,f4484716c57a8c2c66ae1c4fed879785
958,Seventeenth-Century European Paintings,Robert Lehman Collection,1,Gallery 958,40.779682304,-73.964445426,False,f4484716c57a8c2c66ae1c4fed879785
958,Seventeenth-Century European Paintings,Robert Lehman Collection,1,Gallery 958,40.779682304,-73.964445426,False,f4484716c57a8c2c66ae1c4fed879785
959,Fifteenth-Century Central and Northern Italian Paintings/Flemish Tapestries,Robert Lehman Collection,1,Gallery 959,40.779622853,-73.964428034,False,ef395ddc79682cbdcf0fa69fc7d0c360
959,Fifteenth-Century Central and Northern Italian Paintings/Flemish Tapestries,Robert Lehman Collection,1,Gallery 959,40.779622853,-73.964428034,False,ef395ddc79682cbdcf0fa69fc7d0c360
959,Fifteenth-Century Central and Northern Italian Paintings/Flemish Tapestries,Robert Lehman Collection,1,Gallery 959,40.779622853,-73.964428034,False,ef395ddc79682cbdcf0fa69fc7d0c360
959,Fifteenth-Century Central and Northern Italian Paintings/Flemish Tapestries,Robert Lehman Collection,1,Gallery 959,40.779622853,-73.964428034,False,ef395ddc79682cbdcf0fa69fc7d0c360
959,Fifteenth-Century Central and Northern Italian Paintings/Flemish Tapestries,Robert Lehman Collection,1,Gallery 959,40.779622853,-73.964428034,False,ef395ddc79682cbdcf0fa69fc7d0c360
959,Fifteenth-Century Central and Northern Italian Paintings/Flemish Tapestries,Robert Lehman Collection,1,Gallery 959,40.779622853,-73.964428034,False,ef395ddc79682cbdcf0fa69fc7d0c360
959,Fifteenth-Century Central and Northern Italian Paintings/Flemish Tapestries,Robert Lehman Collection,1,Gallery 959,40.779622853,-73.964428034,False,ef395ddc79682cbdcf0fa69fc7d0c360
960,Drawings Exhibition,Robert Lehman Collection,1,Gallery 960,40.779578091,-73.964377308,False,a08d1a8abe5862dc785f1eb93efbbe7c
960,Drawings Exhibition,Robert Lehman Collection,1,Gallery 960,40.779578091,-73.964377308,False,a08d1a8abe5862dc785f1eb93efbbe7c
960,Drawings Exhibition,Robert Lehman Collection,1,Gallery 960,40.779578091,-73.964377308,False,a08d1a8abe5862dc785f1eb93efbbe7c
960,Drawings Exhibition,Robert Lehman Collection,1,Gallery 960,40.779578091,-73.964377308,False,a08d1a8abe5862dc785f1eb93efbbe7c
960,Drawings Exhibition,Robert Lehman Collection,1,Gallery 960,40.779578091,-73.964377308,False,a08d1a8abe5862dc785f1eb93efbbe7c
960,Drawings Exhibition,Robert Lehman Collection,1,Gallery 960,40.779578091,-73.964377308,False,a08d1a8abe5862dc785f1eb93efbbe7c
960,Drawings Exhibition,Robert Lehman Collection,1,Gallery 960,40.779578091,-73.964377308,False,a08d1a8abe5862dc785f1eb93efbbe7c
961,Nineteenth- and Twentieth-Century European Paintings,Robert Lehman Collection,1,Gallery 961,40.779646777,-73.96421052,False,a20af4054482428941b0e6aaa105ab96
961,Nineteenth- and Twentieth-Century European Paintings,Robert Lehman Collection,1,Gallery 961,40.779646777,-73.96421052,False,a20af4054482428941b0e6aaa105ab96
961,Nineteenth- and Twentieth-Century European Paintings,Robert Lehman Collection,1,Gallery 961,40.779646777,-73.96421052,False,a20af4054482428941b0e6aaa105ab96
961,Nineteenth- and Twentieth-Century European Paintings,Robert Lehman Collection,1,Gallery 961,40.779646777,-73.96421052,False,a20af4054482428941b0e6aaa105ab96
961,Nineteenth- and Twentieth-Century European Paintings,Robert Lehman Collection,1,Gallery 961,40.779646777,-73.96421052,False,a20af4054482428941b0e6aaa105ab96
961,Nineteenth- and Twentieth-Century European Paintings,Robert Lehman Collection,1,Gallery 961,40.779646777,-73.96421052,False,a20af4054482428941b0e6aaa105ab96
961,Nineteenth- and Twentieth-Century European Paintings,Robert Lehman Collection,1,Gallery 961,40.779646777,-73.96421052,False,a20af4054482428941b0e6aaa105ab96
962,Nineteenth- and Twentieth-Century European Paintings,Robert Lehman Collection,1,Gallery 962,40.779817124,-73.964086698,False,6cd4126921709122befebcd0198c2c0f
962,Nineteenth- and Twentieth-Century European Paintings,Robert Lehman Collection,1,Gallery 962,40.779817124,-73.964086698,False,6cd4126921709122befebcd0198c2c0f
962,Nineteenth- and Twentieth-Century European Paintings,Robert Lehman Collection,1,Gallery 962,40.779817124,-73.964086698,False,6cd4126921709122befebcd0198c2c0f
962,Nineteenth- and Twentieth-Century European Paintings,Robert Lehman Collection,1,Gallery 962,40.779817124,-73.964086698,False,6cd4126921709122befebcd0198c2c0f
962,Nineteenth- and Twentieth-Century European Paintings,Robert Lehman Collection,1,Gallery 962,40.779817124,-73.964086698,False,6cd4126921709122befebcd0198c2c0f
962,Nineteenth- and Twentieth-Century European Paintings,Robert Lehman Collection,1,Gallery 962,40.779817124,-73.964086698,False,6cd4126921709122befebcd0198c2c0f
962,Nineteenth- and Twentieth-Century European Paintings,Robert Lehman Collection,1,Gallery 962,40.779817124,-73.964086698,False,6cd4126921709122befebcd0198c2c0f
963,Nineteenth- and Twentieth-Century European Paintings,Robert Lehman Collection,G,Gallery 963,40.779760418,-73.964277618,False,4eec5fd794deaace13b23a923e0218cb
963,Nineteenth- and Twentieth-Century European Paintings,Robert Lehman Collection,G,Gallery 963,40.779760418,-73.964277618,False,4eec5fd794deaace13b23a923e0218cb
963,Nineteenth- and Twentieth-Century European Paintings,Robert Lehman Collection,G,Gallery 963,40.779760418,-73.964277618,False,4eec5fd794deaace13b23a923e0218cb
963,Nineteenth- and Twentieth-Century European Paintings,Robert Lehman Collection,G,Gallery 963,40.779760418,-73.964277618,False,4eec5fd794deaace13b23a923e0218cb
963,Nineteenth- and Twentieth-Century European Paintings,Robert Lehman Collection,G,Gallery 963,40.779760418,-73.964277618,False,4eec5fd794deaace13b23a923e0218cb
963,Nineteenth- and Twentieth-Century European Paintings,Robert Lehman Collection,G,Gallery 963,40.779760418,-73.964277618,False,4eec5fd794deaace13b23a923e0218cb
963,Nineteenth- and Twentieth-Century European Paintings,Robert Lehman Collection,G,Gallery 963,40.779760418,-73.964277618,False,4eec5fd794deaace13b23a923e0218cb
980,Lizzie and Jonathan Tisch Gallery,Lizzie and Jonathan Tisch Gallery in the Anna Wintour Costume Center,G,Gallery 980,40.780043485,-73.96222916,True,6013913671a002617878f6b8aab93268
980,Lizzie and Jonathan Tisch Gallery,Lizzie and Jonathan Tisch Gallery in the Anna Wintour Costume Center,G,Gallery 980,40.780043485,-73.96222916,True,6013913671a002617878f6b8aab93268
980,Lizzie and Jonathan Tisch Gallery,Lizzie and Jonathan Tisch Gallery in the Anna Wintour Costume Center,G,Gallery 980,40.780043485,-73.96222916,True,6013913671a002617878f6b8aab93268
980,Lizzie and Jonathan Tisch Gallery,Lizzie and Jonathan Tisch Gallery in the Anna Wintour Costume Center,G,Gallery 980,40.780043485,-73.96222916,True,6013913671a002617878f6b8aab93268
980,Lizzie and Jonathan Tisch Gallery,Lizzie and Jonathan Tisch Gallery in the Anna Wintour Costume Center,G,Gallery 980,40.780043485,-73.96222916,True,6013913671a002617878f6b8aab93268
980,Lizzie and Jonathan Tisch Gallery,Lizzie and Jonathan Tisch Gallery in the Anna Wintour Costume Center,G,Gallery 980,40.780043485,-73.96222916,True,6013913671a002617878f6b8aab93268
980,Lizzie and Jonathan Tisch Gallery,Lizzie and Jonathan Tisch Gallery in the Anna Wintour Costume Center,G,Gallery 980,40.780043485,-73.96222916,True,6013913671a002617878f6b8aab93268
981,Carl and Iris Barrel Apfel Gallery,Carl and Iris Barrel Apfel Gallery in the Anna Wintour Costume Center,G,Gallery 981,40.779870921,-73.96221378,True,cef9d905f23876aa24a4439e1f1b7934
981,Carl and Iris Barrel Apfel Gallery,Carl and Iris Barrel Apfel Gallery in the Anna Wintour Costume Center,G,Gallery 981,40.779870921,-73.96221378,True,cef9d905f23876aa24a4439e1f1b7934
981,Carl and Iris Barrel Apfel Gallery,Carl and Iris Barrel Apfel Gallery in the Anna Wintour Costume Center,G,Gallery 981,40.779870921,-73.96221378,True,cef9d905f23876aa24a4439e1f1b7934
981,Carl and Iris Barrel Apfel Gallery,Carl and Iris Barrel Apfel Gallery in the Anna Wintour Costume Center,G,Gallery 981,40.779870921,-73.96221378,True,cef9d905f23876aa24a4439e1f1b7934
981,Carl and Iris Barrel Apfel Gallery,Carl and Iris Barrel Apfel Gallery in the Anna Wintour Costume Center,G,Gallery 981,40.779870921,-73.96221378,True,cef9d905f23876aa24a4439e1f1b7934
981,Carl and Iris Barrel Apfel Gallery,Carl and Iris Barrel Apfel Gallery in the Anna Wintour Costume Center,G,Gallery 981,40.779870921,-73.96221378,True,cef9d905f23876aa24a4439e1f1b7934
981,Carl and Iris Barrel Apfel Gallery,Carl and Iris Barrel Apfel Gallery in the Anna Wintour Costume Center,G,Gallery 981,40.779870921,-73.96221378,True,cef9d905f23876aa24a4439e1f1b7934
746 North,The Magical City: George Morrison’s New York,,1,Gallery 746 North,40.780609142,-73.96337278,False,790eb5f1360d941323073f88b40620a3
746 North,The Magical City: George Morrison’s New York,,1,Gallery 746 North,40.780609142,-73.96337278,False,790eb5f1360d941323073f88b40620a3
746 North,The Magical City: George Morrison’s New York,,1,Gallery 746 North,40.780609142,-73.96337278,False,790eb5f1360d941323073f88b40620a3
746 North,The Magical City: George Morrison’s New York,,1,Gallery 746 North,40.780609142,-73.96337278,False,790eb5f1360d941323073f88b40620a3
746 North,The Magical City: George Morrison’s New York,,1,Gallery 746 North,40.780609142,-73.96337278,False,790eb5f1360d941323073f88b40620a3
746 North,The Magical City: George Morrison’s New York,,1,Gallery 746 North,40.780609142,-73.96337278,False,790eb5f1360d941323073f88b40620a3
746 North,The Magical City: George Morrison’s New York,,1,Gallery 746 North,40.780609142,-73.96337278,False,790eb5f1360d941323073f88b40620a3
746 South,Art of Native America: The Charles and Valerie Diker Collection,,1,Gallery 746 South,40.780558658,-73.963518001,False,75c6c6fa92e258f0c8b82efb024533cc
746 South,Art of Native America: The Charles and Valerie Diker Collection,,1,Gallery 746 South,40.780558658,-73.963518001,False,75c6c6fa92e258f0c8b82efb024533cc
746 South,Art of Native America: The Charles and Valerie Diker Collection,,1,Gallery 746 South,40.780558658,-73.963518001,False,75c6c6fa92e258f0c8b82efb024533cc
746 South,Art of Native America: The Charles and Valerie Diker Collection,,1,Gallery 746 South,40.780558658,-73.963518001,False,75c6c6fa92e258f0c8b82efb024533cc
746 South,Art of Native America: The Charles and Valerie Diker Collection,,1,Gallery 746 South,40.780558658,-73.963518001,False,75c6c6fa92e258f0c8b82efb024533cc
746 South,Art of Native America: The Charles and Valerie Diker Collection,,1,Gallery 746 South,40.780558658,-73.963518001,False,75c6c6fa92e258f0c8b82efb024533cc
746 South,Art of Native America: The Charles and Valerie Diker Collection,,1,Gallery 746 South,40.780558658,-73.963518001,False,75c6c6fa92e258f0c8b82efb024533cc
774a,Baseball Cards from the Collection of Jefferson R. Burdick,,1M,Gallery 774a,40.780439235,-73.96357125,True,ea049e6915b57651ea2e4262ba1f22fc
774a,Baseball Cards from the Collection of Jefferson R. Burdick,,1M,Gallery 774a,40.780439235,-73.96357125,True,ea049e6915b57651ea2e4262ba1f22fc
774a,Baseball Cards from the Collection of Jefferson R. Burdick,,1M,Gallery 774a,40.780439235,-73.96357125,True,ea049e6915b57651ea2e4262ba1f22fc
774a,Baseball Cards from the Collection of Jefferson R. Burdick,,1M,Gallery 774a,40.780439235,-73.96357125,True,ea049e6915b57651ea2e4262ba1f22fc
774a,Baseball Cards from the Collection of Jefferson R. Burdick,,1M,Gallery 774a,40.780439235,-73.96357125,True,ea049e6915b57651ea2e4262ba1f22fc
774a,Baseball Cards from the Collection of Jefferson R. Burdick,,1M,Gallery 774a,40.780439235,-73.96357125,True,ea049e6915b57651ea2e4262ba1f22fc
774a,Baseball Cards from the Collection of Jefferson R. Burdick,,1M,Gallery 774a,40.780439235,-73.96357125,True,ea049e6915b57651ea2e4262ba1f22fc
